Date,Open,High,Low,Close,Adj_Close,Volume
2020-01-02,35.34999847,35.65999985,35.29000092,35.63999939,30.42945099,37614200
2020-01-03,34.97999954,35.15000153,34.75999832,34.90000153,29.79764748,50357900
2020-01-06,34.40999985,34.90000153,34.36999893,34.84999847,29.75495148,42185000
2020-01-07,34.70000076,34.91999817,34.52999878,34.61999893,29.55857086,34149000
2020-01-08,34.56999969,35.18999863,34.54999924,34.97000122,29.8574028,45311600
2020-01-09,35.29999924,35.33000183,34.93999863,35.02999878,29.90863037,39861600
2020-01-10,35.0,35.06999969,34.65999985,34.74000168,29.66103363,39730400
2020-01-13,34.84000015,35.06999969,34.65999985,35.06000137,29.93424797,37956100
2020-01-14,35.29999924,35.66999817,35.11000061,35.31999969,30.15623665,66719300
2020-01-15,34.77000046,34.79000092,34.34000015,34.66999817,29.60127068,74745500
2020-01-16,34.90000153,34.99000168,34.59999847,34.72000122,29.64396286,50368500
2020-01-17,34.91999817,34.95000076,34.59999847,34.70999908,29.63542747,54156100
2020-01-21,34.41999817,34.52000046,34.22000122,34.25999832,29.25120926,50811000
2020-01-22,34.36999893,34.45000076,34.22999954,34.36000061,29.33659744,38879700
2020-01-23,34.09000015,34.25999832,33.72999954,34.11999893,29.13167763,45717100
2020-01-24,34.11999893,34.13999939,33.27000046,33.54000092,28.63647461,47797200
2020-01-27,32.56999969,33.13000107,32.47000122,32.84999847,28.04734993,57096200
2020-01-28,33.02000046,33.49000168,32.95000076,33.24000168,28.38033104,38834600
2020-01-29,33.33000183,33.43999863,32.97999954,33.00999832,28.18395424,37414700
2020-01-30,32.70000076,33.52000046,32.66999817,33.47999954,28.58524704,50542800
2020-01-31,33.06999969,33.16999817,32.65000153,32.83000183,28.03027725,54845300
2020-02-03,33.0,33.40000153,32.91999817,32.97000122,28.14980888,48485500
2020-02-04,33.56000137,33.90000153,33.52999878,33.61999893,28.70477104,45061600
2020-02-05,34.09999847,34.81000137,34.06999969,34.70999908,29.63542747,54604800
2020-02-06,34.93999863,35.00999832,34.59999847,34.66999817,29.60127068,39511500
2020-02-07,34.31999969,34.65999985,34.24000168,34.61000061,29.55003357,31263000
2020-02-10,34.43999863,34.68999863,34.38000107,34.68999863,29.61834145,24373800
2020-02-11,34.84999847,35.04000092,34.75999832,34.77000046,29.68665314,32476300
2020-02-12,35.08000183,35.45000076,34.77999878,34.91999817,29.81472397,36656700
2020-02-13,34.75999832,35.02999878,34.54999924,34.90999985,29.80618286,31775100
2020-02-14,34.88000107,34.95999908,34.70000076,34.84999847,29.75495148,26447700
2020-02-18,34.77000046,34.83000183,34.00999832,34.27000046,29.25975037,40318000
2020-02-19,34.45000076,34.84999847,34.40999985,34.72000122,29.64396286,29632100
2020-02-20,34.45999908,35.08000183,34.45999908,34.84999847,29.75495148,42604100
2020-02-21,34.52999878,34.63999939,34.13999939,34.36000061,29.33659744,46675500
2020-02-24,33.18000031,33.20999908,32.52000046,32.72999954,27.9448967,79159600
2020-02-25,32.68999863,32.75999832,30.84000015,31.07999992,26.53612328,91586800
2020-02-26,31.38999939,31.60000038,30.55999947,30.62999916,26.15191078,80012800
2020-02-27,29.54999924,30.29999924,28.90999985,29.12999916,24.87121201,121148300
2020-02-28,28.0,28.75,27.70000076,28.5,24.3333168,171198800
2020-03-02,28.35000038,29.37999916,27.44000053,29.37000084,25.07612419,147776300
2020-03-03,29.37000084,29.75,27.62000084,27.75,23.69297028,138698500
2020-03-04,28.25,28.42000008,27.39999962,28.38999939,24.23939896,111239800
2020-03-05,27.23999977,27.35000038,26.39999962,26.78000069,23.01067543,110878700
2020-03-06,25.46999931,26.20999908,25.10000038,25.70999908,22.09127426,119121200
2020-03-09,22.22999954,23.48999977,21.51000023,21.93000031,18.84331894,145196000
2020-03-10,23.25,23.68000031,21.59000015,23.61000061,20.2868557,134863600
2020-03-11,22.84000015,23.95999908,22.26000023,22.67000008,19.47916603,127347000
2020-03-12,20.59000015,22.87000084,20.14999962,20.51000023,17.62318802,139552600
2020-03-13,22.19000053,24.25,21.47999954,24.15999985,20.75944138,128357400
2020-03-16,19.85000038,21.72999954,19.57999992,20.44000053,17.56304359,121688800
2020-03-17,21.05999947,22.69000053,20.03000069,21.97999954,18.88628006,120065700
2020-03-18,20.27000046,20.96999931,19.70000076,20.79000092,17.86377525,148272500
2020-03-19,20.26000023,21.75,19.0,21.20000076,18.21606445,122461300
2020-03-20,21.76000023,21.84000015,19.55999947,19.67000008,16.90141487,150910400
2020-03-23,19.26000023,19.67000008,17.95000076,18.07999992,15.53521252,181898500
2020-03-24,19.42000008,21.14999962,19.01000023,21.03000069,18.06999779,147882400
2020-03-25,21.70999908,22.10000038,20.40999985,21.10000038,18.13014221,146991300
2020-03-26,21.30999947,22.95000076,21.17000008,22.71999931,19.52212906,116111400
2020-03-27,21.68000031,22.20000076,21.10000038,21.60000038,18.55976295,91522800
2020-03-30,21.64999962,22.35000038,21.27000046,22.04000092,18.93783569,80449100
2020-03-31,21.81999969,22.48999977,20.95999908,21.22999954,18.24185181,95213700
2020-04-01,19.93000031,20.35000038,19.51000023,19.77000046,16.98733711,83961300
2020-04-02,19.64999962,20.79000092,19.59000015,20.56999969,17.67474365,70007400
2020-04-03,20.39999962,20.73999977,19.68000031,20.03000069,17.21074867,68293500
2020-04-06,21.03000069,21.60000038,20.80999947,21.38999939,18.37932587,97766200
2020-04-07,22.79999924,22.87999916,21.85000038,22.13999939,19.02375984,94560300
2020-04-08,22.40999985,23.60000038,22.40999985,23.45000076,20.14937973,81212300
2020-04-09,24.06999969,25.31999969,24.04999924,24.86000061,21.36091995,125275700
2020-04-13,24.78000069,24.85000038,23.78000069,23.92000008,20.55322647,83164700
2020-04-14,24.5,24.64999962,23.10000038,23.72999954,20.38996696,88991100
2020-04-15,22.15999985,22.64999962,21.90999985,22.19000053,19.06672478,99082200
2020-04-16,22.14999962,22.20999908,21.09000015,21.42000008,18.40510559,89213300
2020-04-17,22.34000015,23.39999962,22.30999947,23.28000069,20.00330734,92800300
2020-04-20,22.56999969,23.12999916,22.18000031,22.5,19.33308983,74446300
2020-04-21,21.89999962,22.37000084,21.5,21.63999939,18.59413719,78871300
2020-04-22,22.15999985,22.22999954,21.75,21.79999924,18.73161507,49669500
2020-04-23,21.95999908,22.38999939,21.85000038,21.87000084,18.79176521,50614800
2020-04-24,22.11000061,22.29999924,21.67000008,22.18000031,19.05813408,47633500
2020-04-27,22.52000046,23.64999962,22.45000076,23.46999931,20.16656303,66916700
2020-04-28,24.45000076,24.80999947,23.85000038,23.88999939,20.52744484,65504900
2020-04-29,24.90999985,25.11000061,24.51000023,24.78000069,21.2921772,73493900
2020-04-30,24.20999908,24.37999916,23.85000038,24.04999924,20.66492271,55244100
2020-05-01,23.37999916,23.45999908,22.80999947,23.07999992,19.83145142,51772600
2020-05-04,22.70000076,22.98999977,22.43000031,22.93000031,19.70256805,45886100
2020-05-05,23.47999954,23.52000046,22.62000084,22.65999985,19.47057152,45691900
2020-05-06,23.0,23.07999992,22.22999954,22.35000038,19.20420456,53874600
2020-05-07,22.65999985,23.37000084,22.61000061,22.84000015,19.6252327,51884300
2020-05-08,23.46999931,23.62000084,23.25,23.56999969,20.25248528,45181000
2020-05-11,23.11000061,23.12000084,22.55999947,22.57999992,19.40182495,68951800
2020-05-12,22.70999908,22.81999969,21.85000038,21.87000084,18.79176521,69588700
2020-05-13,21.65999985,21.75,20.71999931,20.87000084,17.93251991,112113400
2020-05-14,20.29000092,21.79000092,20.10000038,21.70999908,18.65428352,88359100
2020-05-15,21.39999962,21.70000076,21.22999954,21.44000053,18.42228699,64484000
2020-05-18,22.42000008,23.05999947,22.06999969,22.93000031,19.70256805,86589400
2020-05-19,22.65999985,23.0,22.19000053,22.20999908,19.08390808,62179000
2020-05-20,22.68000031,23.0,22.63999939,22.90999985,19.68538666,59789500
2020-05-21,22.80999947,23.27000046,22.78000069,22.89999962,19.67679214,57726000
2020-05-22,22.93000031,22.95000076,22.45999908,22.65999985,19.47057152,48107000
2020-05-26,23.75,24.60000038,23.70000076,24.28000069,20.86255264,119485500
2020-05-27,26.06999969,26.17000008,24.96999931,25.97999954,22.32327271,117672700
2020-05-28,26.07999992,26.13999939,24.79000092,24.86000061,21.36091995,84340800
2020-05-29,24.42000008,24.90999985,24.05999947,24.12000084,20.72507477,113811100
2020-06-01,24.28000069,24.87000084,24.04999924,24.61000061,21.14611244,58375500
2020-06-02,24.95999908,25.38999939,24.55999947,24.84000015,21.34373474,71118100
2020-06-03,25.5,26.13999939,25.38999939,25.98999977,22.33186722,86744600
2020-06-04,25.70999908,26.82999992,25.56999969,26.78000069,23.17115402,94545300
2020-06-05,28.95000076,29.01000023,27.87999916,28.11000061,24.3219223,118767900
2020-06-08,28.59000015,28.89999962,28.13999939,28.54000092,24.69397354,79598500
2020-06-09,27.71999931,28.54000092,27.54999924,28.21999931,24.41709518,77773400
2020-06-10,27.96999931,28.10000038,26.51000023,26.60000038,23.01541138,90415300
2020-06-11,24.97999954,25.69000053,23.68000031,23.93000031,20.70521545,149875500
2020-06-12,25.03000069,25.04999924,24.04000092,24.78000069,21.44067001,73729700
2020-06-15,23.76000023,25.17000008,23.69000053,25.14999962,21.76080894,76538900
2020-06-16,26.18000031,26.23999977,24.86000061,25.79999924,22.3232193,96796500
2020-06-17,25.89999962,25.89999962,24.92000008,25.0,21.63101959,58349500
2020-06-18,24.70000076,25.48999977,24.57999992,25.04000092,21.66563416,53419000
2020-06-19,25.44000053,25.48999977,24.48999977,25.25,21.84733391,127563600
2020-06-22,24.88999939,25.03000069,24.61000061,24.62000084,21.30223274,55484300
2020-06-23,25.01000023,25.40999985,24.76000023,24.79000092,21.44932175,46108300
2020-06-24,24.54000092,24.54000092,23.68000031,23.80999947,20.60138893,75437100
2020-06-25,23.70000076,24.77000046,23.54999924,24.71999931,21.3887558,65031900
2020-06-26,24.09000015,24.11000061,23.02000046,23.14999962,20.03032684,118139200
2020-06-29,23.40999985,23.84000015,23.10000038,23.38999939,20.2379837,66269200
2020-06-30,23.20000076,23.90999985,23.10000038,23.75,20.54947281,61716200
2020-07-01,24.03000069,24.06999969,23.22999954,23.26000023,20.12550545,57379900
2020-07-02,23.84000015,23.98999977,23.21999931,23.29000092,20.15146065,56000200
2020-07-06,23.81999969,24.07999992,23.45999908,23.65999985,20.4716053,59589000
2020-07-07,23.37999916,23.38999939,22.89999962,23.01000023,19.90919304,60645800
2020-07-08,23.03000069,23.19000053,22.70000076,23.10000038,19.98706436,52922600
2020-07-09,22.94000053,23.15999985,22.38999939,22.77000046,19.70153427,79385900
2020-07-10,22.70999908,24.04999924,22.68000031,24.02000046,20.78308868,81142900
2020-07-13,24.37000084,24.51000023,23.86000061,24.19000053,20.9301796,73598100
2020-07-14,23.88999939,24.14999962,23.45000076,24.13999939,20.88691711,67423100
2020-07-15,24.76000023,24.87000084,24.28000069,24.60000038,21.28492546,57384400
2020-07-16,23.75,24.21999931,23.54000092,23.93000031,20.70521545,78067100
2020-07-17,23.87999916,23.97999954,23.20000076,23.21999931,20.09089851,66659100
2020-07-20,23.19000053,23.70000076,23.11000061,23.57999992,20.40238571,61114000
2020-07-21,23.70999908,24.47999954,23.69000053,24.42000008,21.12919044,75499300
2020-07-22,24.23999977,24.32999992,23.96999931,24.30999947,21.0340004,52193700
2020-07-23,24.52000046,24.63999939,24.11000061,24.54000092,21.23301125,61047600
2020-07-24,24.55999947,24.82999992,24.27000046,24.35000038,21.06862259,50217600
2020-07-27,24.21999931,24.27000046,23.87999916,24.13999939,20.88691711,54721300
2020-07-28,24.12999916,24.55999947,24.07999992,24.36000061,21.07727051,48406500
2020-07-29,24.36000061,25.29000092,24.19000053,25.27000046,21.86463928,71393500
2020-07-30,24.71999931,24.95000076,24.35000038,24.84000015,21.49258804,61755900
2020-07-31,24.93000031,24.95000076,24.45999908,24.87999916,21.5272007,61955800
2020-08-03,25.03000069,25.30999947,24.69000053,24.98999977,21.62237167,58284000
2020-08-04,24.95999908,25.05999947,24.86000061,25.01000023,21.63967323,37985300
2020-08-05,25.31999969,25.59000015,25.25,25.38999939,21.96846581,51322600
2020-08-06,25.45000076,25.67000008,25.28000069,25.46999931,22.03768349,51999700
2020-08-07,25.34000015,26.19000053,25.26000023,26.11000061,22.5914402,63354500
2020-08-10,26.30999947,26.80999947,26.20999908,26.55999947,22.98079681,64051100
2020-08-11,27.28000069,27.75,26.78000069,26.92000008,23.29228592,81441000
2020-08-12,27.47999954,27.56999969,26.40999985,26.72999954,23.12789536,61971300
2020-08-13,26.48999977,26.67000008,26.13999939,26.35000038,22.79910088,55955500
2020-08-14,26.05999947,26.65999985,25.92000008,26.46999931,22.90292931,50931900
2020-08-17,26.30999947,26.40999985,25.84000015,25.89999962,22.40974236,57518700
2020-08-18,25.87000084,25.98999977,25.45999908,25.53000069,22.08960152,45850100
2020-08-19,25.65999985,26.07999992,25.38999939,25.5,22.06364441,59856000
2020-08-20,25.15999985,25.32999992,25.02000046,25.10000038,21.71754646,49403700
2020-08-21,24.97999954,25.43000031,24.89999962,24.97999954,21.61371231,55010700
2020-08-24,25.21999931,25.70000076,25.04000092,25.69000053,22.22803879,54579500
2020-08-25,26.04000092,26.19000053,25.72999954,26.0,22.4962635,57304700
2020-08-26,25.94000053,25.94000053,25.54000092,25.55999947,22.11555481,39478000
2020-08-27,25.48999977,26.21999931,25.44000053,26.04999924,22.53952599,52934800
2020-08-28,26.39999962,26.46999931,25.98999977,26.29999924,22.75584221,46466400
2020-08-31,26.09000015,26.13999939,25.69000053,25.73999977,22.27130318,49416200
2020-09-01,25.57999992,25.89999962,25.39999962,25.70999908,22.24534416,46109200
2020-09-02,25.53000069,26.15999985,25.48999977,26.02000046,22.51356888,57300900
2020-09-03,26.20000076,26.62000084,25.45999908,25.65999985,22.35674286,86192500
2020-09-04,26.26000023,26.76000023,25.79999924,26.54000092,23.12346268,99621400
2020-09-08,26.13999939,26.31999969,25.38999939,25.47999954,22.19991684,74978600
2020-09-09,25.63999939,25.71999931,25.22999954,25.51000023,22.22604942,53822700
2020-09-10,25.70000076,25.88999939,25.07999992,25.13999939,21.9036808,56609600
2020-09-11,25.21999931,25.57999992,25.09000015,25.5,22.21733665,47708300
2020-09-14,25.67000008,25.98999977,25.54000092,25.75,22.43515396,47802400
2020-09-15,25.77000046,25.82999992,25.19000053,25.28000069,22.02565575,63820200
2020-09-16,25.28000069,25.90999985,25.04999924,25.60000038,22.30446625,64598600
2020-09-17,25.12999916,25.47999954,25.10000038,25.35000038,22.08665085,48862000
2020-09-18,25.14999962,25.57999992,25.10000038,25.20999908,21.96467209,94055800
2020-09-21,24.56999969,24.78000069,24.03000069,24.46999931,21.31993675,75218600
2020-09-22,24.27000046,24.60000038,23.80999947,23.94000053,20.85815811,68665300
2020-09-23,24.10000038,24.26000023,23.26000023,23.26000023,20.26569748,59950300
2020-09-24,23.37999916,23.81999969,22.95000076,23.34000015,20.33540344,53570700
2020-09-25,23.28000069,23.54999924,23.12999916,23.48999977,20.46608925,42111300
2020-09-28,23.87999916,24.30999947,23.79000092,24.09000015,20.98884583,47996900
2020-09-29,23.97999954,23.98999977,23.53000069,23.77000046,20.71004486,45695200
2020-09-30,23.78000069,24.31999969,23.77000046,24.09000015,20.98884583,56226100
2020-10-01,24.27000046,24.40999985,23.86000061,24.10000038,20.99756432,44782200
2020-10-02,23.63999939,24.43000031,23.56999969,24.20999908,21.09340286,51682100
2020-10-05,24.52000046,24.70999908,24.37999916,24.62000084,21.45062447,44396800
2020-10-06,24.92000008,25.19000053,24.28000069,24.37000084,21.23280716,67541100
2020-10-07,24.62999916,25.11000061,24.60000038,24.87999916,21.67715645,47648000
2020-10-08,24.95000076,25.29999924,24.80999947,25.23999977,21.99081039,52080600
2020-10-09,25.34000015,25.48999977,25.04000092,25.36000061,22.09536171,44511500
2020-10-12,25.29999924,25.82999992,25.23999977,25.68000031,22.37416458,48362900
2020-10-13,25.63999939,25.68000031,24.84000015,24.95000076,21.73814011,61186900
2020-10-14,24.35000038,24.59000015,23.59000015,23.62000084,20.57935524,127409500
2020-10-15,23.59000015,24.20000076,23.47999954,24.14999962,21.04112625,66832400
2020-10-16,24.20000076,24.35000038,23.94000053,24.23999977,21.11953926,58357700
2020-10-19,24.29999924,24.31999969,23.69000053,23.71999931,20.6664772,51377900
2020-10-20,23.88999939,24.47999954,23.87999916,24.13999939,21.0324173,62476400
2020-10-21,24.21999931,24.34000015,24.01000023,24.04999924,20.95399857,41564900
2020-10-22,24.04999924,24.90999985,24.0,24.87000084,21.66844177,55402000
2020-10-23,25.23999977,25.26000023,24.70999908,24.89999962,21.69457817,51007400
2020-10-26,24.46999931,24.57999992,24.14999962,24.54000092,21.3809185,59450200
2020-10-27,24.29000092,24.38999939,23.80999947,23.85000038,20.77974892,55009300
2020-10-28,23.40999985,23.65999985,23.12000084,23.46999931,20.44866562,81942500
2020-10-29,23.36000061,23.75,23.12000084,23.54000092,20.50965691,57490400
2020-10-30,23.48999977,23.84000015,23.23999977,23.70000076,20.64905739,66453400
2020-11-02,23.88999939,24.26000023,23.46999931,24.07999992,20.98013306,59756400
2020-11-03,24.57999992,24.94000053,24.51000023,24.69000053,21.51161385,65106200
2020-11-04,23.88999939,24.13999939,23.27000046,23.68000031,20.63163376,88845500
2020-11-05,23.89999962,24.79000092,23.86000061,24.61000061,21.4419117,74722600
2020-11-06,24.93000031,24.95999908,24.22999954,24.30999947,21.18052673,55454500
2020-11-09,26.60000038,28.27000046,26.29999924,27.76000023,24.18640327,178378800
2020-11-10,27.48999977,27.76000023,27.18000031,27.65999985,24.09927559,77694600
2020-11-11,27.75,27.77000046,27.12000084,27.34000015,23.82047081,48360900
2020-11-12,26.84000015,26.89999962,26.30999947,26.69000053,23.25415039,67912600
2020-11-13,26.87999916,27.20999908,26.76000023,27.0,23.5242424,52421000
2020-11-16,27.86000061,28.0,27.18000031,27.57999992,24.02957535,57396700
2020-11-17,27.25,27.60000038,27.01000023,27.54999924,24.00344086,46402300
2020-11-18,27.62999916,27.93000031,26.95999908,26.97999954,23.50681114,54416700
2020-11-19,26.93000031,27.01000023,26.64999962,26.97999954,23.50681114,46423000
2020-11-20,26.73999977,26.95000076,26.62999916,26.80999947,23.3586998,40538000
2020-11-23,27.11000061,27.52000046,27.05999947,27.38999939,23.86404037,45421200
2020-11-24,27.93000031,28.98999977,27.92000008,28.97999954,25.24935341,80387800
2020-11-25,28.70999908,29.04000092,28.47999954,29.03000069,25.29291344,57249900
2020-11-27,28.96999931,29.10000038,28.80999947,28.98999977,25.25806618,25971600
2020-11-30,28.71999931,28.86000061,28.10000038,28.15999985,24.53490829,63567900
2020-12-01,28.73999977,29.04000092,28.67000008,28.69000053,24.99668503,50255100
2020-12-02,28.69000053,29.18000031,28.53000069,29.05999947,25.31905365,45257500
2020-12-03,28.94000053,29.10000038,28.62999916,28.90999985,25.34535408,54013700
2020-12-04,29.20000076,29.43000031,29.0,29.29000092,25.67849922,66188200
2020-12-07,28.89999962,29.14999962,28.69000053,29.09000015,25.50315475,42197800
2020-12-08,28.86000061,29.14999962,28.77000046,28.93000031,25.36289024,33869100
2020-12-09,29.25,29.25,28.75,28.79999924,25.2489109,54886300
2020-12-10,28.62999916,29.12999916,28.46999931,29.11000061,25.52069092,58859600
2020-12-11,28.68000031,28.75,28.29999924,28.56999969,25.04727173,40538400
2020-12-14,28.92000008,28.95999908,28.13999939,28.21999931,24.74042892,40267100
2020-12-15,28.35000038,28.81999969,28.25,28.63999939,25.10864639,43672700
2020-12-16,28.79999924,28.81999969,28.44000053,28.71999931,25.17878342,42463200
2020-12-17,28.70999908,28.92000008,28.53000069,28.82999992,25.27521515,43182700
2020-12-18,28.88999939,29.10000038,28.56999969,28.67000008,25.13494301,82817200
2020-12-21,29.10000038,29.98999977,28.72999954,29.73999977,26.0730114,93397400
2020-12-22,29.78000069,29.78000069,29.17000008,29.20999908,25.60836029,39054300
2020-12-23,29.38999939,30.35000038,29.32999992,30.04999924,26.3447876,52537200
2020-12-24,30.27000046,30.27000046,29.73999977,29.95999908,26.26589012,22632300
2020-12-28,30.22999954,30.54999924,29.98999977,30.12999916,26.41492271,32861200
2020-12-29,30.17000008,30.25,29.93000031,30.01000023,26.3097229,33291900
2020-12-30,30.0,30.21999931,29.94000053,29.97999954,26.28342056,26370100
2020-12-31,30.01000023,30.38999939,29.89999962,30.30999947,26.57273102,28716000
2021-01-04,30.45999908,30.56999969,29.75,30.03000069,26.32725716,51483900
2021-01-05,30.17000008,30.54000092,29.90999985,30.26000023,26.52889633,48507000
2021-01-06,31.89999962,32.61999893,31.36000061,32.15000153,28.18585587,107002800
2021-01-07,33.31000137,33.61999893,32.84000015,32.86000061,28.80831146,74358500
2021-01-08,32.91999817,33.0,32.11000061,32.52999878,28.5189991,44641400
2021-01-11,32.09000015,33.13000107,31.89999962,33.06999969,28.9924202,51868200
2021-01-12,33.41999817,33.97000122,33.20000076,33.65999985,29.50967407,68166200
2021-01-13,33.43000031,33.68000031,33.09000015,33.45999908,29.33432579,43172800
2021-01-14,33.47999954,34.36999893,33.41999817,33.99000168,29.79898453,48483500
2021-01-15,33.29000092,33.63000107,32.70000076,33.00999832,28.93981361,57684300
2021-01-19,32.5,33.59999847,32.20000076,32.77000046,28.72941399,78130200
2021-01-20,32.75999832,32.79000092,32.15999985,32.34000015,28.35243225,53920000
2021-01-21,32.34000015,32.47999954,31.72999954,31.77000046,27.852705,49626600
2021-01-22,31.36000061,31.75,31.25,31.54999924,27.65984154,45314500
2021-01-25,31.27000046,31.29999924,30.56999969,31.15999985,27.3179245,48078400
2021-01-26,31.39999962,31.43000031,30.90999985,30.94000053,27.12505531,36373000
2021-01-27,30.30999947,30.43000031,29.67000008,29.82999992,26.1519146,63809200
2021-01-28,30.42000008,30.75,29.92000008,30.31999969,26.58149719,51223300
2021-01-29,30.39999962,30.5,29.59000015,29.64999962,25.99411392,64019100
2021-02-01,29.87000084,30.04000092,29.56999969,29.95999908,26.26589012,40985300
2021-02-02,30.57999992,31.20000076,30.54000092,31.03000069,27.20395851,53527000
2021-02-03,30.90999985,31.72999954,30.87999916,31.57999992,27.68613625,49404900
2021-02-04,31.79999924,32.52999878,31.78000069,32.5,28.49270058,51751900
2021-02-05,32.88999939,32.90999985,32.31999969,32.36999893,28.37872887,42008800
2021-02-08,32.43000031,33.27999878,32.40000153,33.09000015,29.00995445,46014100
2021-02-09,32.97000122,33.02000046,32.59000015,32.95000076,28.88721657,35868600
2021-02-10,33.11999893,33.41999817,32.86000061,32.97999954,28.91351509,45031900
2021-02-11,32.97000122,33.31000137,32.54999924,32.88000107,28.82584763,29479900
2021-02-12,33.0,33.45000076,32.90999985,33.36999893,29.25542641,37468300
2021-02-16,33.97999954,34.56000137,33.70000076,34.27000046,30.04446411,52802600
2021-02-17,34.04000092,34.56000137,33.79000092,34.40999985,30.16719437,45455300
2021-02-18,34.06000137,34.65000153,34.02000046,34.18999863,29.97431755,37541700
2021-02-19,34.20000076,34.72999954,34.18000031,34.54000092,30.28116989,54514100
2021-02-22,34.45000076,35.25,34.40999985,35.15000153,30.81594849,56783400
2021-02-23,35.41999817,35.88999939,35.13999939,35.52000046,31.14032364,67440700
2021-02-24,35.74000168,36.52000046,35.59999847,36.38000107,31.89429474,58139500
2021-02-25,36.95999908,37.02999878,35.75999832,35.93000031,31.49977875,74762000
2021-02-26,35.72999954,36.02999878,34.68000031,34.70999908,30.4302063,70933300
2021-03-01,35.52000046,36.04999924,35.24000168,35.79000092,31.37704849,45901700
2021-03-02,35.65000153,35.93999863,35.5,35.52999878,31.14909935,41167400
2021-03-03,35.97000122,36.97000122,35.84000015,36.41999817,31.92935181,66047000
2021-03-04,36.13999939,36.86999893,35.91999817,36.5,32.15843582,96512800
2021-03-05,37.02999878,37.59999847,36.16999817,36.93000031,32.53728485,74292300
2021-03-08,37.38000107,37.72999954,36.81999969,37.13000107,32.71349335,65335500
2021-03-09,36.54999924,37.15999985,35.81000137,36.31999969,31.99985123,63946000
2021-03-10,36.54000092,37.52999878,36.36999893,37.36999893,32.92494965,53365600
2021-03-11,37.27000046,37.79000092,36.84999847,37.24000168,32.81042099,45834000
2021-03-12,37.91999817,38.18000031,37.58000183,37.93999863,33.42714691,46069600
2021-03-15,38.02999878,38.06999969,37.22000122,37.75,33.25974655,50131600
2021-03-16,37.41999817,37.72000122,36.97000122,37.63999939,33.16283035,50300400
2021-03-17,38.0,38.36000061,37.33000183,37.95000076,33.43595505,63796000
2021-03-18,38.50999832,39.97000122,38.41999817,38.93999863,34.30820465,95439700
2021-03-19,38.29000092,38.91999817,37.52999878,38.52999878,33.94697571,106252700
2021-03-22,38.08000183,38.38000107,37.40000153,37.65999985,33.18046188,54701300
2021-03-23,37.36000061,37.81999969,36.77999878,36.90000153,32.51085663,49838000
2021-03-24,37.20999908,37.79000092,36.88999939,36.90000153,32.51085663,43896800
2021-03-25,36.86999893,37.75,36.63000107,37.65999985,33.18046188,47517900
2021-03-26,38.34999847,38.75999832,38.08000183,38.68000031,34.07914352,66846000
2021-03-29,38.04999924,38.63000107,37.86000061,38.31000137,33.7531395,45680000
2021-03-30,38.63000107,39.45999908,38.63000107,38.99000168,34.35226059,56705900
2021-03-31,38.61999893,38.99000168,38.45999908,38.68999863,34.08794022,49270000
2021-04-01,38.83000183,39.52000046,38.72000122,39.49000168,34.79277802,65587000
2021-04-05,40.0,40.27999878,39.59999847,39.79999924,35.06591415,50328500
2021-04-06,39.52999878,40.15000153,39.45999908,39.68999863,34.9689827,42590100
2021-04-07,39.77000046,40.15000153,39.59000015,40.04999924,35.28617477,43136400
2021-04-08,39.79999924,39.84999847,39.22000122,39.70000076,34.97781754,45285900
2021-04-09,39.90999985,40.18000031,39.50999832,39.99000168,35.23330307,45872900
2021-04-12,39.99000168,40.38000107,39.84999847,40.06000137,35.29498291,45544600
2021-04-13,39.81000137,39.81999969,39.20000076,39.31999969,34.64300156,46770400
2021-04-14,38.97999954,40.33000183,38.91999817,39.88000107,35.13639832,52023800
2021-04-15,39.72999954,39.84000015,38.04999924,38.74000168,34.13198471,118128900
2021-04-16,39.31000137,39.41999817,38.90999985,39.15000153,34.4932251,60633400
2021-04-19,39.38999939,39.43000031,39.02999878,39.16999817,34.51084518,42321100
2021-04-20,39.0,39.0,37.88999939,38.08000183,33.55049515,50834100
2021-04-21,37.75,38.77999878,37.40999985,38.72000122,34.11436844,37851800
2021-04-22,38.75,38.77000046,38.16999817,38.36000061,33.79719162,48093400
2021-04-23,38.31999969,39.34000015,38.22000122,39.18000031,34.51964951,48674100
2021-04-26,39.34999847,39.84999847,39.27999878,39.40999985,34.72229767,34699800
2021-04-27,39.66999817,39.91999817,39.50999832,39.88000107,35.13639832,34304800
2021-04-28,39.93000031,40.22000122,39.88000107,40.02999878,35.26854706,34084400
2021-04-29,40.54999924,41.13000107,40.45999908,41.11000061,36.22008514,44008700
2021-04-30,40.84000015,40.90000153,40.47000122,40.52999878,35.70907211,39203400
2021-05-03,40.86999893,41.04999924,40.41999817,40.56000137,35.73551178,41940500
2021-05-04,40.24000168,41.08000183,39.77999878,41.0,36.12317657,53880000
2021-05-05,41.20000076,41.56000137,40.75999832,41.38999939,36.46678162,37471100
2021-05-06,41.47999954,42.06000137,41.24000168,42.00999832,37.01303864,39044400
2021-05-07,41.13000107,42.25,41.11000061,42.18000031,37.16281509,39249200
2021-05-10,42.5,42.93999863,42.02999878,42.04999924,37.04827118,41271500
2021-05-11,41.54999924,42.34000015,41.34000015,41.56999969,36.6253624,42964700
2021-05-12,42.38000107,42.56000137,41.04000092,41.18000031,36.28177261,47533000
2021-05-13,40.86000061,42.09000015,40.77999878,41.84000015,36.86324692,42026100
2021-05-14,42.06000137,42.47999954,41.91999817,42.36000061,37.32139587,30932600
2021-05-17,42.24000168,42.84999847,42.15999985,42.74000168,37.65620422,32656400
2021-05-18,42.70000076,42.95000076,42.13999939,42.15999985,37.14520264,37880300
2021-05-19,41.65000153,42.0,41.31000137,41.97000122,36.97780228,42672800
2021-05-20,41.90000153,42.13000107,41.45999908,41.86999893,36.88969421,36871100
2021-05-21,42.02000046,42.59999847,41.88999939,42.40000153,37.35663605,40243800
2021-05-24,42.58000183,42.77999878,42.25,42.63000107,37.55929184,31390800
2021-05-25,42.68999863,43.25999832,41.93000031,42.00999832,37.01303864,52657700
2021-05-26,42.02000046,42.25,41.65999985,42.04000092,37.03945923,41332800
2021-05-27,42.47999954,42.84999847,42.11999893,42.54999924,37.48880768,52981100
2021-05-28,42.65999985,42.70999908,42.04999924,42.38999939,37.34783554,38509700
2021-06-01,42.95000076,43.27999878,42.77000046,42.91999817,37.81479263,42890700
2021-06-02,43.09999847,43.16999817,42.59999847,42.93999863,37.83241272,34180500
2021-06-03,42.77000046,43.49000168,42.68000031,43.25,38.26594543,46981200
2021-06-04,43.24000168,43.38999939,42.83000183,43.27000046,38.28364182,37192600
2021-06-07,43.27000046,43.38999939,43.06000137,43.11999893,38.15092468,28401900
2021-06-08,42.86000061,43.24000168,42.43000031,42.88000107,37.93858337,41871400
2021-06-09,42.47000122,42.72999954,42.11000061,42.31999969,37.44311905,42366300
2021-06-10,42.75999832,42.95999908,41.61999893,41.68999863,36.88571167,40123600
2021-06-11,41.81000137,41.88999939,41.50999832,41.86000061,37.03613663,31203600
2021-06-14,41.84999847,41.90999985,41.06000137,41.36000061,36.59374237,36050700
2021-06-15,41.27999878,41.56000137,40.90000153,41.38999939,36.62028885,39247900
2021-06-16,41.27999878,41.99000168,40.66999817,41.61999893,36.82377625,63859100
2021-06-17,42.02000046,42.09999847,39.72000122,39.79999924,35.21352386,80728200
2021-06-18,39.00999832,39.29999924,38.49000168,38.77999878,34.31105423,102774200
2021-06-21,39.11999893,39.77999878,39.02999878,39.75,35.16927338,48119400
2021-06-22,39.88000107,40.25999832,39.27999878,39.97000122,35.36392975,44113200
2021-06-23,40.15999985,40.41999817,40.06999969,40.20000076,35.56742477,32039900
2021-06-24,40.43999863,41.00999832,40.18000031,40.83000183,36.12482071,37161800
2021-06-25,41.27000046,41.83000183,40.84000015,41.61999893,36.82377625,53178800
2021-06-28,41.45999908,41.58000183,41.09999847,41.56000137,36.77070236,34416500
2021-06-29,41.63000107,41.95000076,40.75,40.88999939,36.17791367,38519600
2021-06-30,40.75999832,41.36000061,40.72000122,41.22999954,36.47872925,29159800
2021-07-01,41.56000137,41.70000076,41.20999908,41.54000092,36.75300598,28045100
2021-07-02,41.36999893,41.47000122,41.09999847,41.15000153,36.40794754,28980800
2021-07-06,40.81000137,40.88000107,39.86999893,40.06999969,35.45240784,47578700
2021-07-07,39.56999969,40.0,39.36000061,39.75,35.16927338,43499900
2021-07-08,38.61999893,39.24000168,38.47999954,38.77999878,34.31105423,52793100
2021-07-09,39.65000153,40.24000168,39.40000153,40.04000092,35.42585754,43887200
2021-07-12,39.79000092,40.81000137,39.63999939,40.63000107,35.94787979,42624500
2021-07-13,40.47999954,40.47999954,39.58000183,39.86000061,35.26660538,54338100
2021-07-14,39.11000061,39.54999924,37.79000092,38.86000061,34.38184357,105651700
2021-07-15,38.38999939,39.33000183,38.31999969,38.83000183,34.3553009,54697300
2021-07-16,39.22000122,39.29000092,37.59000015,37.91999817,33.55016708,60469700
2021-07-19,36.75,37.25,36.50999832,36.93000031,32.67425537,83251500
2021-07-20,36.86000061,38.11999893,36.61000061,37.68999863,33.34667206,59462900
2021-07-21,38.04999924,38.77000046,37.97999954,38.45999908,34.02793884,49907400
2021-07-22,38.36000061,38.40000153,37.68000031,37.95999908,33.58555222,52715600
2021-07-23,38.20000076,38.27000046,37.56000137,37.70000076,33.35552597,48659400
2021-07-26,37.65999985,38.24000168,37.65999985,38.13000107,33.73596954,32258000
2021-07-27,37.72000122,38.24000168,37.45999908,37.97999954,33.60326385,39121400
2021-07-28,38.18999863,38.5,37.75,38.13000107,33.73596954,43331100
2021-07-29,38.54999924,38.97999954,38.36999893,38.68000031,34.2225914,43039100
2021-07-30,38.50999832,38.83000183,38.04999924,38.36000061,33.93945694,46210100
2021-08-02,38.40000153,38.95000076,37.90999985,37.95999908,33.58555222,49894000
2021-08-03,38.06000137,38.63000107,37.54999924,38.54999924,34.10756302,39680600
2021-08-04,38.02999878,38.77000046,37.86000061,38.27000046,33.85984039,42289800
2021-08-05,38.56999969,39.06000137,38.54999924,39.02000046,34.52339935,34754500
2021-08-06,39.47000122,40.40999985,39.47000122,40.15000153,35.52318954,58022300
2021-08-09,40.04999924,40.95999908,39.79999924,40.66999817,35.98325729,56340100
2021-08-10,40.70999908,41.61999893,40.58000183,41.43000031,36.65568161,44987300
2021-08-11,41.59999847,42.18999863,41.47999954,41.95000076,37.1157608,58458200
2021-08-12,42.22999954,42.29000092,41.77000046,42.15000153,37.29271698,37400100
2021-08-13,42.09000015,42.22999954,41.43000031,41.63000107,36.8326416,41344900
2021-08-16,41.15999985,41.29999924,40.61000061,41.29000092,36.53181076,38599100
2021-08-17,41.04999924,41.56999969,40.61999893,41.09000015,36.35486603,43526900
2021-08-18,40.77000046,41.52999878,40.65999985,40.79000092,36.08943558,50342500
2021-08-19,40.11999893,40.66999817,40.00999832,40.18999863,35.55857468,51883900
2021-08-20,40.09000015,40.47000122,39.90999985,40.36999893,35.71782684,40415000
2021-08-23,40.63000107,41.09999847,40.59999847,40.90999985,36.19561386,35364500
2021-08-24,41.09999847,41.68000031,41.04000092,41.47999954,36.69990921,35579300
2021-08-25,41.65999985,42.45000076,41.54000092,42.15000153,37.29271698,51219900
2021-08-26,42.5,42.84000015,42.02000046,42.04000092,37.19538116,41184500
2021-08-27,42.11999893,42.65000153,41.93999863,42.49000168,37.59352493,46468600
2021-08-30,42.63000107,42.63000107,41.63000107,41.65999985,36.85917282,44855600
2021-08-31,41.66999817,42.06999969,41.36000061,41.75,36.93880844,54654600
2021-09-01,41.75,41.77999878,41.02999878,41.18999863,36.44332886,52361900
2021-09-02,41.11000061,41.49000168,40.63999939,41.02000046,36.47891235,44538900
2021-09-03,41.02000046,41.18999863,40.68000031,41.04999924,36.50558472,41812400
2021-09-07,41.25,41.84999847,41.18000031,41.31999969,36.74570084,43748600
2021-09-08,41.08000183,41.49000168,40.68000031,40.77999878,36.26548004,36064400
2021-09-09,40.65999985,41.34999847,40.56000137,40.93000031,36.39888,36266400
2021-09-10,41.22000122,41.34999847,40.24000168,40.27000046,35.81193542,40514700
2021-09-13,40.59999847,40.95999908,40.34999847,40.93999863,36.40776443,42036300
2021-09-14,41.13000107,41.31000137,39.65999985,39.84000015,35.42954254,53820400
2021-09-15,39.72999954,40.34000015,39.66999817,40.13999939,35.69633102,52358200
2021-09-16,40.47999954,40.81000137,40.20000076,40.45000076,35.97201538,42922000
2021-09-17,40.34000015,40.66999817,40.08000183,40.5,36.01647949,92746000
2021-09-20,39.38000107,39.45999908,38.36000061,39.11000061,34.78035355,67566200
2021-09-21,39.27000046,39.59999847,38.93999863,39.13000107,34.79814529,38271100
2021-09-22,39.75,40.52000046,39.75,40.13999939,35.69633102,46261400
2021-09-23,40.75999832,41.88000107,40.65000153,41.68999863,37.07472992,49779800
2021-09-24,41.72000122,42.34000015,41.65000153,42.13999939,37.47492599,39042300
2021-09-27,42.68000031,43.43000031,42.63999939,43.25999832,38.47093964,49755400
2021-09-28,43.43000031,44.04000092,43.06000137,43.15999985,38.38200378,60781200
2021-09-29,43.18000031,43.31999969,42.74000168,43.06999969,38.30195999,44260200
2021-09-30,43.34999847,43.34999847,42.22999954,42.45000076,37.75060654,47410800
2021-10-01,42.47999954,43.43000031,42.38999939,43.08000183,38.31085968,40987100
2021-10-04,43.11000061,44.06999969,43.06999969,43.34000015,38.54207611,48273400
2021-10-05,43.77000046,44.75,43.66999817,44.22000122,39.32466125,54070700
2021-10-06,43.84999847,44.29000092,43.54999924,44.24000168,39.34244537,47031700
2021-10-07,44.79000092,44.86999893,44.02999878,44.11999893,39.23572159,46258800
2021-10-08,44.06999969,44.81000137,43.91999817,44.34000015,39.4313736,39389400
2021-10-11,44.59999847,44.81000137,43.75,43.77999878,38.93335342,36283500
2021-10-12,43.66999817,44.0,43.27000046,43.54000092,38.71994019,36898300
2021-10-13,43.54999924,43.63999939,42.33000183,43.13999939,38.36420822,43908000
2021-10-14,44.36999893,45.09999847,43.47999954,45.06999969,40.08056259,82201000
2021-10-15,45.77000046,46.66999817,45.36000061,46.36999893,41.23664474,64264900
2021-10-18,46.29000092,46.88999939,46.02999878,46.27999878,41.15660095,49542500
2021-10-19,46.5,46.63000107,46.20000076,46.47999954,41.33446503,32515500
2021-10-20,46.49000168,47.24000168,46.04999924,47.09000015,41.87693405,40411000
2021-10-21,47.09999847,47.47999954,46.61000061,46.83000183,41.64571381,36848600
2021-10-22,46.99000168,47.61999893,46.99000168,47.56999969,42.30380249,36225600
2021-10-25,47.79999924,47.97999954,47.20000076,47.50999832,42.25043488,31679500
2021-10-26,47.65999985,48.43000031,47.43999863,47.95999908,42.65062714,35674800
2021-10-27,47.47999954,48.16999817,47.02999878,47.04000092,41.83247375,45790800
2021-10-28,47.59000015,48.0,47.29999924,47.77999878,42.49055099,37209600
2021-10-29,47.75,48.13000107,47.52000046,47.77999878,42.49055099,31756200
2021-11-01,48.09999847,48.16999817,47.27999878,47.84999847,42.55279922,36937200
2021-11-02,47.56999969,48.41999817,47.34999847,47.88000107,42.57948685,36283400
2021-11-03,47.79999924,48.68999863,47.61000061,48.36999893,43.0152359,42553000
2021-11-04,48.15000153,48.15000153,46.88000107,47.33000183,42.09036636,47646300
2021-11-05,47.59999847,47.81999969,46.81999969,46.97000122,41.7702179,38271200
2021-11-08,47.34999847,47.79999924,47.25,47.34000015,42.09926224,33815500
2021-11-09,46.65000153,47.36000061,46.40999985,46.88000107,41.69018173,36900300
2021-11-10,46.75,47.52000046,46.65000153,47.22999954,42.00144196,39385600
2021-11-11,47.31000137,47.88999939,47.00999832,47.49000168,42.23265457,31194800
2021-11-12,47.50999832,47.52999878,46.75999832,46.90999985,41.71686935,44268500
2021-11-15,47.25999832,47.38999939,46.90000153,47.04999924,41.841362,35335500
2021-11-16,47.18000031,47.27999878,46.68999863,47.08000183,41.86804581,35120800
2021-11-17,47.08000183,47.20000076,46.45000076,46.50999832,41.36114883,32963700
2021-11-18,46.70999908,46.81000137,46.20999908,46.31999969,41.19218063,30639000
2021-11-19,45.70000076,45.77000046,44.83000183,45.40000153,40.37402344,48429500
2021-11-22,46.72000122,46.86999893,45.90999985,46.27999878,41.15660095,53697100
2021-11-23,46.86999893,47.65000153,46.66999817,47.5,42.241539,49362900
2021-11-24,47.41999817,47.97999954,47.20999908,47.63000107,42.35716248,40060000
2021-11-26,45.52000046,46.04000092,44.75,45.75999832,40.69416809,55110100
2021-11-29,46.41999817,46.70000076,45.16999817,45.59000015,40.54298401,50231100
2021-11-30,44.75999832,45.22000122,44.36000061,44.47000122,39.546978,77193600
2021-12-01,45.22000122,45.70000076,43.81000137,43.84000015,38.98672485,60601600
2021-12-02,44.33000183,45.5,44.0,44.88999939,40.11262894,57821400
2021-12-03,45.0,45.06999969,43.59999847,43.86999893,39.2011795,74605300
2021-12-06,44.56000137,44.88000107,43.95999908,44.15000153,39.4513855,48193100
2021-12-07,44.56000137,44.90999985,44.43000031,44.70999908,39.95177841,40740800
2021-12-08,44.68000031,44.79999924,44.09000015,44.15999985,39.4603157,50560300
2021-12-09,43.90999985,44.72999954,43.65000153,44.49000168,39.75519943,37316700
2021-12-10,44.70999908,44.83000183,44.06999969,44.52000046,39.78200912,37700200
2021-12-13,44.27000046,44.40000153,43.38999939,43.58000183,38.94204712,38653900
2021-12-14,43.59000015,44.81999969,43.52999878,44.13000107,39.43351364,47099400
2021-12-15,44.36999893,44.45000076,43.61999893,43.93999863,39.26374054,60057100
2021-12-16,44.70000076,45.36000061,44.09000015,45.0,40.21092606,69487200
2021-12-17,44.5,44.70000076,43.61999893,43.88000107,39.21011353,124242400
2021-12-20,43.27000046,43.36000061,42.70000076,43.15999985,38.56673431,56455200
2021-12-21,43.54000092,44.47999954,43.54000092,44.18999863,39.4871254,47845600
2021-12-22,44.08000183,44.58000183,43.88000107,44.27999878,39.56755066,35715700
2021-12-23,44.68000031,45.06999969,44.40000153,44.41999817,39.69264984,34053500
2021-12-27,44.54999924,44.81999969,44.31000137,44.63999939,39.88923645,33879200
2021-12-28,44.47000122,45.08000183,44.41999817,44.70000076,39.94285202,32492400
2021-12-29,44.84999847,45.11999893,44.59999847,44.63000107,39.88029861,25294900
2021-12-30,44.75,45.09999847,44.47999954,44.52999878,39.79093933,23852200
2021-12-31,44.52000046,44.72000122,44.27999878,44.49000168,39.75519943,24253900
2022-01-03,45.09000015,46.49000168,44.97999954,46.18000031,41.2653389,58587900
2022-01-04,47.06000137,48.43000031,47.04000092,47.99000168,42.88271713,74606700
2022-01-05,48.13999939,48.36999893,47.15999985,47.18000031,42.15892029,57791600
2022-01-06,47.97999954,48.15999985,47.18999863,48.13000107,43.0078125,52040900
2022-01-07,48.15000153,49.31000137,48.06000137,49.18000031,43.94606018,59082600
2022-01-10,49.90999985,50.08000183,48.34000015,48.93000031,43.72267914,66839500
2022-01-11,48.99000168,49.25,48.63999939,49.20999908,43.97288132,40454400
2022-01-12,49.16999817,49.38000107,48.68000031,48.86000061,43.66012573,41378000
2022-01-13,48.91999817,49.49000168,48.63000107,48.75999832,43.57076263,46337500
2022-01-14,47.52000046,48.22999954,47.18999863,47.90999985,42.81122589,72953300
2022-01-18,47.84999847,47.91999817,46.04999924,46.25999832,41.33683395,65877400
2022-01-19,48.38999939,48.58000183,46.34999847,46.43999863,41.49767303,84451800
2022-01-20,46.68999863,47.04999924,45.65999985,45.75,40.88110352,46265300
2022-01-21,45.56999969,46.02000046,44.65999985,44.91999817,40.13943863,71303600
2022-01-24,43.90000153,44.68999863,42.59000015,44.54999924,39.808815,90672700
2022-01-25,44.29000092,45.56999969,43.83000183,45.43000031,40.59516525,73555300
2022-01-26,45.77999878,46.45999908,45.25999832,45.90000153,41.01514053,63735800
2022-01-27,46.36999893,46.75,45.09000015,45.47000122,40.63091278,63402400
2022-01-28,45.33000183,45.88999939,44.45000076,45.86999893,40.98833084,51048300
2022-01-31,45.52000046,46.27000046,45.22000122,46.13999939,41.229599,44793700
2022-02-01,46.20999908,47.09999847,45.90000153,46.93999863,41.94445801,40326600
2022-02-02,46.72000122,46.95999908,46.29999924,46.88999939,41.8997879,41125600
2022-02-03,47.22000122,47.29000092,46.34999847,46.43000031,41.48874283,35879900
2022-02-04,47.08000183,48.68999863,46.68000031,48.27999878,43.14185333,60297100
2022-02-07,48.56000137,48.75999832,47.99000168,48.50999832,43.34737778,44824800
2022-02-08,49.15000153,50.02000046,48.93999863,49.38000107,44.12479019,49560500
2022-02-09,49.22000122,49.79000092,49.02999878,49.27999878,44.03543854,33861100
2022-02-10,49.68000031,50.11000061,48.75999832,49.04999924,43.82989883,47082800
2022-02-11,48.63000107,49.43999863,47.5,47.91999817,42.82016373,61056000
2022-02-14,48.02000046,48.18999863,46.93999863,47.41999817,42.37336731,44791900
2022-02-15,48.0,48.36999893,47.56999969,47.79000092,42.70401001,42397600
2022-02-16,47.43999863,48.24000168,47.31000137,47.68000031,42.60570908,36664600
2022-02-17,47.0,47.29000092,45.95000076,46.06999969,41.16704559,49442400
2022-02-18,46.06999969,46.54000092,45.72000122,45.95999908,41.0687561,37856500
2022-02-22,45.16999817,45.97999954,45.04000092,45.56000137,40.71133041,51905600
2022-02-23,45.95000076,46.11000061,44.56999969,44.77999878,40.01433182,45704900
2022-02-24,43.0,43.68000031,42.04999924,43.59999847,38.95991135,80484800
2022-02-25,43.81000137,45.34999847,43.63000107,45.02000046,40.22879028,68530700
2022-02-28,43.72000122,44.25999832,43.43999863,44.20000076,39.49606705,69955300
2022-03-01,43.70999908,43.74000168,41.93000031,42.47000122,37.95018005,74895600
2022-03-02,42.74000168,43.54000092,42.61999893,43.15999985,38.56673431,70834600
2022-03-03,43.09000015,43.5,42.20999908,42.49000168,38.15368271,48733800
2022-03-04,41.43000031,41.43999863,40.31999969,40.95000076,36.77086258,75572800
2022-03-07,39.93000031,40.11000061,38.20999908,38.34000015,34.42721176,109779000
2022-03-08,39.06999969,39.65999985,38.16999817,38.59000015,34.65170288,76553800
2022-03-09,40.31000137,41.61000061,40.15999985,41.04000092,36.8516655,78207900
2022-03-10,40.29000092,41.47999954,40.11000061,40.66999817,36.51942062,48804400
2022-03-11,41.04000092,41.38000107,40.29000092,40.33000183,36.21412277,43946600
2022-03-14,40.90000153,42.18000031,40.90000153,41.20000076,36.99533844,54262400
2022-03-15,41.25999832,41.77999878,40.86999893,41.5,37.2647171,41395300
2022-03-16,42.24000168,43.04999924,41.91999817,42.79999924,38.4320488,59477600
2022-03-17,42.40999985,43.04000092,41.83000183,43.02999878,38.63857269,50260200
2022-03-18,42.75999832,42.93000031,42.25999832,42.90000153,38.52184677,74470600
2022-03-21,43.34999847,43.43000031,42.50999832,42.84000015,38.4679718,47106400
2022-03-22,43.81999969,44.63000107,43.70000076,44.18000031,39.67121506,52360600
2022-03-23,43.72000122,44.00999832,43.02999878,43.09000015,38.69245911,48539300
2022-03-24,43.38000107,43.43000031,42.88999939,43.06999969,38.6744957,30360800
2022-03-25,43.47999954,44.25999832,43.33000183,43.72999954,39.26713943,38968100
2022-03-28,43.70999908,43.75,42.83000183,43.54999924,39.10550308,37428600
2022-03-29,44.25,44.38999939,43.11000061,43.43999863,39.00673294,46355800
2022-03-30,43.43999863,43.65000153,42.75,43.0,38.61164474,36601800
2022-03-31,42.84000015,42.88999939,41.20000076,41.22000122,37.01329422,67902500
2022-04-01,41.68999863,41.74000168,40.34999847,40.90000153,36.72594833,61929200
2022-04-04,40.47999954,41.13999939,40.15999985,40.83000183,36.6631012,53761700
2022-04-05,40.43999863,40.75999832,40.04000092,40.13999939,36.04351807,51781700
2022-04-06,39.74000168,40.00999832,39.34999847,39.70000076,35.64842224,54159800
2022-04-07,39.88999939,39.97999954,38.84999847,39.38999939,35.37005997,54585000
2022-04-08,39.49000168,40.09999847,39.31999969,39.66999817,35.62149048,41018900
2022-04-11,39.47999954,40.40000153,39.38999939,39.59000015,35.54964828,34198700
2022-04-12,39.56999969,40.08000183,38.84999847,39.16999817,35.17250824,42855300
2022-04-13,38.5,39.00999832,38.36000061,38.81999969,34.85823059,45484200
2022-04-14,38.49000168,38.97000122,37.41999817,37.56999969,33.73579407,79032000
2022-04-18,37.41999817,39.31000137,37.22000122,38.84999847,34.88516617,80080300
2022-04-19,39.20999908,39.88000107,39.11000061,39.56999969,35.53168869,53714200
2022-04-20,40.15000153,40.36999893,39.61000061,39.65999985,35.61250305,47064300
2022-04-21,40.0,40.20999908,38.61999893,38.90999985,34.93904114,46245900
2022-04-22,38.81000137,38.84999847,37.5,37.56000137,33.72681808,50409800
2022-04-25,36.88999939,37.40000153,35.93000031,37.29000092,33.48436356,64301100
2022-04-26,36.88000107,37.54000092,36.41999817,36.45000076,32.73010254,44809900
2022-04-27,36.27000046,36.90999985,36.16999817,36.25,32.55051804,39824900
2022-04-28,36.72999954,36.95000076,36.15999985,36.81000137,33.05335617,39567800
2022-04-29,36.75,37.13000107,35.54000092,35.68000031,32.03867722,47385200
2022-05-02,36.02999878,36.27999878,35.40000153,36.13999939,32.45173264,46652200
2022-05-03,36.34000015,37.63000107,36.33000183,37.13000107,33.34070587,48926000
2022-05-04,37.36999893,38.75,37.27999878,38.61999893,34.67864227,57860300
2022-05-05,38.04999924,38.20999908,36.86999893,37.54000092,33.7088623,48860600
2022-05-06,37.36999893,37.61999893,36.61000061,37.45000076,33.62804794,50440100
2022-05-09,36.86999893,37.06000137,36.06000137,36.36999893,32.65826416,51242000
2022-05-10,36.75,37.13000107,35.18000031,35.75999832,32.11051941,60235300
2022-05-11,35.90000153,36.91999817,35.50999832,35.56999969,31.93990898,54969300
2022-05-12,35.00999832,35.43000031,34.25999832,35.06999969,31.49094391,61231500
2022-05-13,35.52999878,35.72999954,34.75999832,35.16999817,31.58072853,49117900
2022-05-16,35.0,35.16999817,34.40999985,34.81000137,31.25746727,39076500
2022-05-17,35.61999893,36.22000122,35.43000031,35.99000168,32.3170433,42635600
2022-05-18,35.61999893,35.68999863,34.59999847,34.88000107,31.32033348,47396900
2022-05-19,34.29000092,34.84000015,34.25,34.45000076,30.93420982,47002700
2022-05-20,34.79999924,34.97999954,32.95999908,33.86000061,30.40442276,62406500
2022-05-23,34.75999832,36.25999832,34.65999985,35.86999893,32.20928574,69081900
2022-05-24,35.47000122,35.95999908,34.95999908,35.65000153,32.01174545,46146700
2022-05-25,35.5,36.27000046,35.29000092,35.84000015,32.18234634,49343400
2022-05-26,36.5,36.84000015,36.34000015,36.66999817,32.92764282,60201200
2022-05-27,36.88999939,37.04999924,36.58000183,37.02000046,33.2419281,43365600
2022-05-31,36.81999969,37.52999878,36.61000061,37.20000076,33.40356445,71609200
2022-06-01,37.45999908,37.47000122,36.16999817,36.66999817,32.92764282,35237900
2022-06-02,36.40999985,36.70999908,36.06999969,36.70000076,33.14439774,35341900
2022-06-03,36.47999954,36.68000031,36.13000107,36.18999863,32.68381119,25235200
2022-06-06,36.70000076,37.20999908,36.09999847,36.15000153,32.647686,40394000
2022-06-07,35.90000153,36.40999985,35.74000168,36.34999847,32.82829666,29152200
2022-06-08,35.91999817,36.11000061,35.52000046,35.88999939,32.41287613,33590600
2022-06-09,35.74000168,35.84000015,34.5,34.50999832,31.16656685,49419000
2022-06-10,33.68000031,34.04000092,33.02000046,33.16999817,29.95638275,49318200
2022-06-13,32.38999939,32.77000046,31.73999977,32.02000046,28.91780853,61216600
2022-06-14,31.92000008,32.59999847,31.22999954,31.45999908,28.41205978,49349800
2022-06-15,31.97999954,32.49000168,31.42000008,32.04999924,28.94490242,51540100
2022-06-16,31.5,32.0,30.86000061,31.85000038,28.76427841,61363400
2022-06-17,32.02999878,32.58000183,31.63999939,31.92000008,28.82749557,80470300
2022-06-21,32.88999939,33.29000092,32.61999893,32.84999847,29.66739464,53537200
2022-06-22,32.38999939,32.93999863,32.31999969,32.59999847,29.44160843,38305600
2022-06-23,32.38000107,32.40999985,31.26000023,32.08000183,28.97199631,44091500
2022-06-24,31.25,32.77000046,31.22999954,32.31000137,29.1797123,79504700
2022-06-27,32.41999817,32.59999847,31.90999985,32.34999847,29.21583557,47900300
2022-06-28,32.83000183,33.5,32.18999863,32.25999832,29.134552,49863800
2022-06-29,32.22999954,32.43999863,31.65999985,31.86000061,28.77331161,35149700
2022-06-30,31.17000008,31.54999924,30.63999939,31.12999916,28.11403084,46312300
2022-07-01,30.97999954,31.67000008,30.62999916,31.55999947,28.50237274,40236100
2022-07-05,30.79999924,31.23999977,30.45000076,31.23999977,28.21337318,47411800
2022-07-06,31.01000023,31.25,30.63999939,30.97999954,27.97856331,35933700
2022-07-07,31.5,32.00999832,31.46999931,31.86000061,28.77331161,40137900
2022-07-08,32.00999832,32.25,31.55999947,31.79000092,28.71009064,31153800
2022-07-11,31.54999924,31.79000092,31.29000092,31.45999908,28.41205978,29311900
2022-07-12,31.02000046,32.02999878,30.97999954,31.36000061,28.32175064,39527000
2022-07-13,31.06999969,31.14999962,30.39999962,30.84000015,27.85212898,44153700
2022-07-14,30.09000015,30.21999931,29.67000008,30.12999916,27.2109108,51707800
2022-07-15,30.64999962,32.63000107,30.61000061,32.25,29.12552261,77801700
2022-07-18,33.08000183,33.38000107,32.09999847,32.25999832,29.134552,56382900
2022-07-19,32.90000153,33.61999893,32.68000031,33.34999847,30.1189518,46874900
2022-07-20,33.18000031,33.45000076,32.95000076,33.36000061,30.12798309,35514900
2022-07-21,33.09000015,33.66999817,32.95000076,33.65000153,30.38988876,31244000
2022-07-22,33.59999847,33.93999863,33.09000015,33.43000031,30.19119835,27115400
2022-07-25,33.77999878,33.97999954,33.43999863,33.72999954,30.46213341,30381000
2022-07-26,33.40999985,33.77999878,32.95999908,33.04999924,29.84801483,30645700
2022-07-27,33.24000168,33.77000046,32.95000076,33.59000015,30.33569908,30344800
2022-07-28,33.5,33.75,32.90000153,33.31999969,30.0918541,40176500
2022-07-29,33.47000122,33.93999863,33.34999847,33.81000137,30.5343895,48152500
2022-08-01,33.61999893,33.88999939,33.22000122,33.70999908,30.44407463,32336700
2022-08-02,33.59999847,33.72000122,33.0,33.04000092,29.83898735,37884100
2022-08-03,33.41999817,33.75,33.16999817,33.63999939,30.38085747,30065800
2022-08-04,33.52000046,33.66999817,33.16999817,33.40000153,30.16411018,28404500
2022-08-05,33.27999878,34.33000183,33.24000168,33.95999908,30.66985321,35874500
2022-08-08,34.16999817,34.29000092,33.45000076,33.49000168,30.24538612,33454300
2022-08-09,33.65000153,33.95999908,33.40999985,33.91999817,30.63372993,40196900
2022-08-10,34.5,35.43000031,34.45000076,35.06999969,31.67231369,61415800
2022-08-11,35.77000046,36.06000137,35.65000153,35.90999985,32.43092728,50420800
2022-08-12,36.15999985,36.31000137,35.68999863,36.29999924,32.78314972,31821700
2022-08-15,35.84000015,36.29999924,35.66999817,36.25,32.73799896,24908000
2022-08-16,36.18999863,36.93999863,36.09999847,36.63999939,33.09020615,31870200
2022-08-17,36.20000076,36.59000015,36.08000183,36.40999985,32.88248062,27125600
2022-08-18,36.25,36.40000153,36.0,36.27999878,32.76507568,23138300
2022-08-19,35.95999908,36.02999878,35.31000137,35.47999954,32.04258728,36485400
2022-08-22,34.75,34.81999969,34.45000076,34.72000122,31.35622215,31210300
2022-08-23,34.66999817,34.97000122,34.36000061,34.40999985,31.07625771,26588000
2022-08-24,34.25,34.79999924,34.04999924,34.52000046,31.17560005,31389400
2022-08-25,34.59999847,35.27999878,34.45000076,35.13999939,31.73552322,40576700
2022-08-26,35.43999863,35.47999954,34.02000046,34.02999878,30.7330761,36152600
2022-08-29,33.86000061,34.15000153,33.61000061,33.90000153,30.61567116,34931000
2022-08-30,34.18000031,34.27999878,33.54000092,34.09000015,30.78726006,48194900
2022-08-31,34.13999939,34.36999893,33.59999847,33.61000061,30.35377312,44917600
2022-09-01,33.34000015,33.49000168,32.65999985,33.47000122,30.42648888,32848900
2022-09-02,33.93000031,34.47999954,33.27000046,33.43000031,30.39012146,44000800
2022-09-06,33.63999939,33.72999954,32.61000061,33.06000137,30.05377388,40762400
2022-09-07,32.81000137,33.66999817,32.63000107,33.56999969,30.51739311,40742600
2022-09-08,33.45999908,34.72999954,33.27000046,34.65000153,31.49918556,44361800
2022-09-09,34.97999954,35.25,34.84000015,34.93999863,31.76281929,37295100
2022-09-12,35.20000076,35.63000107,35.02999878,35.27000046,32.06281281,30534000
2022-09-13,34.58000183,34.72000122,33.81000137,34.0,30.90829468,40959600
2022-09-14,34.20000076,34.41999817,33.54000092,33.86999893,30.79010963,32004400
2022-09-15,33.79000092,34.90000153,33.70000076,34.50999832,31.37191963,44863300
2022-09-16,34.18999863,34.22999954,33.65999985,34.11999893,31.01737785,54281800
2022-09-19,33.72000122,34.86999893,33.63000107,34.68999863,31.53554726,29782000
2022-09-20,34.5,34.77999878,33.88000107,34.16999817,31.06283379,33591100
2022-09-21,34.31000137,34.40000153,33.11999893,33.15000153,30.13558388,51667800
2022-09-22,33.31000137,33.41999817,32.38999939,32.5,29.5446949,47527500
2022-09-23,31.93000031,32.09000015,31.20999908,31.72999954,28.8447113,55316100
2022-09-26,31.31999969,31.81999969,30.68000031,31.03000069,28.20836639,40360200
2022-09-27,31.27000046,31.37000084,30.29999924,30.56999969,27.79019356,43396600
2022-09-28,30.53000069,31.30999947,30.38999939,31.06999969,28.24473,38372900
2022-09-29,30.69000053,30.89999962,30.20999908,30.65999985,27.87200928,35220900
2022-09-30,30.76000023,31.19000053,30.17000008,30.20000076,27.45383644,42294100
2022-10-03,30.59000015,31.28000069,30.20000076,31.09000015,28.26290894,34591700
2022-10-04,31.71999931,32.52000046,31.65999985,32.38000107,29.435606,39758700
2022-10-05,31.54000092,32.02999878,31.45000076,31.92000008,29.01743317,35791100
2022-10-06,31.60000038,31.87999916,31.36000061,31.45999908,28.59926224,40891900
2022-10-07,31.17000008,31.23999977,30.53000069,30.75,27.9538269,52304600
2022-10-10,30.89999962,31.04999924,30.35000038,30.65999985,27.87200928,37669100
2022-10-11,30.37000084,30.46999931,29.56999969,29.77000046,27.06293678,58124000
2022-10-12,29.63999939,30.30999947,29.47999954,29.86000061,27.14475822,36137900
2022-10-13,29.40999985,31.77000046,29.30999947,31.69000053,28.80834961,67671000
2022-10-14,31.80999947,32.63000107,31.56999969,31.70000076,28.81744003,58108500
2022-10-17,33.36000061,33.86999893,32.86999893,33.61999893,30.56284904,88896800
2022-10-18,34.97999954,35.36000061,34.27999878,34.88000107,31.70827675,81937900
2022-10-19,34.58000183,34.83000183,33.77000046,33.91999817,30.83557129,43139900
2022-10-20,33.97999954,34.63000107,33.59000015,33.70000076,30.63557243,39549100
2022-10-21,33.56000137,35.04000092,33.56000137,34.95000076,31.7719059,54870300
2022-10-24,35.11000061,35.25999832,34.70999908,35.06999969,31.88099861,33765600
2022-10-25,34.74000168,35.58000183,34.52999878,35.38999939,32.17189789,37132300
2022-10-26,35.41999817,36.09000015,35.34999847,35.70000076,32.45370865,41104600
2022-10-27,36.15000153,36.36999893,35.77000046,35.86999893,32.60824966,35261900
2022-10-28,36.04000092,36.29999924,35.63999939,36.18000031,32.89006424,31659100
2022-10-31,36.0,36.33000183,35.81000137,36.04000092,32.76279068,32565500
2022-11-01,36.43999863,36.75999832,36.11000061,36.20000076,32.90823746,29913200
2022-11-02,36.06999969,37.27999878,35.95000076,36.09000015,32.80823898,57380600
2022-11-03,35.70000076,36.13999939,35.40999985,35.88999939,32.62643051,30046500
2022-11-04,36.5,37.0,36.22000122,36.79000092,33.44458771,39369400
2022-11-07,37.00999832,37.34000015,36.72999954,37.00999832,33.64458847,37533700
2022-11-08,37.09000015,37.41999817,36.75,37.11000061,33.73549271,32664300
2022-11-09,36.88000107,36.95999908,36.38999939,36.52000046,33.19914627,30164400
2022-11-10,37.29999924,38.22000122,37.13999939,38.13000107,34.66274643,45702800
2022-11-11,38.18999863,38.59999847,37.97000122,38.40999985,34.91729355,35688700
2022-11-14,38.09000015,38.25999832,37.75,37.75999832,34.32638168,35541400
2022-11-15,38.18999863,38.29999924,37.29999924,37.70000076,34.27183914,46082800
2022-11-16,37.61000061,37.74000168,37.20000076,37.36000061,33.96275711,23813000
2022-11-17,36.88000107,37.20000076,36.56000137,37.16999817,33.79004288,23689700
2022-11-18,37.79000092,37.84999847,36.91999817,37.18999863,33.80821991,32041800
2022-11-21,37.09000015,37.52000046,37.06000137,37.31000137,33.91730499,27935700
2022-11-22,37.59000015,37.79999924,37.43000031,37.49000168,34.08094025,23499300
2022-11-23,37.49000168,37.65999985,37.36999893,37.61000061,34.19003296,18934700
2022-11-25,37.72000122,37.86999893,37.56000137,37.70000076,34.27183914,16118500
2022-11-28,37.40000153,37.65999985,36.83000183,36.86000061,33.50823593,35428300
2022-11-29,36.97999954,37.15000153,36.72000122,37.0,33.63549423,27048800
2022-11-30,36.90000153,37.84999847,36.20000076,37.84999847,34.40820313,51747900
2022-12-01,37.5,37.68999863,36.40000153,36.54999924,33.42067337,46213200
2022-12-02,36.06000137,36.29000092,35.81000137,36.08000183,32.99091339,42295300
2022-12-05,35.81000137,35.88999939,34.13999939,34.47000122,31.51876068,71386600
2022-12-06,34.56999969,34.68000031,32.40999985,33.0,30.17461205,84085700
2022-12-07,32.59000015,32.91999817,32.34999847,32.74000168,29.93688011,49234100
2022-12-08,32.97000122,32.99000168,32.18000031,32.43999863,29.66255951,45491100
2022-12-09,32.11000061,32.59999847,32.08000183,32.38000107,29.60770035,36985500
2022-12-12,32.31000137,32.77999878,32.06000137,32.72999954,29.92773056,41060500
2022-12-13,33.54999924,33.66999817,32.56999969,32.75,29.94601822,54804800
2022-12-14,32.79999924,33.0,32.15999985,32.27999878,29.51625443,48819500
2022-12-15,31.75,31.98999977,31.48999977,31.77000046,29.04992294,49027600
2022-12-16,31.62000084,31.93000031,31.35000038,31.70000076,28.98591805,61795200
2022-12-19,31.76000023,32.22999954,31.72999954,32.06000137,29.31509781,38374100
2022-12-20,32.40000153,32.58000183,32.13999939,32.18999863,29.43396568,35561100
2022-12-21,32.52000046,32.86999893,32.40999985,32.68000031,29.88200951,32544000
2022-12-22,32.52000046,32.58000183,31.87000084,32.38999939,29.61684036,30234400
2022-12-23,32.40000153,32.58000183,32.18999863,32.47000122,29.68999481,21378600
2022-12-27,32.5,32.66999817,32.27999878,32.52999878,29.74485207,22776100
2022-12-28,32.56999969,32.97000122,32.52999878,32.77000046,29.96430588,30541000
2022-12-29,32.88999939,33.15999985,32.75,33.13999939,30.30262947,22252900
2022-12-30,33.09999847,33.29999924,32.86000061,33.11999893,30.284338,28198900
2023-01-03,33.22999954,34.09000015,33.20999908,33.50999832,30.64094353,35221500
2023-01-04,33.90000153,34.81999969,33.83000183,34.13999939,31.21700668,41998500
2023-01-05,33.91999817,34.13999939,33.58000183,34.06999969,31.15299606,34177000
2023-01-06,34.09000015,34.58000183,33.54000092,34.40999985,31.4638958,34068700
2023-01-09,34.75,34.75999832,33.70999908,33.88999939,30.98840904,43818800
2023-01-10,33.74000168,34.27000046,33.63999939,34.11999893,31.19871712,35096000
2023-01-11,34.11999893,34.43999863,34.0,34.38000107,31.43646049,36783700
2023-01-12,34.59999847,34.86999893,34.36000061,34.47000122,31.51876068,44230400
2023-01-13,34.20000076,35.38999939,33.09000015,35.22999954,32.21368408,89667800
2023-01-17,34.68999863,34.83000183,34.15000153,34.52000046,31.56447983,56458400
2023-01-18,34.33000183,34.34000015,33.50999832,33.72000122,30.83296776,54517800
2023-01-19,33.27999878,33.54999924,32.88999939,33.22999954,30.38492584,42707100
2023-01-20,33.29999924,33.88999939,33.09000015,33.84999847,30.95183182,45004400
2023-01-23,33.81000137,34.50999832,33.75,34.31999969,31.38159561,33683300
2023-01-24,34.22000122,34.79000092,33.95000076,34.56999969,31.61019135,26716700
2023-01-25,34.29999924,34.95999908,34.25,34.86999893,31.88451195,28859700
2023-01-26,35.04999924,35.34999847,34.79000092,35.34000015,32.3142662,30035500
2023-01-27,35.43999863,35.77999878,35.27000046,35.45000076,32.41485214,29964900
2023-01-30,35.20999908,35.56000137,35.18000031,35.29999924,32.2776947,27353500
2023-01-31,35.16999817,35.47999954,35.0,35.47999954,32.44227982,38917400
2023-02-01,35.20000076,36.25999832,35.11000061,35.91999817,32.84460831,44438700
2023-02-02,36.09999847,36.38000107,35.43999863,36.13000107,33.03662491,33729100
2023-02-03,36.02000046,36.75999832,35.90000153,36.43000031,33.31093979,37411700
2023-02-06,36.25,36.43999863,35.97999954,36.36999893,33.25608063,29463200
2023-02-07,36.16999817,37.0,36.13000107,36.77000046,33.62182999,44100200
2023-02-08,36.40999985,36.84000015,36.34000015,36.5,33.37495804,28032800
2023-02-09,36.27000046,36.34999847,35.56000137,35.72000122,32.66173553,35257100
2023-02-10,35.54999924,35.59000015,35.02999878,35.58000183,32.53372574,32898900
2023-02-13,35.47999954,35.77999878,35.38999939,35.65000153,32.5977211,29163900
2023-02-14,35.63000107,35.99000168,35.45999908,35.61999893,32.57028961,33625200
2023-02-15,35.31999969,35.61000061,35.15999985,35.56000137,32.51542282,23500100
2023-02-16,35.41999817,35.65999985,35.22000122,35.27999878,32.25941086,22681100
2023-02-17,35.08000183,35.38999939,34.74000168,35.34999847,32.32340622,28562700
2023-02-21,34.90999985,35.04999924,34.27000046,34.52000046,31.56447983,37068900
2023-02-22,34.36000061,34.54999924,34.06999969,34.29000092,31.35416603,38550400
2023-02-23,34.40000153,34.59999847,33.86000061,34.25999832,31.32673645,28488000
2023-02-24,33.86000061,34.29000092,33.84000015,34.20999908,31.2810154,27046600
2023-02-27,34.45000076,34.68999863,34.16999817,34.20999908,31.2810154,30137500
2023-02-28,34.34999847,34.49000168,34.18000031,34.29999924,31.36331367,32620600
2023-03-01,34.15000153,34.49000168,33.97999954,34.13999939,31.21700668,29281600
2023-03-02,33.65999985,33.70000076,33.0,33.49000168,30.8212738,44607200
2023-03-03,33.65000153,34.29000092,33.65000153,34.15999985,31.43788719,39109100
2023-03-06,34.24000168,34.56000137,33.99000168,34.09000015,31.37346077,36646700
2023-03-07,33.84999847,33.90000153,32.79999924,33.0,30.37032127,52855300
2023-03-08,32.65999985,32.97000122,32.43999863,32.56000137,29.96538544,40045600
2023-03-09,32.27999878,32.38999939,30.30999947,30.54000092,28.10635185,112457900
2023-03-10,30.31999969,31.04000092,28.92000008,30.27000046,27.8578701,165330900
2023-03-13,28.92000008,29.71999931,27.87000084,28.51000023,26.23811722,218403300
2023-03-14,29.98999977,30.09000015,28.46999931,28.76000023,26.46819878,154255800
2023-03-15,27.87999916,28.55999947,27.68000031,28.48999977,26.2197113,131104400
2023-03-16,28.37999916,29.46999931,28.11000061,28.96999931,26.66145897,108348800
2023-03-17,28.65999985,28.65999985,27.62000084,27.81999969,25.60309792,130665500
2023-03-20,28.23999977,28.43000031,27.64999962,27.75,25.53868103,81441200
2023-03-21,28.62999916,28.97999954,28.51000023,28.59000015,26.31174088,84854800
2023-03-22,28.70999908,28.73999977,27.63999939,27.63999939,25.43744469,76925900
2023-03-23,28.0,28.09000015,26.79000092,26.96999931,24.82083702,105335900
2023-03-24,26.60000038,27.29000092,26.31999969,27.13999939,24.97728729,96872700
2023-03-27,27.93000031,28.64999962,27.90999985,28.48999977,26.2197113,102469800
2023-03-28,28.37999916,28.64999962,27.97999954,28.12000084,25.87919807,63416500
2023-03-29,28.48999977,28.77000046,28.23999977,28.67000008,26.38536453,62666400
2023-03-30,28.92000008,29.05999947,28.11000061,28.29999924,26.04485321,67427100
2023-03-31,28.62000084,28.68000031,28.26000023,28.60000038,26.32094574,56482100
2023-04-03,28.63999939,28.97999954,28.32999992,28.59000015,26.31174088,51996800
2023-04-04,28.54999924,28.64999962,27.65999985,27.97999954,25.75035286,56233300
2023-04-05,27.65999985,27.90999985,27.45999908,27.63999939,25.43744469,47799400
2023-04-06,27.71999931,28.01000023,27.62000084,27.84000015,25.62150764,41216600
2023-04-10,27.67000008,28.10000038,27.64999962,27.94000053,25.71354103,40572700
2023-04-11,28.02000046,28.75,27.95999908,28.70999908,26.42217636,58761200
2023-04-12,28.68000031,29.01000023,28.37000084,28.47999954,26.21050453,44313300
2023-04-13,28.55999947,28.63999939,28.23999977,28.55999947,26.28412819,52261400
2023-04-14,29.29999924,29.87000084,29.25,29.52000046,27.16763115,81110800
2023-04-17,29.77000046,30.40999985,29.39999962,30.37000084,27.94990158,83704400
2023-04-18,30.79999924,30.93000031,29.79999924,30.55999947,28.12475777,114498800
2023-04-19,30.12999916,30.20000076,29.79000092,30.05999947,27.66460228,65594200
2023-04-20,29.84000015,30.22999954,29.77000046,29.89999962,27.51735306,43193800
2023-04-21,29.75,29.97999954,29.40999985,29.87000084,27.48974609,44759000
2023-04-24,29.79000092,29.89999962,29.59000015,29.76000023,27.38850784,28020300
2023-04-25,29.45000076,29.53000069,28.81999969,28.84000015,26.54181862,49718800
2023-04-26,28.76000023,28.94000053,28.29999924,28.44000053,26.17369843,45848400
2023-04-27,28.52000046,29.07999992,28.52000046,28.88999939,26.58783531,33060100
2023-04-28,28.53000069,29.43000031,28.51000023,29.28000069,26.94675636,45592500
2023-05-01,29.5,29.54000092,29.0,29.04000092,26.72588539,34076800
2023-05-02,28.85000038,28.86000061,27.70999908,28.15999985,25.916008,70797700
2023-05-03,28.15999985,28.5,27.80999947,27.86000061,25.63991547,51139500
2023-05-04,27.57999992,27.80999947,26.82999992,26.98999977,24.83924294,82173800
2023-05-05,27.62000084,27.88999939,27.46999931,27.70999908,25.50186539,50087100
2023-05-08,28.07999992,28.14999962,27.65999985,27.69000053,25.48346138,34245500
2023-05-09,27.42000008,27.82999992,27.23999977,27.65999985,25.45584869,32188800
2023-05-10,27.95999908,28.0,27.02000046,27.31999969,25.14294624,44446400
2023-05-11,27.01000023,27.48999977,26.87999916,27.38999939,25.20736313,34897300
2023-05-12,27.52000046,27.54999924,26.87999916,27.09000015,24.93127251,38142000
2023-05-15,27.10000038,27.81999969,27.03000069,27.64999962,25.44664955,38722800
2023-05-16,27.78000069,27.89999962,27.32999992,27.36000061,25.17975807,33347500
2023-05-17,27.73999977,28.67000008,27.72999954,28.56999969,26.29333878,61750400
2023-05-18,28.44000053,28.5,28.0,28.46999931,26.20130539,51146100
2023-05-19,28.45999908,28.67000008,28.03000069,28.11000061,25.86999321,50062500
2023-05-22,28.29999924,28.45000076,28.01000023,28.34000015,26.08166122,36473700
2023-05-23,28.31999969,29.07999992,28.29999924,28.57999992,26.30253792,51400400
2023-05-24,28.32999992,28.51000023,28.0,28.10000038,25.86079025,50606900
2023-05-25,27.98999977,28.23999977,27.87999916,28.17000008,25.92520905,40517800
2023-05-26,28.20000076,28.39999962,27.79000092,28.30999947,26.05405426,57879100
2023-05-30,28.31999969,28.48999977,27.95000076,28.26000023,26.00803947,41819600
2023-05-31,28.10000038,28.15999985,27.47999954,27.79000092,25.57549095,61905200
2023-06-01,27.76000023,27.97999954,27.34000015,27.78000069,25.770298,57426100
2023-06-02,28.15999985,28.95000076,28.12000084,28.70999908,26.63301659,66578100
2023-06-05,28.81999969,28.81999969,28.29999924,28.54000092,26.47531509,34757800
2023-06-06,28.45999908,29.43000031,28.45000076,29.22999954,27.11540222,46297900
2023-06-07,29.29999924,29.64999962,29.01000023,29.47999954,27.34731483,44502600
2023-06-08,29.28000069,29.37999916,28.98999977,29.22999954,27.11540222,41483100
2023-06-09,29.20000076,29.39999962,29.07999992,29.27000046,27.15250969,32692000
2023-06-12,29.29999924,29.55999947,28.90999985,29.12999916,27.02263641,41011300
2023-06-13,29.12999916,29.79999924,29.03000069,29.39999962,27.27310562,42718800
2023-06-14,29.56999969,29.72999954,28.98999977,29.12000084,27.01336098,38322800
2023-06-15,28.89999962,29.46999931,28.69000053,29.37000084,27.2452755,42044900
2023-06-16,29.53000069,29.68000031,29.15999985,29.19000053,27.07829857,53050200
2023-06-20,29.01000023,29.04000092,28.57999992,28.87000084,26.78145027,39040900
2023-06-21,28.78000069,29.0,28.54000092,28.56999969,26.50314713,39553400
2023-06-22,28.5,28.53000069,27.89999962,27.95999908,25.93727875,50742900
2023-06-23,27.73999977,27.88999939,27.59000015,27.75,25.74247169,55181100
2023-06-26,27.79999924,28.28000069,27.79000092,28.09000015,26.05787277,47519300
2023-06-27,28.10000038,28.39999962,27.95000076,28.23999977,26.19702339,39081800
2023-06-28,28.25,28.27000046,27.89999962,28.06999969,26.03931999,37803800
2023-06-29,28.5,29.0,28.39999962,28.65999985,26.5866394,68376400
2023-06-30,28.94000053,29.11000061,28.67000008,28.69000053,26.61446762,50479000
2023-07-03,28.70000076,29.35000038,28.64999962,29.20000076,27.08757401,30995800
2023-07-05,29.13999939,29.42000008,28.95000076,29.07999992,26.9762516,37492000
2023-07-06,28.79999924,28.81999969,28.10000038,28.28000069,26.23412704,52098000
2023-07-07,28.29999924,28.81999969,28.29000092,28.53000069,26.46604347,34288000
2023-07-10,28.59000015,28.85000038,28.46999931,28.65999985,26.5866394,36086000
2023-07-11,28.65999985,29.07999992,28.42000008,29.02000046,26.92059326,40978700
2023-07-12,29.51000023,29.88999939,29.27000046,29.36000061,27.23600006,41855500
2023-07-13,29.52000046,29.87000084,29.40999985,29.67000008,27.52357101,39589000
2023-07-14,30.0,30.10000038,29.04999924,29.11000061,27.00408363,58720300
2023-07-17,29.14999962,29.55999947,29.12000084,29.39999962,27.27310562,49477200
2023-07-18,30.0,30.86000061,29.92000008,30.70000076,28.47905731,98253800
2023-07-19,30.88999939,31.70000076,30.69000053,31.53000069,29.2490139,70619800
2023-07-20,31.32999992,31.79999924,31.26000023,31.69000053,29.39743423,42128800
2023-07-21,31.87000084,32.11000061,31.42000008,31.97999954,29.66645622,70872400
2023-07-24,32.0,32.84999847,31.97999954,32.65000153,30.28799057,64548600
2023-07-25,32.75999832,32.79000092,32.06999969,32.15000153,29.82415962,51208800
2023-07-26,32.24000168,32.54000092,32.15000153,32.40999985,30.06534958,41814600
2023-07-27,32.43000031,32.74000168,31.81999969,31.95000076,29.6386261,45529500
2023-07-28,32.15000153,32.15999985,31.70999908,31.89999962,29.59224129,33296500
2023-07-31,31.89999962,32.25,31.78000069,32.0,29.685009,29093400
2023-08-01,31.84000015,31.94000053,31.42000008,31.62000084,29.33250046,32712000
2023-08-02,31.15999985,31.28000069,30.78000069,31.19000053,28.93361092,38855100
2023-08-03,30.94000053,31.54999924,30.87999916,31.40999985,29.13768959,27933400
2023-08-04,31.36000061,31.67000008,31.17000008,31.29999924,29.03564644,30768100
2023-08-07,31.40999985,31.89999962,31.40999985,31.87999916,29.57369232,31745200
2023-08-08,31.29999924,31.30999947,30.47999954,31.27000046,29.00782013,45951800
2023-08-09,31.21999931,31.28000069,30.82999992,30.86000061,28.62748337,30732100
2023-08-10,31.01000023,31.31999969,30.79999924,30.94000053,28.70169449,26062600
2023-08-11,30.79999924,31.39999962,30.75,31.29000092,29.02637672,35720700
2023-08-14,31.04999924,31.11000061,30.75,30.93000031,28.69242096,32563700
2023-08-15,30.5,30.54999924,29.84000015,29.94000053,27.77403641,43406100
2023-08-16,29.75,29.84000015,29.20999908,29.29000092,27.17106247,47220400
2023-08-17,29.44000053,29.54000092,29.11000061,29.28000069,27.16178131,37202200
2023-08-18,29.04000092,29.35000038,28.97999954,29.11000061,27.00408363,31430400
2023-08-21,29.21999931,29.29999924,28.79999924,29.14999962,27.04118919,34959000
2023-08-22,29.12999916,29.23999977,28.42000008,28.44000053,26.3825531,37564200
2023-08-23,28.45000076,28.51000023,28.18000031,28.45000076,26.39182854,44686600
2023-08-24,28.39999962,28.79000092,28.37000084,28.62000084,26.54953384,31934800
2023-08-25,28.63999939,28.79000092,28.29999924,28.5,26.43821144,34253200
2023-08-28,28.69000053,29.0,28.56999969,28.76000023,26.67940331,33075200
2023-08-29,28.88999939,29.26000023,28.71999931,29.17000008,27.05974197,30428200
2023-08-30,29.21999931,29.27000046,28.93000031,29.04000092,26.93914604,33366400
2023-08-31,28.93000031,28.96999931,28.53000069,28.67000008,26.81754684,37243000
2023-09-01,28.76000023,29.12999916,28.76000023,28.97999954,27.10751724,35228600
2023-09-05,28.94000053,29.12000084,28.5,28.64999962,26.79883766,46543600
2023-09-06,28.39999962,28.55999947,28.12000084,28.38999939,26.55563736,45022600
2023-09-07,28.40999985,28.54999924,28.05999947,28.12999916,26.31243896,35023600
2023-09-08,28.12000084,28.37999916,27.95999908,28.36000061,26.52757835,36513900
2023-09-11,28.51000023,28.76000023,28.39999962,28.47999954,26.63982201,34168300
2023-09-12,28.45999908,29.13999939,28.39999962,28.96999931,27.0981636,42284000
2023-09-13,29.12000084,29.19000053,28.70000076,28.87999916,27.01397514,37215700
2023-09-14,29.17000008,29.44000053,29.10000038,29.20000076,27.31330299,44634800
2023-09-15,28.95000076,29.09000015,28.75,28.84000015,26.97655869,61661100
2023-09-18,28.79999924,28.79999924,28.48999977,28.76000023,26.90173149,25752300
2023-09-19,28.76000023,28.94000053,28.51000023,28.64999962,26.79883766,34888100
2023-09-20,28.80999947,28.96999931,28.53000069,28.54999924,26.70529938,26641100
2023-09-21,28.36000061,28.59000015,28.02000046,28.04999924,26.23760605,39906000
2023-09-22,28.06999969,28.19000053,27.60000038,27.63999939,25.85409927,41284400
2023-09-25,27.5,27.62000084,27.35000038,27.60000038,25.81668282,32749200
2023-09-26,27.34000015,27.5,27.01000023,27.17000008,25.41446686,42237400
2023-09-27,27.22999954,27.61000061,27.06999969,27.27000046,25.50800705,38296300
2023-09-28,27.17000008,27.63999939,27.17000008,27.55999947,25.77926826,36734300
2023-09-29,27.88999939,27.98999977,27.27000046,27.37999916,25.61089134,40645900
2023-10-02,27.27000046,27.36000061,26.57999992,26.70000076,24.97483635,50388600
2023-10-03,26.48999977,26.52000046,25.81999969,25.90999985,24.2358799,62144500
2023-10-04,25.87999916,26.01000023,25.57999992,25.94000053,24.26394081,55696400
2023-10-05,25.78000069,26.09000015,25.55999947,26.05999947,24.37618446,49044100
2023-10-06,25.77000046,26.22999954,25.46999931,26.06999969,24.38554001,58177300
2023-10-09,25.76000023,26.36000061,25.71999931,26.30999947,24.61003494,39953700
2023-10-10,26.61000061,27.29999924,26.56999969,27.01000023,25.26480865,51960100
2023-10-11,27.17000008,27.44000053,26.89999962,27.02000046,25.27415848,38508200
2023-10-12,26.96999931,27.07999992,26.61000061,26.89999962,25.16191292,44249800
2023-10-13,27.43000031,27.71999931,26.52000046,26.76000023,25.03095818,55089700
2023-10-16,27.15999985,27.18000031,26.77000046,26.98999977,25.24609566,56817500
2023-10-17,27.04999924,27.87000084,26.71999931,27.62000084,25.83539009,95344200
2023-10-18,27.54000092,28.04000092,27.20999908,27.30999947,25.54541779,68371100
2023-10-19,27.25,27.78000069,26.87999916,26.95999908,25.21803474,58611000
2023-10-20,26.79999924,26.94000053,26.23999977,26.30999947,24.61003494,62058400
2023-10-23,26.12999916,26.20999908,25.52000046,25.56999969,23.91784668,59857200
2023-10-24,25.73999977,25.87000084,25.39999962,25.46999931,23.8243084,55975700
2023-10-25,25.37999916,25.64999962,25.18000031,25.54999924,23.8991375,45522400
2023-10-26,25.48999977,26.36000061,25.44000053,26.12000084,24.4323101,60921000
2023-10-27,26.06999969,26.06999969,24.95999908,25.17000008,23.54369164,64709300
2023-10-30,25.31999969,25.78000069,25.28000069,25.69000053,24.03009605,41891900
2023-10-31,25.73999977,26.37999916,25.71999931,26.34000015,24.63809586,50106700
2023-11-01,26.44000053,26.62000084,26.14999962,26.39999962,24.69421768,44046300
2023-11-02,26.70999908,27.65999985,26.59000015,27.62000084,25.83539009,63278300
2023-11-03,28.15999985,28.93000031,28.12999916,28.42000008,26.58370018,62613600
2023-11-06,28.55999947,28.77000046,28.02000046,28.32999992,26.49951553,45548000
2023-11-07,28.04999924,28.26000023,27.95000076,28.15999985,26.34050179,33081900
2023-11-08,28.15999985,28.20000076,27.67000008,27.88999939,26.08794594,31896000
2023-11-09,28.06999969,28.07999992,27.39999962,27.53000069,25.75120544,32267900
2023-11-10,27.76000023,27.77000046,27.34000015,27.68000031,25.89151382,32858500
2023-11-13,27.54000092,27.85000038,27.42000008,27.70000076,25.91022301,28521800
2023-11-14,28.5,29.40999985,28.46999931,29.21999931,27.33201027,66676300
2023-11-15,29.20000076,29.72999954,29.20000076,29.62000084,27.70616341,46968900
2023-11-16,29.43000031,29.70000076,29.21999931,29.54000092,27.6313343,36952800
2023-11-17,29.70999908,30.0,29.54999924,29.97999954,28.04290009,38493300
2023-11-20,29.97999954,30.25,29.75,30.01000023,28.07096672,46783400
2023-11-21,29.98999977,29.98999977,29.54999924,29.65999985,27.74357796,41611900
2023-11-22,29.73999977,29.79000092,29.52000046,29.62999916,27.71551704,41422700
2023-11-24,29.47999954,29.88999939,29.47999954,29.72999954,27.80905533,15815600
2023-11-27,29.60000038,29.69000053,29.51000023,29.55999947,27.65004158,42039500
2023-11-28,29.53000069,29.64999962,29.31999969,29.53000069,27.62198067,29705800
2023-11-29,29.87999916,30.61000061,29.80999947,30.30999947,28.35157776,57954900
2023-11-30,30.20999908,30.54999924,30.04000092,30.48999977,28.74757576,52547700
2023-12-01,30.39999962,31.04999924,30.35000038,30.95999908,29.1907196,46133300
2023-12-04,30.53000069,31.0,30.52000046,30.81999969,29.05872345,37811300
2023-12-05,30.68000031,30.79000092,30.32999992,30.57999992,28.83243561,45723100
2023-12-06,30.78000069,31.52000046,30.44000053,30.53000069,28.78529167,49803100
2023-12-07,30.59000015,30.93000031,30.54000092,30.65999985,28.90786362,32699600
2023-12-08,30.67000008,31.13999939,30.61000061,30.95999908,29.1907196,34794300
2023-12-11,30.92000008,31.07999992,30.70999908,30.85000038,29.08700371,32254000
2023-12-12,30.77000046,30.86000061,30.45000076,30.73999977,28.98329163,34566700
2023-12-13,30.75,32.13000107,30.62999916,32.04000092,30.20900154,60311100
2023-12-14,32.61999893,34.06999969,32.56999969,33.93999863,32.00041962,107190000
2023-12-15,33.81999969,34.02000046,33.29000092,33.59999847,31.67985153,83771800
2023-12-18,33.70999908,33.79000092,33.40999985,33.43000031,31.51956749,40694700
2023-12-19,33.02999878,33.66999817,32.79999924,33.50999832,31.59498978,44534800
2023-12-20,33.38000107,33.70999908,32.95000076,32.97999954,31.09528351,44711400
2023-12-21,33.24000168,33.45000076,32.88999939,33.20000076,31.30270767,32325700
2023-12-22,33.20999908,33.66999817,33.20000076,33.43000031,31.51956749,37265900
2023-12-26,33.45000076,33.95999908,33.36999893,33.86000061,31.92498779,24845400
2023-12-27,33.79999924,33.95000076,33.65999985,33.84000015,31.90613365,24498600
2023-12-28,33.81999969,33.97000122,33.77000046,33.88000107,31.94384956,21799600
2023-12-29,33.93999863,33.99000168,33.54999924,33.66999817,31.74584961,28060700
2024-01-02,33.38999939,34.06999969,33.27000046,33.90000153,31.96270752,36668600
2024-01-03,33.65000153,33.77000046,33.24000168,33.52999878,31.61384964,45988700
2024-01-04,33.56999969,34.31000137,33.54000092,33.79999924,31.86842537,39834600
2024-01-05,33.79999924,34.68999863,33.70999908,34.43000031,32.46242523,49242400
2024-01-08,34.29999924,34.29999924,33.63999939,34.15999985,32.2078476,40253900
2024-01-09,33.81999969,33.84000015,33.50999832,33.63000107,31.70814705,39268800
2024-01-10,33.5,33.63000107,33.24000168,33.59999847,31.67985153,34904000
2024-01-11,33.36000061,33.5,32.77999878,33.15000153,31.25557327,48790600
2024-01-12,32.25,33.18999863,31.95999908,32.79999924,30.92556763,74344300
2024-01-16,32.40999985,32.50999832,31.81999969,32.11999893,30.28442955,58420800
2024-01-17,31.71999931,31.98999977,31.27000046,31.79999924,29.9827137,48811300
2024-01-18,31.75,31.77000046,31.39999962,31.72999954,29.91671944,35484400
2024-01-19,31.79999924,32.22999954,31.56999969,32.22000122,30.37871552,49493600
2024-01-22,32.36000061,32.99000168,32.31999969,32.54999924,30.68985558,43903400
2024-01-23,32.54000092,32.81999969,32.38999939,32.77000046,30.89728546,30003400
2024-01-24,33.02999878,33.34000015,32.90999985,32.97999954,31.09528351,36403900
2024-01-25,33.20999908,33.45000076,32.83000183,33.38999939,31.48185158,46204000
2024-01-26,33.40000153,33.66999817,33.31999969,33.43000031,31.51956749,30839800
2024-01-29,33.40000153,33.65000153,33.24000168,33.61000061,31.68928337,30269300
2024-01-30,33.90000153,34.88999939,33.84000015,34.79000092,32.80184555,60315700
2024-01-31,34.56999969,35.09999847,34.0,34.00999832,32.06641769,54716000
2024-02-01,33.93000031,34.25,32.93000031,33.54999924,31.63270569,57084800
2024-02-02,33.36999893,33.70999908,33.16999817,33.47000122,31.55728531,40416000
2024-02-05,33.11000061,33.29000092,32.86000061,32.99000168,31.10471535,43573000
2024-02-06,32.91999817,33.36000061,32.88000107,33.04000092,31.15185738,27188000
2024-02-07,33.06000137,33.25999832,32.63000107,33.18000031,31.28385735,29660100
2024-02-08,33.04999924,33.27999878,32.79999924,33.11999893,31.22727776,36852200
2024-02-09,33.09999847,33.25,32.84000015,33.06999969,31.18014145,36176000
2024-02-12,33.0,33.97000122,32.97999954,33.61999893,31.69870949,34160400
2024-02-13,33.11999893,33.31000137,32.34999847,32.75,30.87842369,43801500
2024-02-14,32.97999954,33.18000031,32.86999893,33.13000107,31.23670959,27833900
2024-02-15,33.31999969,34.24000168,33.31999969,34.06999969,32.12299347,41683100
2024-02-16,33.91999817,34.15000153,32.49000168,34.09000015,32.14184952,33290700
2024-02-20,33.77999878,34.09000015,33.77000046,33.95999908,32.01927567,30372900
2024-02-21,33.36000061,33.74000168,33.16999817,33.70000076,31.77413368,37847100
2024-02-22,33.36999893,34.06999969,33.36999893,33.61000061,31.68928337,42756900
2024-02-23,33.72999954,34.04999924,33.49000168,33.91999817,31.98156166,30586000
2024-02-26,33.79000092,34.22000122,33.52999878,33.61000061,31.68928337,31129200
2024-02-27,33.72999954,34.43000031,33.70999908,34.27999878,32.32099533,40536300
2024-02-28,34.22000122,34.59999847,34.11000061,34.31000137,32.3492775,39548600
2024-02-29,34.33000183,34.65000153,34.15000153,34.52000046,32.77654648,43863400
2024-03-01,34.52999878,34.65000153,34.02999878,34.34999847,32.61513519,38432300
2024-03-04,34.29000092,35.41999817,34.25,35.15000153,33.37472916,49136400
2024-03-05,34.93000031,35.72000122,34.86999893,35.38999939,33.60260773,47591600
2024-03-06,35.65000153,35.79000092,35.06999969,35.41999817,33.63108826,49149700
2024-03-07,35.59999847,35.90000153,35.25,35.63000107,33.83049011,35900700
2024-03-08,35.86999893,36.13000107,35.5,35.59999847,33.80200195,42769900
2024-03-11,35.38999939,35.93000031,35.27000046,35.88999939,34.07735443,34131500
2024-03-12,35.90000153,36.15000153,35.77999878,35.95999908,34.14382172,29260400
2024-03-13,35.95999908,36.45000076,35.95999908,36.08000183,34.25776291,38289600
2024-03-14,35.91999817,36.22000122,35.47999954,35.68999863,33.8874588,40178100
2024-03-15,35.27999878,36.00999832,35.24000168,35.40999985,33.62159729,69646400
2024-03-18,35.65999985,36.09000015,35.38999939,36.00999832,34.19129181,50617900
2024-03-19,35.88999939,36.38999939,35.84999847,36.02999878,34.210289,46113800
2024-03-20,35.84000015,36.88000107,35.72999954,36.75,34.8939209,40519000
2024-03-21,36.93000031,37.59999847,36.88000107,37.50999832,35.61553574,43219500
2024-03-22,37.40999985,37.61000061,37.0,37.04999924,35.17876816,29001100
2024-03-25,37.09999847,37.27999878,36.84000015,36.86000061,34.99836731,30480200
2024-03-26,37.0,37.24000168,36.79999924,37.09000015,35.2167511,33673400
2024-03-27,37.25,37.84999847,37.24000168,37.81000137,35.900383,36350200
2024-03-28,37.72000122,38.0,37.41999817,37.91999817,36.00483322,42262500
2024-04-01,37.93999863,38.34999847,37.43999863,37.52000046,35.62503433,33908000
2024-04-02,37.18999863,37.58000183,37.15999985,37.29999924,35.4161377,34806800
2024-04-03,37.40000153,38.02000046,37.27000046,37.43999863,35.54907227,33338500
2024-04-04,37.70000076,37.95999908,36.86999893,36.91999817,35.055336,42888200
2024-04-05,36.81000137,37.34000015,36.72999954,37.11000061,35.23573685,30823500
2024-04-08,37.20000076,37.58000183,37.13000107,37.5,35.60604095,29470300
2024-04-09,37.50999832,37.77000046,37.20000076,37.72999954,35.82442856,30967300
2024-04-10,37.18000031,37.22999954,36.54999924,36.65000153,34.79897308,37610700
2024-04-11,36.75,36.75,36.04999924,36.34999847,34.51412582,38604000
2024-04-12,35.81000137,36.09000015,35.52999878,35.79000092,33.98241425,47126100
2024-04-15,36.33000183,36.75999832,35.75999832,35.95000076,34.13433456,44392000
2024-04-16,36.09999847,36.16999817,34.15000153,34.68000031,32.92847061,95566100
2024-04-17,34.88999939,35.75,34.75,35.22999954,33.45068359,65951400
2024-04-18,35.54000092,35.99000168,35.18000031,35.77000046,33.96341705,44506200
2024-04-19,36.09999847,37.11999893,36.06000137,36.97000122,35.10281372,56273700
2024-04-22,37.0,37.90999985,36.86999893,37.72999954,35.82442856,43867100
2024-04-23,37.93999863,38.41999817,37.83000183,38.36999893,36.43210602,39180300
2024-04-24,38.02000046,38.49000168,38.0,38.31999969,36.38462067,28670600
2024-04-25,37.93000031,38.27000046,37.38000107,37.90999985,35.99533463,41116000
2024-04-26,37.93000031,38.31000137,37.77999878,37.83000183,35.91938019,28668700
2024-04-29,37.84000015,38.06000137,37.45000076,37.54999924,35.65351486,26438800
2024-04-30,37.34999847,37.66999817,36.97999954,37.00999832,35.14078903,30283800
2024-05-01,37.20999908,37.50999832,36.77000046,36.95000076,35.08382034,32272000
2024-05-02,37.36999893,37.49000168,36.65000153,36.88000107,35.01735687,34860300
2024-05-03,37.25,37.52999878,37.08000183,37.25,35.3686676,34082700
2024-05-06,37.65999985,37.79000092,37.36000061,37.68999863,35.7864418,28422300
2024-05-07,37.70000076,38.15000153,37.70000076,37.84000015,35.92886734,29119500
2024-05-08,37.70000076,37.81999969,37.52000046,37.70999908,35.80544281,32803300
2024-05-09,37.52999878,38.41999817,37.45999908,38.27999878,36.34663773,26855400
2024-05-10,38.47999954,38.77999878,38.33000183,38.45000076,36.50806427,27359100
2024-05-13,38.61999893,38.77999878,38.18000031,38.20999908,36.28017807,24060600
2024-05-14,38.40000153,38.79000092,38.36999893,38.49000168,36.54604721,27594800
2024-05-15,38.79999924,39.24000168,38.77999878,38.90999985,36.94482803,34084400
2024-05-16,38.91999817,39.36000061,38.70999908,39.22000122,37.2391777,32554200
2024-05-17,39.45000076,39.49000168,39.15999985,39.29000092,37.30563736,25537300
2024-05-20,39.25999832,39.47000122,38.79000092,38.81999969,36.859375,28369800
2024-05-21,38.77000046,39.75,38.77000046,39.65000153,37.64745331,31799200
2024-05-22,39.40999985,39.81000137,39.34000015,39.75999832,37.75189209,42837600
2024-05-23,39.77000046,39.84000015,38.93999863,39.16999817,37.19169998,39033900
2024-05-24,39.15999985,39.77999878,39.06999969,39.70000076,37.69493103,22166300
2024-05-28,39.65000153,39.74000168,39.11000061,39.31999969,37.33411789,31217900
2024-05-29,38.84000015,38.90000153,38.56000137,38.72000122,36.76442337,26677500
2024-05-30,38.72999954,39.11999893,37.59000015,38.63000107,36.67896652,50989100
2024-05-31,38.70000076,40.08000183,38.65999985,39.99000168,37.97027969,58188400
2024-06-03,40.04000092,40.18999863,39.36000061,39.88000107,37.8658371,31898600
2024-06-04,39.61999893,40.13999939,39.41999817,39.68000031,37.67593765,26974200
2024-06-05,39.81999969,39.99000168,39.52000046,39.95999908,37.94179535,34140300
2024-06-06,39.90999985,40.0,39.41999817,39.70000076,37.69493103,38676400
2024-06-07,39.27999878,39.95999908,39.27999878,39.77999878,38.00061798,25928700
2024-06-10,39.58000183,39.84000015,39.20999908,39.66999817,37.89553833,37176200
2024-06-11,39.33000183,39.34999847,38.45999908,38.86000061,37.12176895,44629000
2024-06-12,39.79999924,39.88000107,39.09999847,39.40999985,37.64716721,38964700
2024-06-13,39.29000092,39.34999847,38.93000031,39.25999832,37.50387573,40018700
2024-06-14,39.09999847,39.47999954,38.90999985,39.24000168,37.48477554,32347900
2024-06-17,39.09000015,39.52999878,38.97999954,39.50999832,37.74269485,26135400
2024-06-18,39.56000137,40.02000046,39.45999908,39.99000168,38.20122147,30804500
2024-06-20,39.77999878,40.31000137,39.75,39.99000168,38.20122147,29383300
2024-06-21,39.84999847,39.90999985,39.36999893,39.49000168,37.72359085,72244900
2024-06-24,39.77000046,40.34000015,39.65000153,40.02000046,38.22988129,31064900
2024-06-25,39.77999878,40.06999969,39.34999847,39.38000107,37.6185112,30596000
2024-06-26,39.16999817,39.34999847,38.47000122,39.0,37.25550842,44310200
2024-06-27,38.70000076,39.34999847,38.34000015,39.25,37.49432373,29464200
2024-06-28,39.74000168,40.06000137,39.31999969,39.77000046,37.99106979,52028200
2024-07-01,39.90999985,40.34000015,39.66999817,40.00999832,38.22032547,26770500
2024-07-02,40.0,40.95999908,39.95999908,40.93000031,39.09917831,35626100
2024-07-03,41.02000046,41.20000076,40.75,40.90000153,39.07051468,17100700
2024-07-05,40.93000031,40.95999908,40.29000092,40.40999985,38.60243607,23489000
2024-07-08,40.59999847,41.04000092,40.43000031,40.61999893,38.80304337,26728500
2024-07-09,40.75999832,41.83000183,40.59999847,41.41999817,39.56726074,34697200
2024-07-10,41.27999878,41.75999832,41.06999969,41.74000168,39.87294388,25333400
2024-07-11,41.77000046,41.90000153,41.38999939,41.81000137,39.93981552,33824600
2024-07-12,41.49000168,41.91999817,41.09000015,41.59000015,39.72965622,31856600
2024-07-15,41.84999847,42.22999954,41.70000076,41.88999939,40.01623535,36648100
2024-07-16,42.52000046,44.40000153,42.22000122,44.13000107,42.15604019,75953300
2024-07-17,43.65000153,44.43999863,43.65000153,43.97999954,42.01274872,65713600
2024-07-18,43.61999893,44.24000168,42.93000031,43.00999832,41.08613586,48549200
2024-07-19,42.86000061,43.56000137,42.68999863,42.90000153,40.98105621,43903000
2024-07-22,42.63999939,42.86999893,41.95999908,42.29999924,40.40789032,42838300
2024-07-23,42.22000122,42.77999878,42.15000153,42.40999985,40.51296997,36705100
2024-07-24,42.27999878,42.75,42.06999969,42.18999863,40.30281448,36567200
2024-07-25,42.02000046,42.29999924,41.65999985,41.68000031,39.81562805,41593900
2024-07-26,41.58000183,41.95999908,41.40999985,41.66999817,39.80606842,52049300
2024-07-29,41.77999878,41.88000107,40.97999954,41.09000015,39.25201797,37133100
2024-07-30,41.04999924,41.88999939,40.81000137,41.27999878,39.43351364,44163200
2024-07-31,41.22999954,41.38000107,40.22000122,40.31000137,38.50690842,50851600
2024-08-01,40.43999863,40.45000076,38.97999954,39.5,37.73313904,60107800
2024-08-02,38.0,38.52999878,37.18000031,37.58000183,35.89902496,76728000
2024-08-05,35.65000153,36.95999908,35.13999939,36.65000153,35.01062393,76075200
2024-08-06,36.65000153,37.31000137,36.54000092,36.91999817,35.26854706,40614100
2024-08-07,38.09999847,38.59000015,37.27000046,37.29999924,35.63154221,44952400
2024-08-08,37.81999969,38.41999817,37.65999985,38.20999908,36.50083923,36557800
2024-08-09,38.15999985,38.45000076,37.90999985,38.27999878,36.56770706,26411200
2024-08-12,38.5,38.72999954,38.00999832,38.16999817,36.46262741,33040600
2024-08-13,38.36999893,38.47999954,38.11999893,38.45999908,36.73965836,21553500
2024-08-14,38.52000046,38.91999817,38.43000031,38.81000137,37.07400513,25658900
2024-08-15,39.43000031,39.68000031,38.97000122,39.02999878,37.28416061,37379800
2024-08-16,39.0,39.41999817,38.99000168,39.34000015,37.58029938,26886600
2024-08-19,39.47999954,39.74000168,39.45000076,39.66999817,37.89553833,27268900
2024-08-20,39.11999893,39.24000168,38.34000015,38.68999863,36.95936966,44440800
2024-08-21,38.86999893,38.99000168,38.38999939,38.75,37.01669312,33751100
2024-08-22,38.77999878,39.29000092,38.56999969,39.24000168,37.48477554,35421600
2024-08-23,39.27000046,40.16999817,39.27000046,39.77000046,37.99106979,45616600
2024-08-26,40.0,40.20000076,39.65999985,39.91999817,38.13435364,44659500
2024-08-27,40.0,40.13000107,39.61000061,39.66999817,37.89553833,32323900
2024-08-28,39.34000015,40.27000046,39.33000183,39.95000076,38.16300964,40700500
2024-08-29,40.04999924,40.34000015,39.52999878,40.16999817,38.37316895,34810800
2024-08-30,40.16999817,40.86000061,40.13000107,40.75,38.92722321,49098200
2024-09-03,40.58000183,40.90000153,40.22999954,40.70000076,38.87946701,48489300
2024-09-04,40.65999985,40.95000076,40.27999878,40.5,38.68841171,39629600
2024-09-05,40.79999924,40.93999863,40.00999832,40.13999939,38.34451294,34214500
2024-09-06,39.77000046,39.88000107,38.56000137,38.75999832,37.26763535,47007600
2024-09-09,39.25,39.70999908,39.09999847,39.47000122,37.95030594,37610200
2024-09-10,39.84000015,39.84000015,38.33000183,39.27999878,37.76761246,53983900
2024-09-11,38.99000168,39.02999878,38.00999832,39.0,37.49839783,41190000
2024-09-12,39.04999924,39.33000183,38.52999878,38.77999878,37.28686142,39921600
2024-09-13,38.88000107,39.09000015,38.43999863,38.65000153,37.16187286,31887300
2024-09-16,38.81000137,39.20999908,38.79000092,39.09999847,37.59454727,26336400
2024-09-17,39.27999878,39.79999924,39.20999908,39.54999924,38.02722168,27769400
2024-09-18,39.61999893,40.11999893,39.41999817,39.61999893,38.0945282,42527800
2024-09-19,40.04000092,41.04999924,40.00999832,40.86999893,39.29639435,57977800
2024-09-20,40.61999893,40.72999954,40.24000168,40.27000046,38.71949768,70725000
2024-09-23,40.20999908,40.43999863,39.75,39.86999893,38.33489227,31714800
2024-09-24,39.84999847,39.97999954,39.25,39.45000076,37.93107224,32534900
2024-09-25,39.25,39.40999985,38.93999863,39.25,37.73876953,28866000
2024-09-26,39.38999939,39.72000122,39.11000061,39.52000046,37.99837875,39601400
2024-09-27,39.65000153,39.90000153,39.34999847,39.40000153,37.88299942,27861100
2024-09-30,39.22999954,39.79000092,39.02000046,39.68000031,38.15221405,35055200
2024-10-01,39.50999832,39.56000137,38.93999863,39.22000122,37.70993042,26291200
2024-10-02,39.25,39.54000092,39.04999924,39.22999954,37.71954346,23302700
2024-10-03,38.97999954,39.27000046,38.72999954,39.25,37.73876953,26030200
2024-10-04,39.93000031,40.25,39.61999893,40.11000061,38.5656662,34209900
2024-10-07,40.20999908,40.43999863,39.70999908,39.95999908,38.4214325,27177500
2024-10-08,40.04999924,40.15000153,39.81000137,39.93000031,38.39259338,26023600
2024-10-09,39.86999893,40.38999939,39.72000122,40.18999863,38.64258194,27421000
2024-10-10,40.00999832,40.13000107,39.77000046,39.97000122,38.43105316,26182300
2024-10-11,40.5,42.16999817,40.40000153,41.95000076,40.33481598,50660700
2024-10-14,41.95999908,42.18000031,41.72000122,41.90999985,40.29635239,28098900
2024-10-15,43.22999954,43.36000061,42.04999924,42.13999939,40.51749802,61490000
2024-10-16,42.20999908,43.09999847,42.15000153,42.79999924,41.15208817,42437800
2024-10-17,42.83000183,43.0,42.47000122,42.59999847,40.95978546,31708600
2024-10-18,42.43000031,42.65000153,42.11000061,42.31999969,40.69057465,30593500
2024-10-21,42.25,42.40999985,41.74000168,41.75999832,40.15212631,26589500
2024-10-22,41.65000153,42.40999985,41.56999969,42.29999924,40.67133331,37104400
2024-10-23,42.20000076,42.47000122,42.02000046,42.34000015,40.70979309,28569400
2024-10-24,42.31999969,42.65999985,41.97000122,42.65000153,41.00786591,28392000
2024-10-25,42.91999817,42.97999954,41.79000092,41.88999939,40.27712631,27466900
2024-10-28,42.06999969,42.75,42.00999832,42.61999893,40.97901154,24527600
2024-10-29,42.59000015,42.81000137,42.47000122,42.52999878,40.89248276,22313500
2024-10-30,41.70999908,42.90000153,41.63999939,42.31000137,40.68095779,38100500
2024-10-31,42.29000092,42.54999924,41.79999924,41.81999969,40.20982361,28138200
2024-11-01,42.15000153,42.43000031,41.75,41.75999832,40.15212631,31220000
2024-11-04,41.61000061,42.02000046,41.11000061,41.33000183,39.73868942,31110100
2024-11-05,41.50999832,42.00999832,41.38000107,41.88000107,40.26750946,30851400
2024-11-06,44.79999924,45.54999924,44.0,45.40999985,43.66159058,110086700
2024-11-07,45.04000092,45.22999954,44.50999832,44.77000046,43.04623795,48339700
2024-11-08,45.13999939,45.5,44.95000076,45.13000107,43.39237595,38331800
2024-11-11,45.59999847,46.52000046,45.58000183,46.08000183,44.30579758,43293500
2024-11-12,46.13999939,46.45000076,45.84000015,45.86000061,44.09427261,38155900
2024-11-13,46.20000076,46.47999954,45.83000183,45.86999893,44.10388565,36903900
2024-11-14,45.95000076,46.15999985,45.72999954,45.90000153,44.13273239,35733100
2024-11-15,45.61999893,46.84000015,45.61999893,46.75,44.95000458,40488900
2024-11-18,46.75,47.02000046,46.49000168,46.72000122,44.92115402,32360300
2024-11-19,45.99000168,46.61999893,45.95000076,46.40999985,44.62309647,28534100
2024-11-20,46.56999969,46.63999939,45.91999817,46.06000137,44.28656769,28021000
2024-11-21,46.38999939,47.04999924,46.29999924,46.45999908,44.67116165,45336500
2024-11-22,46.36999893,47.22000122,46.27999878,47.0,45.19037247,37996200
2024-11-25,47.25999832,47.74000168,47.15999985,47.5,45.6711235,42718600
2024-11-26,47.50999832,47.84000015,47.20999908,47.75,45.91149902,30301500
2024-11-27,47.81999969,47.97999954,47.65000153,47.77000046,45.93072891,23278400
2024-11-29,47.79999924,48.08000183,47.5,47.50999832,45.68074036,23262000
2024-12-02,47.74000168,47.81999969,46.84999847,47.04000092,45.22883224,35891500
2024-12-03,47.36999893,47.47999954,46.65000153,46.81999969,45.01731491,38123800
2024-12-04,46.68999863,46.77999878,46.13000107,46.36999893,44.58463287,24941300
2024-12-05,46.56000137,47.24000168,46.5,47.0,45.19037247,31572100
2024-12-06,47.06000137,47.06000137,46.40000153,46.75,45.20004654,28931700
2024-12-09,46.56000137,46.75,45.90000153,45.90999985,44.38789749,34660900
2024-12-10,45.90999985,46.29000092,45.59000015,45.75,44.23320007,35665800
2024-12-11,46.0,46.15999985,45.47000122,46.08000183,44.55225754,36790500
2024-12-12,46.13999939,46.47000122,45.91999817,46.08000183,44.55225754,24017300
2024-12-13,46.09000015,46.09999847,45.38000107,45.66999817,44.15584946,32902300
2024-12-16,45.59000015,45.68000031,45.15999985,45.47000122,43.96248245,27330400
2024-12-17,45.18999863,45.18999863,44.61999893,45.04999924,43.55640411,33054600
2024-12-18,45.13999939,45.43000031,43.34999847,43.5,42.05779648,41771900
2024-12-19,43.97000122,44.47999954,43.31000137,43.38000107,41.94177628,38583600
2024-12-20,43.20000076,44.40000153,43.09999847,44.16999817,42.70557785,74222200
2024-12-23,43.90000153,44.11000061,42.77999878,43.88999939,42.43486404,35374800
2024-12-24,43.93000031,44.41999817,43.93000031,44.38000107,42.90861893,12054400
2024-12-26,44.20999908,44.58000183,44.11000061,44.54999924,43.07298279,16077400
2024-12-27,44.24000168,44.77999878,44.06000137,44.34000015,42.86994171,17972500
2024-12-30,43.88999939,44.13999939,43.54999924,43.90999985,42.45420456,16109800
2024-12-31,44.04000092,44.22999954,43.70999908,43.95000076,42.49287796,16110400
2025-01-02,44.13999939,44.59000015,43.79999924,44.29000092,42.82159805,25610600
2025-01-03,44.75,44.84999847,44.15000153,44.81000137,43.32436371,23455700
2025-01-06,45.15999985,46.15000153,45.09999847,45.40000153,43.89480591,30518500
2025-01-07,46.27999878,46.65000153,45.65000153,46.08000183,44.55225754,41111200
2025-01-08,45.90000153,46.25999832,45.68999863,46.20999908,44.67794418,40246000
2025-01-10,46.0,46.04999924,44.74000168,45.11000061,43.61441422,40741300
2025-01-13,45.09999847,45.34000015,44.68999863,45.06000137,43.56607437,34353600
2025-01-14,45.59999847,45.91999817,45.22999954,45.77999878,44.26220322,36379000
2025-01-15,47.11999893,47.45999908,46.84000015,47.09999847,45.5384407,57154800
2025-01-16,47.0,47.50999832,45.81999969,46.63999939,45.09369278,56339300
2025-01-17,46.61000061,46.88000107,46.08000183,46.52999878,44.98733902,44486100
2025-01-21,46.61999893,47.15000153,46.54000092,46.65999985,45.11302567,52089100
2025-01-22,46.59999847,46.72999954,45.75999832,45.79000092,44.27187347,40296200
2025-01-23,46.04999924,46.88999939,46.04999924,46.38999939,44.8519783,35324100
2025-01-24,46.22999954,46.86000061,46.15000153,46.52000046,44.97767258,24655100
2025-01-27,46.54999924,47.13999939,46.38000107,47.09000015,45.52877045,44260000
2025-01-28,47.08000183,47.43999863,46.70999908,46.84000015,45.28705597,27156600
2025-01-29,46.75,47.38999939,46.63999939,46.75,45.20004654,23681500
2025-01-30,47.11000061,47.16999817,46.40000153,46.72000122,45.17103577,31199900
2025-01-31,46.70000076,46.83000183,46.15999985,46.29999924,44.76496124,30388900
2025-02-03,45.41999817,46.47999954,45.11000061,46.20999908,44.67794418,36497700
2025-02-04,46.34999847,47.13000107,46.27000046,46.70999908,45.16136932,32894000
2025-02-05,46.97999954,47.13000107,46.63999939,47.11000061,45.54811096,27696600
2025-02-06,47.43999863,47.97999954,47.16999817,47.74000168,46.15722656,39793400
2025-02-07,47.84000015,47.97000122,47.38000107,47.40000153,45.82849503,26504700
2025-02-10,47.47999954,47.56000137,46.40000153,46.66999817,45.12269592,26725200
2025-02-11,46.54999924,46.93000031,46.27999878,46.79000092,45.23871613,20314900
2025-02-12,46.56999969,46.58000183,45.93999863,46.20999908,44.67794418,29777100
2025-02-13,46.52000046,46.56999969,45.97000122,46.33000183,44.79397202,26815400
2025-02-14,46.47999954,47.09000015,46.47999954,46.95999908,45.40307617,25960500
2025-02-18,46.56000137,46.65000153,46.15999985,46.52999878,44.98733902,37824100
2025-02-19,45.88000107,46.06000137,45.41999817,46.00999832,44.48457336,38967800
2025-02-20,45.90000153,46.18999863,45.04000092,45.29999924,43.79811478,40001100
2025-02-21,45.25,45.50999832,44.54000092,44.81000137,43.32436371,43485900
2025-02-24,45.02999878,45.38999939,44.43999863,44.45999908,42.98596191,35512200
2025-02-25,44.52999878,44.84000015,43.34999847,43.93999863,42.4832077,38119000
2025-02-26,44.04000092,44.54999924,43.86000061,43.93999863,42.4832077,32251700
2025-02-27,44.09000015,44.77999878,43.93999863,44.11999893,42.65723801,28477700
2025-02-28,44.31999969,46.20000076,44.20000076,46.09999847,44.57159424,62621100
2025-03-03,46.20999908,46.95999908,45.22000122,45.56000137,44.04949951,46946000
2025-03-04,44.72999954,44.84000015,42.02999878,42.66999817,41.25531006,78278100
2025-03-05,42.65000153,42.72999954,41.70999908,42.29000092,40.88791275,52588900
2025-03-06,41.59000015,41.88999939,40.95999908,41.45999908,40.08543015,58103500
2025-03-07,41.31000137,41.72999954,40.61000061,41.40000153,40.28002548,50651400
2025-03-10,40.40000153,40.61999893,39.18000031,39.83000183,38.752491,77498400
2025-03-11,39.70000076,40.65999985,39.27000046,39.61000061,38.53844452,50608400
2025-03-12,40.31000137,40.5,39.20000076,39.90999985,38.8303299,42290700
2025-03-13,39.97000122,40.18999863,39.33000183,39.66999817,38.59682465,37766100
2025-03-14,40.25999832,41.02000046,40.16999817,40.88999939,39.78381729,35979900
2025-03-17,40.91999817,41.77000046,40.59000015,41.43999863,40.31893921,37242800
2025-03-18,41.72000122,41.83000183,41.29000092,41.65000153,40.52326202,37644500
2025-03-19,41.72000122,42.70000076,41.29999924,42.20999908,41.06811142,42471100
2025-03-20,41.75999832,42.72000122,41.65000153,42.47999954,41.33080292,41018100
2025-03-21,42.15999985,42.65999985,41.88999939,42.47000122,41.32107544,65011000
2025-03-24,42.93000031,43.15000153,42.75,43.06999969,41.90484238,30646100
2025-03-25,43.34999847,43.52999878,43.04000092,43.27999878,42.10916138,25445300
2025-03-26,43.45999908,43.72000122,42.72999954,42.81999969,41.66160202,30012100
2025-03-27,42.81999969,43.09000015,42.52000046,42.56000137,41.408638,25619200
2025-03-28,42.43999863,42.61999893,40.99000168,41.25,40.13408279,34253000
2025-03-31,40.77999878,41.90000153,40.59999847,41.72999954,40.60109329,36390000
2025-04-01,41.31999969,41.70000076,40.97000122,41.49000168,40.36758804,25578500
2025-04-02,40.88000107,41.97000122,40.81999969,41.84999847,40.71784592,28216100
2025-04-03,38.63000107,38.84000015,37.02000046,37.22000122,36.21310043,115497900
2025-04-04,35.29000092,35.79000092,33.66999817,34.38999939,33.45965958,107761200
2025-04-07,34.97000122,36.63000107,33.54000092,35.58000183,34.61746979,137329100
2025-04-08,36.86000061,37.33000183,34.33000183,35.02999878,34.08234406,79116300
2025-04-09,34.04999924,37.84999847,33.06999969,37.15000153,36.14499283,161173500
2025-04-10,36.31999969,36.40000153,34.63000107,35.84999847,34.88015747,90451800
2025-04-11,35.20000076,36.22999954,34.81000137,35.95000076,34.97745895,63671900
2025-04-14,36.49000168,36.99000168,36.27000046,36.66999817,35.67797852,46830600
2025-04-15,37.79999924,38.75,37.79999924,37.99000168,36.96227264,84677800
2025-04-16,37.86000061,38.15999985,36.97000122,37.33000183,36.32012558,52872700
2025-04-17,37.50999832,37.86999893,37.24000168,37.40999985,36.39796066,47144400
2025-04-21,37.06999969,37.27999878,36.49000168,36.91999817,35.92121506,34928300
2025-04-22,37.56999969,38.49000168,37.40000153,38.31999969,37.28334045,42288900
2025-04-23,39.40999985,40.13000107,38.66999817,38.75,37.70170975,54428400
2025-04-24,38.65999985,39.70000076,38.59999847,39.58000183,38.50926208,42457100
2025-04-25,39.54000092,39.79000092,39.31999969,39.68999863,38.61627579,32694200
2025-04-28,39.79999924,40.08000183,39.45999908,39.77999878,38.70384598,37428000
2025-04-29,39.63000107,40.13999939,39.47999954,39.99000168,38.90816498,33792500
2025-04-30,39.36000061,40.0,38.81999969,39.88000107,38.80113983,40994600
2025-05-01,39.81999969,40.43999863,39.58000183,40.16999817,39.0832901,33569100
2025-05-02,40.90999985,41.22999954,40.70000076,41.06999969,39.95894623,41613000
2025-05-05,40.84999847,41.49000168,40.61999893,41.11999893,40.00759125,32829200
2025-05-06,40.65000153,41.27000046,40.56000137,40.84000015,39.73517227,29541800
2025-05-07,41.04000092,41.34000015,40.86000061,40.93000031,39.82273483,30925900
2025-05-08,41.29000092,42.15000153,41.25,41.59999847,40.47460556,41861700
2025-05-09,41.72999954,41.97999954,41.68999863,41.79000092,40.6594696,27222800
2025-05-12,43.31999969,43.95999908,42.93999863,43.36000061,42.18699646,44875100
2025-05-13,43.41999817,44.49000168,43.41999817,44.27999878,43.08211136,43232500
2025-05-14,44.18999863,44.91999817,44.13000107,44.74000168,43.5296669,42419500
2025-05-15,44.59999847,44.97999954,44.00999832,44.38000107,43.1794014,47379400
2025-05-16,44.34000015,44.79000092,43.65999985,44.68999863,43.48101044,49488100
2025-05-19,44.11000061,45.13999939,44.11000061,44.77000046,43.55885315,37915700
2025-05-20,44.59000015,44.90999985,44.40999985,44.68999863,43.48101044,33424300
2025-05-21,44.36999893,44.49000168,43.15000153,43.25,42.07997131,55594100
2025-05-22,43.18000031,43.56999969,42.95999908,43.31000137,42.13835144,29026200
2025-05-23,42.47999954,43.43000031,42.34999847,43.20000076,42.03133011,34875100
2025-05-27,43.79000092,44.22000122,43.29999924,44.22000122,43.02373505,36322000
2025-05-28,44.20999908,44.43999863,43.95999908,44.06000137,42.86806488,35673800
2025-05-29,44.36999893,44.45999908,43.90000153,44.24000168,43.04319382,28545100
2025-05-30,44.18999863,44.29999924,43.72000122,44.13000107,42.93616867,66537500
2025-06-02,43.88000107,44.15000153,43.36000061,44.08000183,42.88751602,28582600
2025-06-03,44.00999832,44.72999954,43.93999863,44.65000153,43.44210052,31320200
2025-06-04,44.59999847,45.09000015,44.34000015,44.36000061,43.15994263,30591700
2025-06-05,44.45000076,44.58000183,44.00999832,44.38000107,43.1794014,32020900
2025-06-06,44.68999863,45.16999817,44.63999939,44.97000122,44.01128387,37013000
2025-06-09,45.11000061,45.40000153,44.77999878,44.86999893,43.91341019,32414000
2025-06-10,44.79999924,45.20000076,44.75,45.09000015,44.12872314,32229100
2025-06-11,45.20000076,45.40999985,44.54999924,44.72999954,43.77639771,47873500
2025-06-12,44.40000153,44.65000153,44.02000046,44.61999893,43.66873932,30165400
2025-06-13,44.0,44.45999908,43.65999985,44.09000015,43.1500473,43281700
2025-06-16,44.63999939,44.88999939,44.34999847,44.40999985,43.46321869,34103600
2025-06-17,44.27000046,44.66999817,44.06000137,44.22999954,43.28705597,27489600
2025-06-18,44.25999832,45.20000076,44.20999908,45.06000137,44.09936523,37684700
2025-06-20,45.31000137,45.65000153,45.27000046,45.5,44.52997971,64591600
2025-06-23,45.40000153,46.36999893,45.11000061,46.29999924,45.31292725,42683600
2025-06-24,46.75,47.18999863,46.56999969,46.65999985,45.66524887,45437600
2025-06-25,46.58000183,46.97999954,46.45999908,46.84999847,45.8512001,33532400
2025-06-26,46.95000076,47.58000183,46.90000153,47.45999908,46.44819641,40127000
2025-06-27,47.45000076,47.66999817,46.90999985,47.11999893,46.115448,56705000
2025-06-30,47.61999893,47.61999893,47.02999878,47.31999969,46.31118011,47921200
2025-07-01,47.02000046,48.41999817,46.93999863,48.15000153,47.12348557,48540900
2025-07-02,48.36000061,48.72999954,48.06000137,48.70999908,47.67154312,48003600
2025-07-03,48.95000076,49.31000137,48.81000137,48.93000031,47.88685608,21620300
2025-07-07,48.74000168,49.20999908,48.36999893,48.65999985,47.622612,35567900
2025-07-08,47.5,47.79000092,46.75999832,47.15000153,46.14480591,88086500
2025-07-09,47.15999985,47.45000076,46.70999908,46.84000015,45.84141159,46227900
2025-07-10,46.90000153,47.22000122,46.77999878,46.97000122,45.968647,44225000
2025-07-11,46.63999939,46.81000137,46.25,46.72999954,45.73376083,31653000
2025-07-14,46.81000137,47.06999969,46.54999924,47.06999969,46.06651306,36381200
2025-07-15,46.88000107,47.00999832,45.95000076,46.15000153,45.16612625,55145000
2025-07-16,46.25,46.56000137,45.00999832,46.02999878,45.04868317,61296600
2025-07-17,45.63999939,47.22000122,45.43999863,47.02000046,46.01757813,56480700
2025-07-18,47.00999832,47.38000107,46.90000153,47.31999969,46.31118011,48314200
2025-07-21,47.54000092,48.04000092,47.20000076,47.47999954,46.46776962,32199700
2025-07-22,47.59999847,48.16999817,47.45999908,47.77000046,46.75158691,34749400
2025-07-23,48.00999832,48.31000137,47.81000137,48.13999939,47.11369705,31380100
2025-07-24,48.49000168,49.0,48.20999908,48.38999939,47.35836792,42967600
2025-07-25,48.38999939,48.54999924,47.93999863,48.45000076,47.41709137,24461200
2025-07-28,48.45000076,48.54000092,48.08000183,48.22999954,47.20177841,20590400
2025-07-29,48.38999939,48.50999832,47.88999939,47.95000076,46.92774963,26216500
2025-07-30,48.25999832,48.5,47.74000168,47.95999908,46.93753433,32265900
2025-07-31,47.75999832,48.02999878,47.18999863,47.27000046,46.26224518,40016300
2025-08-01,46.36000061,46.40999985,45.31999969,45.65999985,44.68657303,52310400
2025-08-04,45.95999908,46.11000061,45.63999939,45.84999847,44.87252045,31038900
2025-08-05,45.95000076,46.0,44.75,45.56000137,44.58870316,36798300
2025-08-06,45.70999908,45.93999863,45.38999939,45.41999817,44.45168686,27916800
2025-08-07,45.70999908,45.75999832,44.77999878,44.91999817,43.96234512,30609900
2025-08-08,45.15000153,46.29999924,44.97999954,46.00999832,45.02910614,37131600
2025-08-11,46.06000137,46.52000046,45.81000137,46.15999985,45.17591095,35559400
2025-08-12,46.47999954,47.65999985,46.36000061,47.5,46.48734665,35481200
2025-08-13,47.68000031,47.75999832,46.99000168,47.24000168,46.23289108,29465100
2025-08-14,47.09000015,47.72999954,46.88999939,47.70999908,46.69286346,21073800
2025-08-15,47.75,47.81999969,46.90000153,46.93999863,45.93928146,26276900
2025-08-18,46.91999817,48.04000092,46.79000092,47.91999817,46.89839172,43125100
2025-08-19,47.81999969,48.11999893,47.63000107,48.08000183,47.05497742,33783400
2025-08-20,48.16999817,48.5,47.86999893,48.34999847,47.31921768,30822200
2025-08-21,48.27000046,48.49000168,47.81000137,48.25999832,47.23114014,28713200
2025-08-22,48.52000046,49.65999985,48.45999908,49.47999954,48.42513275,45078900
2025-08-25,49.38999939,49.65999985,49.20999908,49.47999954,48.42513275,34715700
2025-08-26,49.25,50.25999832,49.25,50.25,49.17871857,40609300
2025-08-27,50.02999878,50.63000107,49.99000168,50.38000107,49.30594635,42428200
2025-08-28,50.54999924,50.63999939,50.27999878,50.49000168,49.41359711,32949400
2025-08-29,50.50999832,50.91999817,50.50999832,50.74000168,49.65826797,32496500
2025-09-02,50.22000122,50.47000122,49.66999817,50.41999817,49.34508896,52719800
2025-09-03,50.40000153,50.56999969,49.70000076,50.06000137,48.99276733,38344200
2025-09-04,50.24000168,50.83000183,50.11999893,50.61999893,49.54082489,34796900
2025-09-05,50.43999863,50.79000092,49.22999954,49.77000046,48.97987366,40063300
2025-09-08,49.79999924,49.90999985,48.88000107,49.45999908,48.67479706,48033100
2025-09-09,49.5,50.56000137,49.45999908,50.29000092,49.49162292,40060100
2025-09-10,50.36999893,50.63000107,49.97000122,50.13000107,49.33416367,31706300
2025-09-11,50.13999939,50.95999908,49.99000168,50.75,49.94432068,28055200
2025-09-12,50.70000076,50.93000031,50.45999908,50.58000183,49.77702332,27851100
2025-09-15,50.84999847,51.09000015,50.45999908,50.59000015,49.7868576,29043600
2025-09-16,50.63999939,50.88000107,50.20999908,50.65999985,49.85574722,31624400
2025-09-17,50.86000061,51.63000107,50.79000092,51.40000153,50.58400345,38337900
2025-09-18,51.49000168,52.18999863,51.29999924,52.13000107,51.30241394,35246900
2025-09-19,52.15000153,52.65999985,51.75999832,52.25,51.42050552,98970700
2025-09-22,51.75999832,52.34999847,51.75999832,51.91999817,51.09574509,27468000
2025-09-23,52.0,52.88000107,51.52000046,51.70000076,50.87923431,28278200
2025-09-24,51.84999847,52.25,51.45999908,51.70000076,50.87923431,27010400
2025-09-25,51.47999954,52.33000183,51.43999863,51.84999847,51.02685165,22957900
2025-09-26,52.11000061,52.61999893,51.97999954,52.20999908,51.38114166,20025800
2025-09-29,52.36000061,52.54999924,52.11000061,52.41999817,51.58780289,23701000
2025-09-30,52.47999954,52.56999969,51.02000046,51.59000015,50.77098465,29945000
2025-10-01,51.29999924,51.68000031,50.56000137,50.68000031,49.87543106,27709100
2025-10-02,50.65000153,50.84999847,50.06999969,50.47999954,49.67860794,22757200
2025-10-03,50.61999893,51.13000107,50.54999924,50.63999939,49.83606339,24565700
2025-10-06,50.93000031,51.31999969,49.88999939,50.38999939,49.59003448,25386300
2025-10-07,50.54999924,50.90999985,50.13000107,50.29000092,49.49162292,24107300
2025-10-08,50.40000153,50.50999832,49.77999878,49.84000015,49.04876709,24014200
2025-10-09,50.0,50.27999878,49.66999817,49.79000092,48.99956131,21816900
2025-10-10,49.93000031,50.13999939,48.54999924,48.65000153,47.87766266,31831900
2025-10-13,49.20000076,49.40000153,48.81000137,48.86000061,48.08432388,34462800
2025-10-14,48.84999847,50.5,48.52999878,50.09000015,49.2947998,42462600
2025-10-15,51.56999969,52.84999847,51.22999954,52.27999878,51.45003128,69992200
2025-10-16,52.59999847,52.75999832,50.0,50.43999863,49.63923645,49027700
2025-10-17,50.95000076,51.77000046,50.33000183,51.27999878,50.46590042,48915400
2025-10-20,51.43999863,52.27999878,51.36999893,52.04000092,51.21384048,25786000
2025-10-21,52.09000015,52.36999893,51.43999863,51.52000046,50.70209885,27303400
2025-10-22,51.5,51.58000183,50.43999863,51.09999847,50.28876495,34955000
2025-10-23,51.47999954,51.79999924,51.11000061,51.75999832,50.93828583,26028800
2025-10-24,51.84999847,52.81999969,51.84999847,52.56999969,51.73542404,38923900
2025-10-27,52.79999924,53.06999969,52.52999878,53.02000046,52.17828369,27345800
2025-10-28,53.0,53.27999878,52.34000015,52.86999893,52.03066254,29575200
2025-10-29,52.65999985,53.00999832,52.31999969,52.58000183,51.74527359,29158800
2025-10-30,52.66999817,53.43999863,52.56000137,53.02999878,52.1881218,37548600
2025-10-31,52.79000092,53.63999939,52.77000046,53.45000076,52.6014595,39295700
2025-11-03,53.25999832,53.63999939,52.70999908,53.56000137,52.70970917,31252300
2025-11-04,53.02000046,54.0,52.72000122,53.54000092,52.69002914,47226600
2025-11-05,52.95999908,53.06999969,51.74000168,52.45000076,51.61733246,54353600
2025-11-06,53.41999817,53.75,52.77000046,53.29000092,52.44399643,55296000
2025-11-07,53.15000153,53.58000183,52.70999908,53.20000076,52.35542679,40537700
2025-11-10,53.40999985,53.99000168,53.34000015,53.41999817,52.57193375,26094600
2025-11-11,53.75,53.97999954,53.27999878,53.63000107,52.77859879,22244300
2025-11-12,53.88999939,54.68999863,53.77000046,54.11000061,53.25098038,40536700
2025-11-13,53.79000092,54.20999908,52.77000046,52.86999893,52.03066254,37716100
2025-11-14,52.86000061,52.90000153,52.02999878,52.61000061,51.77479172,32363100
2025-11-17,52.58000183,52.58000183,51.38999939,51.47999954,50.66273117,35546800
2025-11-18,51.27999878,52.18000031,51.15000153,51.63999939,50.82019043,35189500
2025-11-19,51.66999817,52.49000168,51.66999817,52.02000046,51.19415665,28112300
2025-11-20,52.5,52.95000076,50.97000122,51.0,50.19035339,36661600
2025-11-21,51.29000092,51.77999878,50.70000076,51.56000137,50.74146271,43867200
2025-11-24,51.65000153,52.24000168,51.40000153,51.93000031,51.10558319,52852100
2025-11-25,52.25,52.88000107,51.86000061,52.47999954,51.6468544,41310100
2025-11-26,52.70000076,53.25,52.54999924,52.99000168,52.14875793,32045600
2025-11-28,53.11000061,53.93999863,53.04999924,53.65000153,52.79828644,18920800
2025-12-01,53.5,53.90000153,53.20999908,53.24000168,52.39479065,30536500
2025-12-02,53.52999878,53.63999939,52.97000122,53.18999863,52.34558105,46073500
2025-12-03,53.25,54.24000168,53.18000031,54.09000015,53.23129654,37134400
2025-12-04,54.20999908,54.68999863,54.0,54.15999985,53.30018234,38529600
2025-12-05,53.93000031,54.83000183,53.74000168,53.95000076,53.36943436,33986500
2025-12-08,53.90000153,54.20999908,53.49000168,53.90000153,53.31996918,34386600
2025-12-09,53.97000122,54.27999878,53.27000046,53.54000092,52.9638443,47189300
2025-12-10,53.59000015,54.54999924,53.34000015,54.08000183,53.49803543,54424400
2025-12-11,53.95000076,54.65000153,53.75,54.56000137,53.97286987,35686900
2025-12-12,54.77999878,55.29999924,54.34999847,55.13999939,54.54662323,40539400
2025-12-15,55.40999985,56.06999969,55.06999969,55.33000183,54.73458099,32881300
2025-12-16,55.13999939,55.34999847,54.68999863,54.81000137,54.2201767,32931900
2025-12-17,55.11999893,55.56999969,54.45999908,54.54999924,53.96297455,35304100
2025-12-18,54.79999924,55.15000153,53.77000046,54.25999832,53.67609406,87452700
2025-12-19,54.52000046,55.31000137,54.38000107,55.27000046,54.67522812,73001900
2025-12-22,55.36999893,56.11000061,55.34000015,55.88000107,55.27866364,33408800
2025-12-23,55.81000137,56.22000122,55.81000137,55.97000122,55.36769485,22274600
2025-12-24,56.13000107,56.5,55.88999939,56.25,55.64468002,13634400
2025-12-26,56.27999878,56.54999924,56.02999878,56.16999817,55.5655365,15259400
2025-12-29,56.11000061,56.25,55.27000046,55.34999847,54.75436401,21040100
2025-12-30,55.49000168,55.63999939,55.16999817,55.27999878,54.68511963,17427600
2025-12-31,55.31999969,55.41999817,54.93000031,55.0,54.40813065,16293000
