Date,Open,High,Low,Close,Adj_Close,Volume
2020-01-02,139.7899933,141.1000061,139.2599945,141.0899963,118.4303207,10803700
2020-01-03,137.5,139.2299957,137.0800018,138.3399963,116.867485,10386800
2020-01-06,136.5599976,138.2700043,136.5,138.2299957,116.774559,10259000
2020-01-07,137.2799988,137.8600006,135.8200073,135.8800049,114.7893066,10531300
2020-01-08,135.6999969,137.5800018,135.6000061,136.9400024,115.6847916,9695300
2020-01-09,138.0500031,138.2299957,137.0399933,137.4400024,116.1071777,9469000
2020-01-10,137.2100067,137.25,135.8099976,136.0700073,114.9498367,10190900
2020-01-13,136.1900024,137.1999969,135.7599945,137.1999969,115.9044189,12355200
2020-01-14,137.9400024,140.7599945,137.6900024,138.8000031,117.256073,24906000
2020-01-15,137.8500061,138.6000061,136.1499939,136.7200012,115.498909,16293400
2020-01-16,137.4499969,137.8999939,136.8399963,137.25,115.9466629,10783800
2020-01-17,137.5399933,138.2899933,137.3200073,138.1999969,116.7492218,14697700
2020-01-21,137.1900024,138.0700073,136.6900024,136.8399963,115.6002884,8474200
2020-01-22,137.2400055,137.3999939,136.3800049,136.6799927,115.4651413,7549100
2020-01-23,135.7100067,136.7400055,134.7200012,136.5399933,115.3468628,9345700
2020-01-24,136.3699951,136.4299927,132.3200073,133.1499939,112.4830399,15166400
2020-01-27,130.2700043,132.9400024,129.7100067,132.0299988,111.5368881,12860500
2020-01-28,132.8399963,134.9700012,132.4799957,134.4299927,113.5643387,13062800
2020-01-29,134.8099976,135.5399933,133.6900024,134.2299957,113.395401,9326000
2020-01-30,132.6900024,136.1300049,132.6900024,135.8899994,114.7977448,9048900
2020-01-31,134.4900055,134.8300018,131.4700012,132.3600006,111.8156738,12785200
2020-02-03,132.6600037,134.2400055,132.6600037,133.3699951,112.6688843,10021100
2020-02-04,135.5500031,136.6000061,135.0800018,135.2899933,114.2908707,9157100
2020-02-05,136.5700073,137.7299957,136.0099945,137.5899963,116.2338943,10150700
2020-02-06,138.2400055,138.2899933,137.1100006,137.6100006,116.2507477,8992300
2020-02-07,136.7299957,137.6699982,136.3000031,137.1699982,115.8790588,6379800
2020-02-10,136.9499969,137.8500061,136.75,137.7400055,116.3606033,5960700
2020-02-11,138.2599945,138.8200073,137.7799988,138.0,116.5802689,6578600
2020-02-12,138.6000061,139.2899933,137.8000031,138.0,116.5802689,7958000
2020-02-13,137.75,138.3399963,136.3999939,137.8800049,116.4788895,7447500
2020-02-14,137.8399963,138.1900024,136.9400024,137.4600067,116.1240616,6627600
2020-02-18,137.3399963,137.7100067,135.0500031,135.6399994,114.5865707,8996400
2020-02-19,136.9100037,138.3899994,136.3399963,137.4900055,116.1494141,7071200
2020-02-20,137.1699982,138.3600006,136.5299988,137.4900055,116.1494141,7422800
2020-02-21,136.5500031,136.9199982,134.9199982,135.8099976,114.7301712,9772800
2020-02-24,131.4400024,133.1999969,130.8000031,132.1600037,111.646698,13618400
2020-02-25,131.0,132.2299957,125.5899963,126.2600021,106.6625061,20797200
2020-02-26,126.9300003,128.9499969,126.3399963,126.6399994,106.9835129,24825600
2020-02-27,122.9100037,125.6200027,121.3000031,121.3700027,102.5314941,23005500
2020-02-28,117.5199966,118.4899979,112.6600037,116.1100006,98.08791351,45931400
2020-03-02,116.6299973,121.5800018,114.4599991,121.5199966,102.6581879,27355400
2020-03-03,120.9700012,122.9499969,116.2399979,116.9599991,98.80596924,32547700
2020-03-04,118.3300018,120.1900024,114.6999969,119.8499985,101.2474213,25795900
2020-03-05,115.6699982,116.4300003,112.5800018,113.9700012,96.2800827,25025600
2020-03-06,106.2600021,110.3199997,105.0199966,108.0800018,91.30429077,38159400
2020-03-09,96.56999969,99.23000336,93.0,93.44000244,78.9366684,40352000
2020-03-10,99.0,101.2799988,94.58000183,100.6999969,85.06978607,31102700
2020-03-11,97.69999695,100.0500031,94.55000305,95.95999908,81.06551361,38127000
2020-03-12,89.58999634,96.95999908,86.31999969,88.05000305,74.38324738,49725200
2020-03-13,95.98999786,103.9899979,92.0,103.9100037,87.78157043,38543300
2020-03-16,85.19999695,93.98000336,84.55000305,88.36000061,74.64516449,38589700
2020-03-17,90.88999939,97.44000244,87.5,93.76000214,79.2069931,35239800
2020-03-18,87.66999817,90.79000092,80.36000061,83.88999939,70.86894226,41525600
2020-03-19,81.55999756,88.11000061,76.91000366,85.30000305,72.060112,32175100
2020-03-20,86.30000305,89.45999908,82.48000336,83.5,70.53949738,30150800
2020-03-23,82.68000031,83.75,78.08999634,79.02999878,66.76332855,32536600
2020-03-24,84.90000153,90.09999847,82.90000153,88.43000031,74.70426941,34363200
2020-03-25,89.23999786,95.15000153,84.54000092,91.73000336,77.49207306,38111700
2020-03-26,94.08000183,98.56999969,93.54000092,98.12000275,82.89025116,29826300
2020-03-27,93.19000244,94.83999634,90.55000305,91.12999725,76.98519897,30041500
2020-03-30,90.65000153,94.08999634,89.30000305,93.5,78.98735046,21656900
2020-03-31,92.05000305,94.16999817,89.33999634,90.02999878,76.05593872,23379300
2020-04-01,85.09999847,86.55999756,83.25,84.36000061,71.2660141,28029600
2020-04-02,83.51000214,87.91000366,82.95999908,87.51000214,73.92708588,24018000
2020-04-03,86.0,87.48000336,82.76999664,84.05000305,71.74197388,21199400
2020-04-06,88.98999786,90.98999786,87.69999695,89.45999908,76.35972595,26820800
2020-04-07,94.44999695,94.5,90.37999725,90.63999939,77.36694336,22563800
2020-04-08,92.09999847,94.86000061,90.55000305,94.30000305,80.49097443,22903300
2020-04-09,96.91999817,104.3899994,96.88999939,102.7600021,87.71212769,42055900
2020-04-13,103.1100006,103.1100006,97.30000305,98.19000244,83.81135559,26911900
2020-04-14,101.0199966,102.0,93.63999939,95.5,81.51527405,46151300
2020-04-15,91.15000153,92.02999878,90.12999725,90.79000092,77.4949646,30118600
2020-04-16,90.23000336,90.56999969,87.05000305,87.33000183,74.54167175,32449600
2020-04-17,92.0,95.69999695,90.95999908,95.18000031,81.24211121,30191900
2020-04-20,92.47000122,94.70999908,90.45999908,91.70999908,78.28026581,23679400
2020-04-21,88.62000275,91.37999725,88.33000183,89.05000305,76.00978851,23035000
2020-04-22,90.69000244,91.87000275,89.18000031,89.33999634,76.25730896,16662400
2020-04-23,89.73999786,91.27999878,89.26000214,89.38999939,76.30000305,16638800
2020-04-24,90.63999939,91.09999847,88.48999786,90.70999908,77.42670441,15809200
2020-04-27,91.94000244,95.62999725,91.54000092,94.62000275,80.76411438,22870200
2020-04-28,97.80999756,98.36000061,95.02999878,95.29000092,81.33600616,20238900
2020-04-29,99.08000183,99.44999695,97.26999664,97.86000061,83.52968597,20462600
2020-04-30,95.59999847,96.83999634,94.55000305,95.76000214,81.73719025,19127600
2020-05-01,93.5,93.73999786,91.83999634,93.25,79.59474182,18547700
2020-05-04,92.01999664,92.66999817,90.80000305,92.13999939,78.64728546,15725900
2020-05-05,93.65000153,94.20999908,91.90000153,92.0,78.52777863,18064100
2020-05-06,92.16000366,92.76000214,89.93000031,90.26999664,77.05109406,20978000
2020-05-07,91.33999634,92.91000366,90.58000183,91.20999908,77.85347748,16771900
2020-05-08,92.80000305,94.08000183,92.11000061,92.69999695,79.12528229,20487800
2020-05-11,91.11000061,91.11000061,89.33000183,89.97000122,76.79506683,31907600
2020-05-12,90.15000153,90.79000092,86.90000153,87.02999878,74.28559875,27962900
2020-05-13,86.37999725,86.86000061,83.40000153,84.02999878,71.72489166,35451600
2020-05-14,82.72000122,88.11000061,82.40000153,87.51999664,74.70381165,35152500
2020-05-15,86.84999847,87.27999878,85.30000305,85.90000153,73.32106018,26099000
2020-05-18,88.69000244,91.15000153,87.87999725,90.44999695,77.20476532,30504400
2020-05-19,90.05000305,91.19999695,88.58999634,88.66999817,75.68543243,19597300
2020-05-20,90.70999908,92.38999939,90.37000275,91.33000183,77.9559021,20552400
2020-05-21,90.26999664,91.76000214,89.66999817,90.16999817,76.96575928,14621400
2020-05-22,90.01000214,90.36000061,88.72000122,89.47000122,76.36826324,13557900
2020-05-26,92.88999939,97.5,92.61000061,95.81999969,81.78839111,41233900
2020-05-27,102.0699997,102.5800018,98.80000305,101.3700027,86.52566528,39402000
2020-05-28,102.9400024,102.9499969,99.40000153,99.86000061,85.23680878,24713900
2020-05-29,98.66000366,99.18000031,96.77999878,97.30999756,83.06020355,26526400
2020-06-01,97.75,99.51000214,97.37999725,98.59999847,84.16130829,15176800
2020-06-02,100.2799988,100.4199982,97.93000031,98.93000031,84.44297791,21195000
2020-06-03,101.5800018,104.9199982,101.0599976,104.2699966,89.00098419,25941100
2020-06-04,103.8199997,106.6100006,102.7900009,106.4400024,90.8532486,26784700
2020-06-05,114.9300003,115.7699966,109.5299988,111.2300034,94.94182587,42231000
2020-06-08,113.4100037,114.1900024,111.9400024,113.4499969,96.83670044,24881800
2020-06-09,110.6500015,111.6299973,109.0100021,110.5400009,94.35285187,17031100
2020-06-10,110.4599991,110.5100021,105.8499985,106.0599976,90.528862,24913300
2020-06-11,100.0299988,101.5800018,96.54000092,97.20999908,82.97484589,36259200
2020-06-12,100.7099991,101.1299973,97.33000183,99.87000275,85.24532318,24856800
2020-06-15,96.41999817,101.4300003,95.87000275,101.25,86.42324829,22153600
2020-06-16,105.3700027,105.6800003,99.30999756,102.0599976,87.11462402,22193600
2020-06-17,102.5299988,102.5400009,99.20999908,99.48000336,84.91246033,15639800
2020-06-18,98.66999817,100.5199966,98.12999725,98.94000244,84.45149231,16591900
2020-06-19,100.5299988,100.5999985,96.73000336,97.80999756,83.48699188,40371200
2020-06-22,97.25,97.94999695,96.54000092,96.75,82.58220673,16216900
2020-06-23,98.97000122,99.97000122,97.84999847,97.93000031,83.58940887,15381400
2020-06-24,96.75,96.83999634,94.30999756,94.66000366,80.79825592,22919800
2020-06-25,94.34999847,98.20999908,94.26000214,97.95999908,83.61503601,25743600
2020-06-26,95.11000061,95.37000275,92.0,92.58999634,79.03139496,41896300
2020-06-29,93.40000153,94.48999786,92.18000031,93.0,79.38134003,18499700
2020-06-30,92.83000183,94.66000366,92.56999969,94.05999756,80.28613281,19137000
2020-07-01,94.88999939,95.70999908,93.02999878,93.26000214,79.60327148,18755700
2020-07-02,94.73999786,94.95999908,91.93000031,92.66000366,79.86184692,27845600
2020-07-06,94.43000031,95.19999695,93.48000336,95.0,81.87863922,18625300
2020-07-07,93.81999969,94.09999847,92.0,92.31999969,79.56880951,25757200
2020-07-08,92.29000092,93.33999634,91.80000305,93.30000305,80.41344452,18762200
2020-07-09,93.51999664,94.12000275,90.77999878,91.27999878,78.6724472,25600800
2020-07-10,92.0,96.83999634,91.87000275,96.26999664,82.97322083,28954200
2020-07-13,98.73000336,99.26999664,96.23000336,97.65000153,84.16262817,32079200
2020-07-14,98.37000275,99.94999695,96.63999939,98.20999908,84.64527893,42731700
2020-07-15,100.8899994,101.2900009,98.65000153,99.73000336,85.95533752,22508400
2020-07-16,98.77999878,101.2200012,98.55000305,100.0100021,86.19665527,16886900
2020-07-17,100.0,100.0800018,98.13999939,98.16000366,84.60219574,16137700
2020-07-20,97.43000031,98.38999939,97.26000214,97.30000305,83.86096954,14458100
2020-07-21,97.70999908,100.0500031,97.63999939,99.41000366,85.6795578,17798100
2020-07-22,99.65000153,100.1299973,97.52999878,98.69000244,85.05898285,14271200
2020-07-23,98.5,99.34999847,97.97000122,98.98000336,85.30892944,12870200
2020-07-24,99.59999847,99.80000305,97.94000244,98.27999878,84.70561218,12744200
2020-07-27,97.51000214,97.62999725,96.16999817,96.90000153,83.51621246,11959100
2020-07-28,96.5,97.88999939,96.5,97.31999969,83.87819672,11754300
2020-07-29,97.06999969,99.70999908,97.0,99.68000031,85.91223145,12743500
2020-07-30,97.54000092,97.73999786,96.05000305,97.01999664,83.61965179,14834800
2020-07-31,96.48000336,96.93000031,95.25,96.63999939,83.29211426,14535000
2020-08-03,97.01999664,97.56999969,95.84999847,96.09999847,82.8266983,12962800
2020-08-04,95.91000366,95.94999695,95.02999878,95.55000305,82.35269165,13366200
2020-08-05,95.87000275,98.47000122,95.72000122,97.20999908,83.78338623,15260900
2020-08-06,97.58000183,98.09999847,96.54000092,97.23999786,83.80925751,10482100
2020-08-07,96.93000031,99.48999786,96.55999756,99.37999725,85.65368652,14743700
2020-08-10,100.1100006,102.0400009,100.0299988,100.6399994,86.73965454,14989900
2020-08-11,103.8600006,106.1600037,103.5100021,103.8199997,89.48041534,31518600
2020-08-12,106.1600037,106.4300003,101.7099991,102.9400024,88.72198486,19240800
2020-08-13,102.0,103.3600006,101.6399994,102.3700027,88.23069,13598600
2020-08-14,101.5,103.3099976,101.4199982,102.4100037,88.26517487,12134400
2020-08-17,101.5,102.0,99.52999878,99.70999908,85.93811798,14988000
2020-08-18,99.91000366,99.91000366,98.12000275,98.31999969,84.74008942,13246500
2020-08-19,98.91999817,100.5899963,98.33999634,98.55000305,84.93832397,13533000
2020-08-20,97.26000214,98.02999878,96.80000305,97.37000275,83.92131042,13672600
2020-08-21,97.26999664,98.56999969,96.94000244,97.31999969,83.87819672,12228300
2020-08-24,98.44999695,100.2099991,97.41999817,100.0599976,86.23974609,17898300
2020-08-25,101.2699966,101.9800034,99.80000305,100.5,86.61898041,13648900
2020-08-26,99.94000244,100.2699966,99.05000305,99.08999634,85.4037323,12052400
2020-08-27,99.0,102.6500015,99.0,102.3499985,88.21346283,22163900
2020-08-28,103.1399994,103.25,101.8099976,102.7699966,88.57544708,13756700
2020-08-31,102.1200027,102.1800003,100.0199966,100.1900024,86.35179901,14219400
2020-09-01,99.55000305,100.8700027,99.04000092,100.1399994,86.30870056,11595600
2020-09-02,99.94999695,101.9400024,99.55999756,101.6500015,87.61014557,14475700
2020-09-03,103.3199997,104.9899979,100.6399994,101.3300018,87.33433533,23281200
2020-09-04,104.0500031,105.2099991,101.3700027,103.5199966,89.22187805,26325500
2020-09-08,102.9800034,103.5699997,99.48000336,99.91999817,86.11910248,22108600
2020-09-09,100.8000031,101.6900024,99.55999756,100.8700027,86.93791199,13434000
2020-09-10,101.4000015,102.4199982,99.63999939,99.83000183,86.04152679,15922800
2020-09-11,99.97000122,101.3600006,99.58999634,101.0699997,87.11026764,13784300
2020-09-14,101.5100021,103.4599991,101.3700027,102.4700012,88.3168869,19017400
2020-09-15,102.7300034,102.8499985,99.13999939,99.27999878,85.56749725,23683000
2020-09-16,99.43000031,101.1299973,98.76000214,99.69999695,85.92948914,19270600
2020-09-17,98.69999695,99.33999634,97.70999908,98.55999756,84.94692993,18290100
2020-09-18,97.88999939,99.48999786,97.44000244,98.34999847,84.76593781,20121600
2020-09-21,95.19999695,96.05000305,93.81999969,95.30999756,82.14583588,28378800
2020-09-22,94.95999908,95.66000366,93.66999817,94.26999664,81.24945068,19257000
2020-09-23,94.77999878,95.34999847,92.66000366,92.73999786,79.93080139,19952700
2020-09-24,92.31999969,94.30000305,91.37999725,92.66000366,79.86184692,18366500
2020-09-25,92.05000305,93.72000122,91.87000275,93.47000122,80.55996704,13293100
2020-09-28,95.05999756,96.93000031,94.34999847,96.16000366,82.8784256,20894100
2020-09-29,96.02999878,96.02999878,94.33000183,95.34999847,82.18029785,12848200
2020-09-30,95.34999847,97.19999695,95.26000214,96.26999664,82.97322083,16400600
2020-10-01,97.12000275,97.76999664,96.02999878,96.97000122,83.57653809,15778700
2020-10-02,95.25,98.58999634,95.08999634,97.88999939,84.36947632,15149600
2020-10-05,98.31999969,99.25,97.52999878,99.04000092,86.15274048,13871900
2020-10-06,100.0699997,100.8600006,97.51000214,98.01999664,85.26545715,19220400
2020-10-07,98.95999908,100.3499985,98.66999817,99.73000336,86.75292969,16358500
2020-10-08,100.5100021,101.9199982,99.90000153,101.7799988,88.53620911,15659000
2020-10-09,102.0,102.1100006,100.1100006,101.1999969,88.03167725,13689100
2020-10-12,101.0999985,103.0,100.8499985,102.4400024,89.11032867,16058000
2020-10-13,103.0,103.2200012,100.2600021,100.7799988,87.66632843,21697300
2020-10-14,101.0299988,101.9300003,100.0999985,100.2200012,87.17920685,15204100
2020-10-15,99.09999847,101.7799988,99.04000092,101.7200012,88.48400116,17171200
2020-10-16,101.4100037,102.3300018,100.7200012,101.5100021,88.30132294,13275000
2020-10-19,101.5999985,101.8700027,99.55999756,99.80000305,86.81384277,11725700
2020-10-20,100.3099976,101.7699966,100.1200027,100.3700027,87.30966949,11257100
2020-10-21,100.3600006,100.9899979,99.33000183,99.37000275,86.43978882,10730500
2020-10-22,99.31999969,103.2399979,99.30999756,102.8799973,89.49307251,14837200
2020-10-23,103.5,104.4499969,102.9300003,103.8099976,90.30205536,15087600
2020-10-26,102.6500015,102.6999969,100.25,101.2399979,88.06647491,12410700
2020-10-27,100.5100021,100.9199982,99.16000366,99.33000183,86.40499878,10391700
2020-10-28,97.5,98.30000305,96.06999969,96.54000092,83.97803497,16389500
2020-10-29,96.12000275,97.98000336,95.23999786,97.16999817,84.52605438,14208800
2020-10-30,97.91000366,98.41999817,96.23000336,98.04000092,85.2828598,15194500
2020-11-02,99.38999939,100.8799973,97.86000061,100.25,87.20528412,15011600
2020-11-03,103.0199966,104.7399979,102.6900024,103.4100037,89.95411682,17482600
2020-11-04,101.0,102.0699997,98.93000031,100.25,87.20528412,18886500
2020-11-05,101.0599976,105.0999985,101.0,104.3499985,90.77178192,17837400
2020-11-06,105.0299988,105.0999985,102.3899994,102.9599991,89.56264496,12552800
2020-11-09,113.1600037,118.9000015,110.3499985,116.9000015,101.6887665,47792400
2020-11-10,117.3499985,117.4499969,114.6900024,116.5199966,101.3582153,20539300
2020-11-11,116.8899994,116.9599991,113.9599991,114.7799988,99.84462738,14443400
2020-11-12,112.5299988,113.9599991,112.0599976,113.3700027,98.61808014,22063000
2020-11-13,114.6999969,114.8600006,113.5699997,114.0800018,99.23571014,11847900
2020-11-16,117.7900009,118.6100006,115.7300034,117.3000031,102.036705,19858600
2020-11-17,115.3899994,116.4400024,114.5800018,116.1100006,101.001564,14553200
2020-11-18,117.3399963,118.6100006,115.1999969,115.25,100.253479,12571200
2020-11-19,114.1800003,115.8199997,113.5599976,115.5599976,100.5231247,10202500
2020-11-20,114.4300003,115.6500015,114.0899963,114.5699997,99.66194153,12718900
2020-11-23,116.0500031,118.1699982,115.5699997,117.8700027,102.5325546,13209200
2020-11-24,120.0699997,123.5,119.7099991,123.3199997,107.2733688,20121600
2020-11-25,121.3700027,122.3799973,120.4700012,122.0299988,106.1512222,11715600
2020-11-27,122.0,122.3499985,121.0800018,121.2200012,105.4466324,5983600
2020-11-30,120.0,120.7200012,117.7699966,117.8799973,102.541214,14411800
2020-12-01,120.3399963,121.5800018,119.6299973,119.7399979,104.1592026,12668900
2020-12-02,119.6999969,122.3099976,119.2699966,122.0400009,106.1599197,10811300
2020-12-03,121.8499985,121.8899994,120.3600006,121.2399979,105.4640198,12904400
2020-12-04,122.4800034,123.2900009,121.6900024,122.3399963,106.4208908,13583700
2020-12-07,121.1500015,122.1699982,120.2099991,121.8799973,106.020752,9724300
2020-12-08,121.0400009,122.3300018,120.7600021,122.0,106.1251221,9592100
2020-12-09,123.1699982,123.3000031,120.4400024,121.0500031,105.2987442,13073900
2020-12-10,119.9899979,120.7799988,119.5599976,120.2699966,104.6202469,13668400
2020-12-11,118.9400024,120.0199966,118.3700027,119.5599976,104.0026321,9981600
2020-12-14,121.3399963,121.4199982,118.1100006,118.3000031,102.9065933,12112400
2020-12-15,119.2900009,120.9000015,118.6200027,120.3199997,104.6637268,12590200
2020-12-16,120.3000031,121.0800018,119.8600006,120.6699982,104.9681854,11169400
2020-12-17,121.2600021,121.4499969,119.5800018,119.6699982,104.0983047,11618000
2020-12-18,119.1399994,119.8799973,118.2699966,119.0800018,103.5850983,28954800
2020-12-21,123.1699982,125.0,121.0899963,123.5500031,107.4734344,28323600
2020-12-22,123.3899994,123.5199966,121.6100006,121.6699982,105.8380585,11788200
2020-12-23,122.7799988,126.5199966,122.3499985,125.0699997,108.7956619,14973200
2020-12-24,125.0899963,125.5500031,123.5699997,124.5199966,108.3172379,4164900
2020-12-28,125.8199997,126.6500015,124.7900009,125.3399963,109.0305176,8072600
2020-12-29,126.1999969,126.2799988,124.8899994,125.0100021,108.7434692,8389200
2020-12-30,125.4899979,125.8499985,124.9000015,125.3600006,109.0479202,7398000
2020-12-31,125.0899963,127.3300018,124.8199997,127.0699997,110.5354156,8580200
2021-01-04,127.5,127.8600006,124.7799988,125.8700027,109.4915771,16819900
2021-01-05,124.9899979,126.3000031,123.7699966,125.6500015,110.0873413,13731200
2021-01-06,129.8800049,132.7700043,127.8799973,131.5500031,115.2565689,24909100
2021-01-07,135.6900024,138.1900024,134.9199982,135.8699951,119.0415421,21940400
2021-01-08,135.9700012,136.3500061,134.1199951,136.0200043,119.1729584,12035100
2021-01-11,134.5800018,138.1999969,134.1100006,138.0500031,120.9515305,15937900
2021-01-12,139.4400024,141.6600037,138.8300018,140.2200012,122.8527451,18033500
2021-01-13,138.5899963,140.7899933,138.1000061,140.3500061,122.9666519,14816800
2021-01-14,140.4900055,142.75,140.0,141.1699982,123.6850967,18565600
2021-01-15,137.4299927,141.6499939,137.0099945,138.6399994,121.4684601,27881000
2021-01-19,139.8600006,140.6999969,137.8200073,138.0399933,120.9427414,19843800
2021-01-20,137.8200073,138.1699982,135.4400024,135.9700012,119.1291351,16028800
2021-01-21,135.6900024,136.1600037,134.3200073,134.8300018,118.1303329,13411700
2021-01-22,132.6900024,134.3999939,132.1999969,133.7899933,117.2191467,12933200
2021-01-25,132.1399994,133.1699982,130.0599976,132.1199951,115.7559738,14212800
2021-01-26,132.75,133.1699982,131.3399963,131.5800018,115.2828598,11307800
2021-01-27,129.5899963,129.8500061,127.3499985,127.8600006,112.0236206,17603900
2021-01-28,129.8999939,132.1699982,128.9900055,130.1100006,113.9949417,13761800
2021-01-29,131.1900024,131.7200012,128.1900024,128.6699982,112.7332916,14808100
2021-02-01,129.3999939,130.0700073,128.4799957,129.6199951,113.5656281,11080700
2021-02-02,131.9400024,134.3899994,131.2200012,133.6100006,117.0614166,12253600
2021-02-03,133.6499939,135.7599945,133.5099945,135.1399994,118.4019241,10600800
2021-02-04,135.4700012,138.6600037,135.4700012,138.25,121.1267548,12419500
2021-02-05,139.3899994,139.4900055,137.3800049,137.9799957,120.890213,10051300
2021-02-08,138.1999969,140.3000031,138.1799927,140.1399994,122.7826233,10136400
2021-02-09,139.4299927,139.9799957,138.5399933,139.5800018,122.2920151,8614800
2021-02-10,140.0,140.8699951,139.0399933,139.6600037,122.3621063,10323200
2021-02-11,139.6600037,140.5500031,138.2200012,139.2700043,122.0204391,9201000
2021-02-12,139.0500031,141.6100006,139.0,141.25,123.7551727,8324600
2021-02-16,143.5500031,145.3200073,142.3999939,144.6499939,126.7340622,12130600
2021-02-17,143.9499969,145.3800049,143.1199951,145.1000061,127.1283112,10810100
2021-02-18,144.0,145.7899933,143.3999939,145.5899963,127.5576324,10587800
2021-02-19,145.8600006,148.8399963,145.8600006,148.0200043,129.6866608,11969800
2021-02-22,146.8699951,150.1900024,146.7899933,149.4100037,130.9044952,11488400
2021-02-23,151.5099945,152.3099976,149.5899963,150.6100006,131.9558868,16234400
2021-02-24,150.1100006,153.7599945,150.1100006,153.2599945,134.2776184,15061400
2021-02-25,154.2700043,154.8999939,150.5899963,151.1799927,132.455246,18127700
2021-02-26,150.3000031,150.8699951,146.5099945,147.1699982,128.9419403,19829200
2021-03-01,149.5200043,151.3800049,148.4799957,150.5,131.8594818,14845500
2021-03-02,150.0800018,151.7799988,149.8399963,150.0099945,131.4302063,14221700
2021-03-03,151.2299957,154.9799957,150.8200073,152.9100037,133.970993,14324100
2021-03-04,152.6100006,154.3800049,148.6199951,150.5599976,131.9120636,20093900
2021-03-05,153.2200012,153.4900055,147.9700012,150.9100037,132.2187195,18465100
2021-03-08,152.4700012,155.4600067,150.75,152.9100037,133.970993,17133300
2021-03-09,151.5,154.25,149.8200073,151.8300018,133.0247345,16238800
2021-03-10,151.9100037,156.1600037,151.5099945,155.1300049,135.9160461,14342200
2021-03-11,154.1100006,156.1499939,153.3600006,154.3200073,135.2063446,11771500
2021-03-12,156.8600006,157.6300049,155.0700073,156.1499939,136.8097076,12849500
2021-03-15,156.3500061,156.9199982,153.9600067,155.3699951,136.1263123,12101100
2021-03-16,154.0899963,154.6000061,152.1900024,153.5099945,134.4966888,12805600
2021-03-17,155.3399963,156.8800049,153.0500031,155.0899963,135.8809814,13952400
2021-03-18,157.6000061,161.6900024,157.1100006,157.6499939,138.1239471,21898500
2021-03-19,155.5099945,155.9400024,151.1900024,155.1399994,135.9247894,54418800
2021-03-22,152.8000031,153.9700012,150.6100006,150.9700012,132.2712555,19944800
2021-03-23,150.3300018,152.1199951,148.9600067,149.4600067,130.948288,17076300
2021-03-24,150.0,153.1799927,149.8600006,150.6199951,131.9645996,13079800
2021-03-25,150.0,152.9700012,149.3300018,152.5500031,133.6556244,15608300
2021-03-26,154.3000031,155.4499969,152.5500031,155.0899963,135.8809814,16754400
2021-03-29,152.1199951,153.7299957,151.0399933,152.6799927,133.769455,17570300
2021-03-30,154.4600067,155.8699951,153.8800049,154.4799957,135.3465424,13184300
2021-03-31,153.2799988,154.4900055,152.1199951,152.2299957,133.3752289,16736700
2021-04-01,151.8999939,153.7899933,151.5500031,153.7100067,134.671875,16561500
2021-04-05,154.3999939,154.9400024,152.6000061,153.6199951,135.3857574,13508000
2021-04-06,152.7899933,154.2799988,151.8600006,152.5399933,134.43396,13071600
2021-04-07,153.1000061,155.2299957,152.6499939,154.9299927,136.5402832,16903500
2021-04-08,154.0,155.5099945,152.3099976,155.1199951,136.7077026,12335500
2021-04-09,155.8099976,157.0399933,154.9700012,156.2799988,137.7300568,12122400
2021-04-12,155.5800018,157.25,155.5700073,155.9499969,137.4391937,12273400
2021-04-13,154.75,155.1999969,152.4299927,154.0899963,135.7999878,16113600
2021-04-14,151.4700012,153.8300018,150.9299927,151.2100067,133.2618408,19939600
2021-04-15,151.25,152.1999969,149.3200073,152.1699982,134.1078796,17694100
2021-04-16,153.8699951,154.5099945,152.6900024,153.3000031,135.1037598,13773400
2021-04-19,153.4199982,153.8800049,152.2200012,152.6499939,134.530899,11900200
2021-04-20,151.7400055,151.75,148.6499939,149.2700043,131.5521088,13716700
2021-04-21,147.7899933,150.6100006,146.7899933,150.5399933,132.6713562,12236700
2021-04-22,150.2299957,150.3000031,147.2599945,147.3699951,129.8776093,15256100
2021-04-23,147.1799927,151.1300049,146.6900024,150.1900024,132.362915,14041900
2021-04-26,150.7799988,152.4600067,150.3800049,150.5599976,132.6889954,10799100
2021-04-27,150.5,151.5700073,150.1100006,151.25,133.2970734,12821200
2021-04-28,152.4299927,152.8899994,151.3999939,152.2299957,134.1607361,8943700
2021-04-29,153.5399933,155.2799988,153.1999969,155.1900024,136.7694244,12976900
2021-04-30,154.1000061,154.4900055,153.0099945,153.8099976,135.5532532,11705100
2021-05-03,154.8500061,155.4799957,153.1300049,153.3600006,135.1566467,11801100
2021-05-04,152.8699951,155.6399994,152.1399994,155.4799957,137.0249634,12977700
2021-05-05,156.0,158.2799988,154.6300049,157.5200043,138.8228607,10506700
2021-05-06,158.0700073,160.8200073,157.1600037,160.6900024,141.6165771,13542400
2021-05-07,157.2200012,161.5,157.0200043,161.2400055,142.1012726,14257800
2021-05-10,161.5,163.7299957,161.1199951,161.2200012,142.0836182,14014300
2021-05-11,161.0800018,162.3899994,158.0399933,158.5399933,139.7217407,15451700
2021-05-12,159.6100006,160.7799988,157.0299988,157.4499969,138.7611237,14381700
2021-05-13,158.1799927,162.4499969,157.6799927,161.5,142.3304596,15395000
2021-05-14,162.3899994,164.4499969,161.9900055,164.0099945,144.5424957,10584000
2021-05-17,163.3699951,164.8500061,163.0299988,164.6699982,145.1241608,9886800
2021-05-18,164.6799927,165.5,162.2400055,162.3500061,143.0795135,11098100
2021-05-19,161.0,161.1799927,158.6399994,161.1100006,141.9867401,13278900
2021-05-20,160.8300018,161.8600006,159.5200043,160.8300018,141.7399597,10426000
2021-05-21,161.3399963,163.2200012,160.9400024,162.6600037,143.3527527,10249000
2021-05-24,163.3600006,164.2299957,162.1199951,163.5399933,144.1282806,9440300
2021-05-25,163.8500061,165.6999969,161.5599976,161.8500061,142.6388855,12609100
2021-05-26,163.5700073,163.7400055,161.3099976,161.8300018,142.6212616,13058300
2021-05-27,163.9499969,164.75,162.5700073,164.3500061,144.8421478,15707500
2021-05-28,164.6799927,164.9400024,163.2599945,164.2400055,144.7451935,10291300
2021-06-01,165.8699951,166.9100037,165.4799957,166.0500031,146.3403625,9445400
2021-06-02,167.2599945,167.4400024,165.5299988,166.0599976,146.3491669,10498600
2021-06-03,165.4100037,167.25,164.6600037,166.1699982,146.4461365,13354400
2021-06-04,166.2100067,166.6699982,165.0299988,166.4400024,146.6840363,8510800
2021-06-07,167.0,167.1000061,165.1399994,165.6600037,145.9966583,7267200
2021-06-08,164.4900055,165.7599945,163.1600037,165.0,145.4150238,10370700
2021-06-09,164.1399994,164.2200012,162.2799988,162.9400024,143.5995026,12377400
2021-06-10,164.3600006,165.2400055,160.3099976,160.3999939,141.3609924,12119400
2021-06-11,160.4299927,161.1999969,159.0599976,160.2899933,141.2640839,13683800
2021-06-14,160.1499939,160.3300018,156.6600037,157.5700073,138.8668976,19917900
2021-06-15,156.6999969,156.9199982,154.1300049,155.1799927,136.7606049,24485500
2021-06-16,154.7299957,157.6199951,153.1100006,156.2700043,137.7211761,25321200
2021-06-17,157.1000061,157.4600067,151.25,151.7599945,133.7465363,29722400
2021-06-18,149.3000031,149.6999969,147.5599976,147.9199982,130.3623352,43595700
2021-06-21,149.0800018,151.1999969,149.0200043,150.4299927,132.5744171,18664800
2021-06-22,150.6000061,150.9700012,148.6600037,150.2100067,132.3805542,14251200
2021-06-23,150.1999969,152.0399933,150.0899963,151.1199951,133.1825104,12733300
2021-06-24,151.9199982,153.1199951,151.2200012,152.5099945,134.407486,13733200
2021-06-25,152.5899963,154.5,151.6699982,154.0500031,135.7647247,15484900
2021-06-28,153.6999969,154.4799957,152.1199951,154.3300018,136.0114746,14125800
2021-06-29,155.0,156.3099976,153.6100006,154.1399994,135.8440399,14528700
2021-06-30,153.75,156.0800018,153.7100067,155.5399933,137.0778351,12531000
2021-07-01,156.2599945,157.1399994,155.4199982,157.0800018,138.4350891,10479400
2021-07-02,155.9499969,156.3200073,155.1199951,156.0299988,138.3021088,11424000
2021-07-06,155.7799988,155.7799988,152.3500061,153.4100037,135.9798126,15083400
2021-07-07,152.0099945,154.2799988,151.5500031,153.5899963,136.1393433,12271800
2021-07-08,151.6100006,152.5299988,150.0399933,150.9400024,133.7904053,17834600
2021-07-09,153.0500031,156.1499939,152.5800018,155.7700043,138.0716858,13694500
2021-07-12,154.3500061,159.1600037,153.9400024,158.0,140.0482941,19940400
2021-07-13,156.0500031,157.3899994,153.5,155.6499939,137.9653015,22671700
2021-07-14,155.9499969,157.2799988,152.9499969,155.1199951,137.4954834,14622800
2021-07-15,153.8999939,156.5299988,153.6999969,155.4600067,137.7969055,11539300
2021-07-16,155.9600067,156.2799988,151.0200043,151.9100037,134.6502075,14002700
2021-07-19,148.5500031,149.8200073,145.7100067,146.9700012,130.2715302,22172900
2021-07-20,146.5200043,151.1199951,146.3300018,149.7100067,132.7001801,15385200
2021-07-21,152.0500031,153.6499939,151.3600006,152.8600006,135.4922638,12356700
2021-07-22,152.8800049,153.4400024,149.9700012,150.9299927,133.7815857,9913300
2021-07-23,151.4799957,152.8399963,150.25,150.6399994,133.5245056,9666100
2021-07-26,150.1900024,151.9600067,150.1699982,151.6499939,134.4197388,8208000
2021-07-27,150.3999939,152.4900055,149.8000031,151.4499969,134.2425079,11218700
2021-07-28,152.2899933,152.7700043,150.8800049,151.6999969,134.4641113,9217300
2021-07-29,153.1399994,153.8699951,151.9100037,153.0,135.6163635,9063500
2021-07-30,152.5800018,153.6699982,151.1999969,151.7799988,134.5350189,9805200
2021-08-02,152.0299988,154.4499969,151.0700073,151.1699982,133.9943085,10203200
2021-08-03,151.9499969,153.3200073,149.5200043,152.8899994,135.5188599,10394800
2021-08-04,151.25,153.3699951,150.9100037,151.2400055,134.0563354,10155000
2021-08-05,152.2799988,153.6900024,152.0099945,153.1499939,135.7493439,9151500
2021-08-06,155.1900024,157.8200073,155.1100006,157.5,139.6051331,13328800
2021-08-09,157.5200043,158.5500031,155.8999939,157.3300018,139.4543915,9516900
2021-08-10,156.7400055,159.9799957,156.3099976,159.2599945,141.1651459,8667000
2021-08-11,160.0,161.5,159.0800018,161.1600037,142.8492737,9156500
2021-08-12,161.8800049,162.3699951,160.5500031,161.7899933,143.4076385,8844200
2021-08-13,161.7899933,162.1600037,159.5700073,159.9799957,141.80336,8980900
2021-08-16,158.9400024,159.0299988,156.7799988,158.9299927,140.8726044,8755800
2021-08-17,157.5700073,158.8600006,155.2700043,157.0099945,139.1707764,9347200
2021-08-18,156.3099976,158.0099945,155.3399963,155.5800018,137.9032745,8065500
2021-08-19,153.1600037,155.5599976,153.0099945,154.2799988,136.7509613,9517700
2021-08-20,154.3500061,154.8999939,153.1600037,154.7200012,137.1409302,6974100
2021-08-23,155.3300018,157.0899963,155.2400055,156.6999969,138.8960114,7934600
2021-08-24,157.0,158.5500031,156.8699951,157.6699982,139.7557526,7670900
2021-08-25,158.5099945,161.7799988,157.8000031,160.9199982,142.6365051,11335000
2021-08-26,162.2599945,163.8300018,161.1499939,161.75,143.3722382,11027500
2021-08-27,161.75,163.1600037,161.2599945,163.0500031,144.5245209,8780200
2021-08-30,163.2100067,163.4900055,159.8800049,160.4400024,142.2110443,7937600
2021-08-31,160.4400024,161.3699951,159.3500061,159.9499969,141.7767181,12340800
2021-09-01,160.2200012,160.7599945,158.9700012,159.7200012,141.572876,8729900
2021-09-02,160.0200043,161.6100006,159.4299927,160.4600067,142.2287903,8813300
2021-09-03,160.3899994,160.8899994,159.1499939,159.4900055,141.368988,7959700
2021-09-07,159.9900055,161.3800049,158.9600067,159.2100067,141.1208038,9285600
2021-09-08,158.8899994,159.5800018,158.0399933,158.5,140.4914856,7852700
2021-09-09,158.2700043,160.8300018,158.0800018,159.1900024,141.1030884,7904300
2021-09-10,160.5599976,160.7200012,157.2200012,157.3600006,139.4810181,8311600
2021-09-13,158.5299988,160.0500031,158.0700073,159.8600006,141.6969604,10052800
2021-09-14,160.4499969,161.3399963,156.2599945,157.0700073,139.223938,11685600
2021-09-15,156.7200012,158.6900024,156.4700012,158.1600037,140.1901398,11691500
2021-09-16,159.4100037,160.8500061,157.2200012,158.0899963,140.1280518,10880900
2021-09-17,157.3800049,159.0099945,157.0,157.6799927,139.7646637,25581600
2021-09-20,153.8899994,154.5599976,150.4900055,152.9600067,135.5809021,15819900
2021-09-21,153.5299988,154.5500031,152.5800018,152.9799957,135.5986481,8999900
2021-09-22,155.1999969,157.25,155.1000061,155.9100037,138.1957703,11236200
2021-09-23,158.0,161.7100067,157.6699982,161.1799927,142.8669434,12336100
2021-09-24,161.4400024,163.5899963,160.8200073,163.0399933,144.5156403,10102400
2021-09-27,165.0,167.3999939,164.6100006,166.9799957,148.0079956,13220900
2021-09-28,167.6999969,169.3000031,165.6600037,166.0800018,147.2102509,13387900
2021-09-29,166.2100067,166.8999939,165.0399933,165.9499969,147.094986,7777100
2021-09-30,166.9199982,166.9900055,162.7899933,163.6900024,145.0917816,13161200
2021-10-01,164.0,168.3000031,163.6000061,167.1300049,148.140976,11285000
2021-10-04,166.9700012,170.4400024,165.7299957,166.9499969,147.9814148,14120000
2021-10-05,167.2100067,170.1399994,166.6699982,168.6600037,150.3979645,12292900
2021-10-06,167.9900055,169.1000061,166.0,169.0200043,150.7189789,8692600
2021-10-07,171.1999969,171.5099945,169.5399933,170.0899963,151.673111,10195400
2021-10-08,170.0200043,171.3399963,169.3000031,170.2200012,151.7890472,8190100
2021-10-11,170.8000031,171.2899933,166.4600067,166.6399994,148.5966949,12154700
2021-10-12,165.75,166.6900024,164.7700043,165.3600006,147.4553223,13032600
2021-10-13,164.0700073,165.4100037,160.6000061,161.0,143.5673676,22753500
2021-10-14,161.75,164.0099945,160.0599976,163.4700012,145.7698975,15176800
2021-10-15,165.3500061,167.1699982,164.1399994,166.6100006,148.569931,14267400
2021-10-18,166.4799957,168.6100006,165.9100037,166.5500031,148.5164185,12672900
2021-10-19,167.3999939,168.6499939,166.5800018,168.5700073,150.3177185,8053900
2021-10-20,168.3000031,170.8699951,167.4600067,170.8399963,152.3419037,8185600
2021-10-21,170.7599945,171.3300018,168.6799927,169.5,151.1470184,8415200
2021-10-22,170.0299988,172.0899963,169.6999969,171.7799988,153.1800995,8817900
2021-10-25,172.7100067,172.9600067,170.4799957,170.9400024,152.4310608,10159200
2021-10-26,171.0,172.4900055,170.5399933,171.3999939,152.8412933,8015100
2021-10-27,170.3200073,170.6999969,167.3399963,167.8300018,149.6578217,9847000
2021-10-28,168.3000031,170.5099945,167.9600067,170.3600006,151.9139404,7212900
2021-10-29,171.1799927,172.2400055,169.3899994,169.8899994,151.494751,8140100
2021-11-01,172.0399933,172.3300018,169.0099945,169.8000031,151.414505,7435500
2021-11-02,169.8000031,171.6900024,168.9199982,170.4700012,152.0119781,7173800
2021-11-03,170.1300049,171.1300049,169.1499939,170.5299988,152.065506,8402700
2021-11-04,170.0,170.1999969,166.4900055,168.2899933,150.0680237,9574200
2021-11-05,168.8999939,170.0899963,167.4100037,168.0500031,149.8539734,7975600
2021-11-08,169.0500031,170.9199982,168.7400055,169.0599976,150.7546692,6413700
2021-11-09,167.3500061,168.4700012,166.6000061,167.7799988,149.6132355,7990300
2021-11-10,167.4499969,168.9499969,167.0899963,167.6199951,149.4705505,6999200
2021-11-11,167.5200043,168.6799927,166.8999939,167.6100006,149.4616241,5815300
2021-11-12,167.6499939,167.7400055,165.7200012,166.8600006,148.7928619,8113400
2021-11-15,167.2100067,167.7899933,166.0,166.5599976,148.5253448,6492500
2021-11-16,167.0599976,167.0700073,165.1199951,165.3600006,147.4553223,9706100
2021-11-17,165.2100067,165.5599976,163.3899994,164.4700012,146.6616364,9909600
2021-11-18,164.3899994,164.8500061,162.5599976,163.0500031,145.3953857,8122500
2021-11-19,161.3000031,162.1100006,159.4499969,160.9199982,143.496048,12193600
2021-11-22,164.1600037,165.9799957,162.9900055,164.3500061,146.5546265,14549900
2021-11-23,165.5,168.5599976,165.3699951,168.2799988,150.0591125,12354400
2021-11-24,168.4600067,169.4400024,166.4400024,166.9600067,148.8820496,9629800
2021-11-26,162.1399994,162.6499939,158.8200073,161.9299927,144.3966522,13619300
2021-11-29,163.3099976,164.7799988,159.8200073,161.2299957,143.7724304,12104400
2021-11-30,159.1600037,160.6300049,158.2899933,158.8300018,141.6323395,18922600
2021-12-01,161.0,163.2700043,157.8000031,157.8899994,140.7941132,12253400
2021-12-02,159.8300018,163.25,158.8000031,161.2100067,143.7546539,12969900
2021-12-03,161.5,161.8300018,157.1900024,158.2899933,141.1508026,12681800
2021-12-06,161.0099945,162.6100006,159.4600067,160.1600037,142.8183289,11186500
2021-12-07,161.8800049,163.3899994,161.1600037,162.5700073,144.9674072,9851600
2021-12-08,162.6600037,163.2700043,160.1699982,160.7100067,143.3087463,11705700
2021-12-09,159.6499939,160.9299927,158.6499939,160.4600067,143.0858459,11189600
2021-12-10,161.3200073,161.6999969,159.1300049,159.8200073,142.5151672,10405400
2021-12-13,159.5,159.7899933,157.2799988,157.9199982,140.8208618,12069000
2021-12-14,157.4499969,160.8899994,157.3000031,159.1300049,141.8998871,12563600
2021-12-15,159.8500061,159.8500061,157.3500061,157.9400024,140.8386841,14014200
2021-12-16,160.3899994,161.8200073,158.6999969,160.4100037,143.041214,19542800
2021-12-17,159.3200073,159.3800049,155.1799927,156.7599945,139.7864685,28082000
2021-12-20,154.5099945,154.6999969,151.8399963,153.9400024,137.2717896,15148000
2021-12-21,155.4100037,157.1799927,155.0899963,156.0899963,139.1890106,11291300
2021-12-22,155.75,157.0599976,155.2400055,156.6999969,139.7329712,7273000
2021-12-23,157.6100006,159.1199951,157.2100067,157.2599945,140.2323303,8055200
2021-12-27,157.6000061,158.1999969,156.3399963,158.1600037,141.0348969,6188100
2021-12-28,158.1999969,160.1499939,158.0800018,158.6399994,141.4629059,6342300
2021-12-29,158.8500061,159.6300049,158.1499939,158.5599976,141.3915405,6398900
2021-12-30,159.1100006,160.2400055,158.3699951,158.4799957,141.3202209,6948200
2021-12-31,158.4499969,159.2899933,157.9600067,158.3500061,141.2042694,5805900
2022-01-03,159.8600006,162.6399994,159.5099945,161.6999969,144.1915741,13120900
2022-01-04,164.3099976,168.5800018,164.2299957,167.8300018,149.6578217,20195800
2022-01-05,167.8200073,168.3600006,163.7299957,163.7799988,146.921814,17539400
2022-01-06,166.9100037,167.3699951,163.8699951,165.5200043,148.4826813,14047500
2022-01-07,165.6699982,167.5299988,165.0599976,167.1600037,149.9538879,13913300
2022-01-10,169.0700073,169.3099976,165.5299988,167.3200073,150.0974121,12922500
2022-01-11,168.2599945,168.5200043,166.3099976,167.4900055,150.2499084,11854100
2022-01-12,168.4600067,169.5899963,167.1799927,168.4400024,151.1021118,12568000
2022-01-13,168.3399963,169.8099976,167.8899994,168.2299957,150.9137421,13623400
2022-01-14,160.7599945,161.0299988,156.8999939,157.8899994,141.6380615,40158400
2022-01-18,155.7799988,155.7799988,150.5399933,151.2700043,135.6994324,32324800
2022-01-19,151.5700073,152.2299957,148.5500031,148.9299927,133.600296,22380000
2022-01-20,148.9900055,150.6100006,147.3600006,147.6600037,132.4610596,14860800
2022-01-21,147.5,147.5099945,144.2700043,145.0800018,130.1466217,20705400
2022-01-24,142.2799988,145.4799957,139.5700073,144.9499969,130.0299683,28471400
2022-01-25,143.6499939,146.8500061,140.7899933,146.5299988,131.4473419,18915900
2022-01-26,148.7200012,150.5700073,145.9600067,147.9199982,132.6943054,20709100
2022-01-27,149.4199982,150.3800049,144.1300049,145.3099976,130.3529358,17536800
2022-01-28,144.1900024,146.7599945,142.1699982,146.6100006,131.5191498,14117000
2022-01-31,145.6399994,148.7899933,144.6699982,148.6000061,133.304306,13985700
2022-02-01,148.6900024,151.4700012,148.3000031,151.1499939,135.5917969,14584900
2022-02-02,150.5,150.9400024,148.0700073,149.9400024,134.5063629,12441100
2022-02-03,150.0,151.6499939,148.2899933,148.6999969,133.394043,12474900
2022-02-04,149.1000061,153.5,148.7700043,152.5599976,136.8566589,16654400
2022-02-07,153.2700043,153.6199951,150.8500061,153.0700073,137.3141785,12572300
2022-02-08,155.0,158.4799957,154.8000031,155.9499969,139.8977203,20411400
2022-02-09,156.5899963,157.4299927,155.8200073,156.6000061,140.480835,9131100
2022-02-10,156.6600037,159.0299988,155.2200012,155.9499969,139.8977203,16455600
2022-02-11,155.6100006,158.1900024,152.9700012,153.9199982,138.0767059,16830000
2022-02-14,152.7299957,153.6799927,150.3200073,152.4900055,136.7939148,17026500
2022-02-15,154.5099945,155.9400024,153.8500061,154.7200012,138.794342,9500000
2022-02-16,153.7400055,156.1000061,153.7400055,155.0,139.0455322,9076500
2022-02-17,153.0,153.7299957,150.6699982,151.4299927,135.8430023,11367500
2022-02-18,152.1300049,154.1399994,151.1300049,152.1399994,136.4798889,11733300
2022-02-22,150.6000061,153.2400055,150.4100037,151.8699951,136.2377167,11333500
2022-02-23,153.1199951,153.3000031,147.9700012,148.6900024,133.3850403,11799000
2022-02-24,142.9400024,144.9900055,139.7799988,144.5500031,129.6711426,25655100
2022-02-25,145.25,150.1300049,144.9100037,147.9700012,132.739151,18367700
2022-02-28,143.5500031,145.0599976,140.8800049,141.8000031,127.2042542,31315300
2022-03-01,140.0399933,140.4799957,133.5800018,136.4499969,122.4048996,36840400
2022-03-02,137.2899933,140.0399933,136.6100006,139.2799988,124.9436264,19405600
2022-03-03,139.8399963,140.9799957,137.0599976,138.2899933,124.0555115,16640800
2022-03-04,134.9400024,135.4199982,132.3999939,134.3999939,120.5659332,21016000
2022-03-07,132.1699982,132.6900024,128.9499969,129.2100067,115.9101486,27560100
2022-03-08,129.6399994,131.7899933,127.2699966,128.3000031,115.0938187,19207800
2022-03-09,132.8999939,135.2400055,132.4400024,133.4400024,119.7047424,17536200
2022-03-10,131.8600006,133.4499969,130.3200073,131.8600006,118.2873764,15604200
2022-03-11,132.4900055,134.0800018,128.4199982,128.8899994,115.6230698,20061800
2022-03-14,129.4600067,132.9199982,129.2299957,130.1699982,116.7713318,15786900
2022-03-15,131.8000031,133.5500031,131.1300049,132.4799957,118.8435364,15096600
2022-03-16,134.8699951,138.4900055,134.4299927,138.3999939,124.1541824,20354900
2022-03-17,136.8600006,140.1900024,135.9199982,140.1499939,125.7240295,17050500
2022-03-18,140.1900024,140.8500061,138.4600067,140.1000061,125.6792221,23656500
2022-03-21,140.3500061,140.7599945,138.7299957,139.6499939,125.275528,12676100
2022-03-22,142.2700043,143.9299927,141.7200012,142.6199951,127.9398193,13548600
2022-03-23,140.9799957,141.5899963,139.1999969,139.7799988,125.3921509,12093200
2022-03-24,140.3000031,140.7100067,139.1100006,140.6900024,126.2084961,10017600
2022-03-25,141.0899963,143.1799927,140.8000031,141.9199982,127.3118896,8383500
2022-03-28,140.0,140.9700012,137.8999939,140.8699951,126.3699417,10818100
2022-03-29,143.3500061,143.6000061,140.2400055,141.1799927,126.6480408,11316500
2022-03-30,141.8999939,142.1199951,139.9100037,140.5399933,126.0739059,8771000
2022-03-31,139.8300018,140.3500061,136.2599945,136.3200073,122.2882919,17353900
2022-04-01,137.3999939,137.4100037,133.8000031,135.3099976,121.3822403,15721300
2022-04-04,134.1199951,136.9400024,132.8899994,135.9100037,121.9204941,17416400
2022-04-05,134.0700073,135.3999939,133.0099945,133.3399963,120.5016556,12110300
2022-04-06,131.5800018,132.5599976,130.9600067,131.4900055,118.8297958,12914700
2022-04-07,130.9499969,131.9199982,128.7299957,131.0899963,118.4682999,12994200
2022-04-08,131.6699982,133.8999939,131.4900055,133.4900055,120.6372528,13126900
2022-04-11,133.0,134.8999939,132.5700073,133.0,120.1944122,10466400
2022-04-12,132.1399994,134.5800018,130.6999969,131.5399933,118.8749771,12989900
2022-04-13,126.9400024,129.25,126.0100021,127.3000031,115.0432053,30838000
2022-04-14,126.5,128.3000031,125.0199966,126.1200027,113.9768295,18835200
2022-04-18,125.6699982,129.2400055,125.5400009,128.4600067,116.0915298,11834400
2022-04-19,128.4499969,131.3200073,128.2299957,131.1199951,118.4953995,15015400
2022-04-20,132.5200043,133.5099945,131.3399963,131.5800018,118.9111176,13430200
2022-04-21,132.2200012,132.8099976,129.9600067,130.5599976,117.9893265,12174200
2022-04-22,130.2799988,130.5200043,126.6900024,126.8099976,114.6004028,14318800
2022-04-25,126.0100021,127.1200027,123.1100006,126.7699966,114.5642471,17149000
2022-04-26,124.6399994,126.4100037,122.8700027,123.0199966,111.1753006,17209500
2022-04-27,122.3300018,123.5599976,121.2200012,121.4199982,109.7293549,17215200
2022-04-28,122.8099976,123.6500015,121.1399994,123.3399963,111.4644928,13015600
2022-04-29,123.0500031,123.6100006,118.9000015,119.3600006,107.8676987,14874800
2022-05-02,119.8799973,120.7099991,118.2200012,120.4499969,108.8527603,18545000
2022-05-03,121.5299988,124.1699982,120.7799988,123.0299988,111.1843414,15720900
2022-05-04,122.8000031,127.4000015,122.7399979,127.0999985,114.8624573,17128500
2022-05-05,125.25,126.0999985,122.1600037,123.9199982,111.9886322,15055400
2022-05-06,123.8000031,124.2900009,121.1800003,123.7200012,111.8079071,14417900
2022-05-09,122.1100006,123.3300018,120.5,121.8600006,110.1269989,14312300
2022-05-10,123.1100006,123.7799988,117.5599976,118.8899994,107.442955,16382400
2022-05-11,119.3000031,122.8899994,117.9400024,118.1399994,106.7651596,14630300
2022-05-12,117.0,118.3199997,115.3700027,118.0400009,106.6747742,16318800
2022-05-13,119.4100037,120.25,117.9599991,119.0899963,107.6236954,10443200
2022-05-16,118.5400009,119.4599991,117.2300034,118.2600021,106.8736115,10269000
2022-05-17,121.0400009,122.9700012,120.8099976,122.1800003,110.4161758,11160200
2022-05-18,121.3000031,121.9700012,119.5299988,120.0899963,108.5274124,12664900
2022-05-19,118.1900024,119.6500015,117.6299973,118.3099976,106.9188004,12765800
2022-05-20,119.4599991,119.6699982,115.0199966,117.3399963,106.0421829,13150100
2022-05-23,120.4599991,126.5699997,120.4499969,124.5999985,112.6031799,24376700
2022-05-24,124.3600006,127.4899979,123.1100006,126.3600006,114.1937332,19324900
2022-05-25,126.2799988,127.8600006,125.1699982,127.2399979,114.9889832,12780400
2022-05-26,128.3699951,130.1900024,128.2100067,129.4400024,116.9771652,15990900
2022-05-27,130.1600037,131.2700043,129.1399994,131.2700043,118.6309586,11177800
2022-05-31,130.1799927,133.1499939,129.7100067,132.2299957,119.4985199,17015000
2022-06-01,132.8699951,132.8699951,128.6699982,129.9100037,117.4019012,10768000
2022-06-02,129.8999939,132.0099945,128.6699982,132.0,119.2907028,8374800
2022-06-03,131.2100067,131.7700043,129.9900055,130.1600037,117.627861,8596000
2022-06-06,131.0899963,132.3899994,129.4600067,129.7299957,117.2392578,11323500
2022-06-07,128.8300018,130.3200073,128.6199951,130.0700073,117.5465317,6722200
2022-06-08,129.0,129.4499969,126.9000015,128.0,115.6758118,8422100
2022-06-09,127.3700027,128.1000061,125.2699966,125.3099976,113.2448273,13560100
2022-06-10,122.5899963,123.4000015,119.3199997,119.5500031,108.0394058,12945200
2022-06-13,116.8600006,117.9499969,115.0599976,115.9899979,104.8221664,16805600
2022-06-14,115.5500031,117.3199997,113.2200012,114.0599976,103.0780029,13357900
2022-06-15,115.6200027,116.9499969,113.1699982,115.4100037,104.2980347,14083500
2022-06-16,113.8600006,114.2600021,111.8700027,113.4300003,102.5086594,16724900
2022-06-17,113.5400009,114.6299973,112.1600037,113.0299988,102.1471558,30919900
2022-06-21,115.8700027,117.0299988,115.0400009,115.8300018,104.6775818,11680500
2022-06-22,114.8799973,116.1999969,114.3899994,115.1800003,104.0901566,9842700
2022-06-23,115.0100021,115.1800003,111.4800034,113.9199982,102.9514694,11851500
2022-06-24,113.2300034,117.8199997,112.8300018,117.3199997,106.0241089,14841100
2022-06-27,118.0599976,118.5,115.6399994,116.3799973,105.1746063,11280500
2022-06-28,117.6699982,119.2900009,115.5999985,115.8199997,104.6685486,11590900
2022-06-29,116.0,116.8199997,114.7300034,115.3000031,104.198616,9338400
2022-06-30,113.1699982,114.0800018,110.9300003,112.6100006,101.7676086,15172600
2022-07-01,112.6500015,114.4199982,111.1600037,114.0500031,103.0689697,10573600
2022-07-05,110.7699966,112.7099991,109.3000031,112.6200027,102.6769333,12514200
2022-07-06,111.7300034,112.9899979,110.7900009,111.8899994,102.0113831,10656200
2022-07-07,113.5,114.9000015,113.4000015,114.7200012,104.5915222,10347400
2022-07-08,115.1600037,115.6500015,113.6100006,114.3600006,104.2633057,8807800
2022-07-11,113.5500031,114.2300034,112.2200012,112.8600006,102.8957214,7939500
2022-07-12,112.5800018,115.1800003,112.2600021,112.9700012,102.9960251,11250900
2022-07-13,111.75,112.4800034,110.3799973,111.9100037,102.0296021,12979900
2022-07-14,107.9899979,108.2300034,106.0599976,108.0,98.46482086,26204800
2022-07-15,109.1600037,113.8799973,107.6699982,112.9499969,102.9777679,18863900
2022-07-18,114.7699966,115.8399963,111.2900009,111.7900009,101.9202042,13977900
2022-07-19,113.1299973,114.9400024,112.6699982,114.5599976,104.4456482,11862300
2022-07-20,114.0999985,114.7399979,113.4800034,114.5400009,104.4274063,11667500
2022-07-21,114.4400024,115.5299988,113.3700027,115.3199997,105.1385269,11595900
2022-07-22,115.2399979,116.25,113.6699982,114.7600021,104.6279907,7645500
2022-07-25,115.8399963,116.4599991,114.7699966,115.2200012,105.0473785,9394000
2022-07-26,114.5800018,115.5800018,113.0299988,113.4199982,103.406311,10675100
2022-07-27,114.0100021,115.7399979,113.3000031,115.2399979,105.0656052,9337400
2022-07-28,115.25,115.9800034,113.5299988,114.8099976,104.673584,10384800
2022-07-29,115.5899963,116.5,114.7900009,115.3600006,105.1750183,12944500
2022-08-01,114.5,115.1100006,113.0699997,114.2099991,104.1265488,14740400
2022-08-02,113.9199982,114.4000015,112.2699966,112.4300003,102.5036926,14942900
2022-08-03,113.4499969,114.0999985,111.7099991,113.6100006,103.5795135,14394500
2022-08-04,112.8499985,113.3199997,111.0199966,112.3600006,102.4398804,18033900
2022-08-05,112.5299988,116.1900024,112.0500031,115.7600021,105.5397034,14174600
2022-08-08,116.25,116.6999969,114.1800003,114.3499985,104.2542038,10332500
2022-08-09,114.75,115.9899979,114.3700027,115.3799973,105.1932373,10233800
2022-08-10,117.9599991,119.3700027,117.5,118.3899994,107.9375,12847300
2022-08-11,119.9000015,121.1999969,119.3099976,120.1399994,109.5329895,11684900
2022-08-12,120.6699982,122.25,119.4400024,122.1299973,111.34729,9906700
2022-08-15,121.1399994,122.7200012,120.5999985,122.4599991,111.6481705,8456200
2022-08-16,122.2900009,124.2399979,121.8700027,123.6299973,112.7148514,9555000
2022-08-17,122.3000031,123.1600037,121.6900024,122.5899963,111.7666855,8149300
2022-08-18,122.2399979,122.4700012,120.5500031,121.6399994,110.9005585,9531800
2022-08-19,120.6200027,120.9899979,118.1100006,118.6299973,108.1563034,13464500
2022-08-22,116.75,117.1600037,115.5,116.6699982,106.3693542,8967600
2022-08-23,116.6900024,117.2900009,115.3799973,115.5199966,105.3208847,7607000
2022-08-24,115.2900009,116.4100037,114.4499969,115.8000031,105.5761566,9771300
2022-08-25,116.1600037,118.7399979,115.6800003,118.5500031,108.0833817,10758900
2022-08-26,119.4599991,119.9899979,114.5999985,114.6699982,104.5459442,11276200
2022-08-29,114.0,114.8600006,113.4599991,114.3899994,104.290657,8117300
2022-08-30,115.0,115.5800018,113.3600006,114.4100037,104.3088913,10745400
2022-08-31,114.4800034,115.0299988,113.3399963,113.7300034,103.6889267,10738300
2022-09-01,113.2900009,114.6299973,111.9100037,114.5100021,104.4000626,9979800
2022-09-02,115.8700027,117.4499969,113.1900024,113.7099991,103.6706848,10666600
2022-09-06,114.3300018,114.75,112.0699997,113.7399979,103.6980362,9751900
2022-09-07,113.1299973,116.1100006,112.7600021,115.9000015,105.6673279,10647900
2022-09-08,115.2799988,118.7900009,114.6299973,118.5999985,108.1289749,11435000
2022-09-09,119.1399994,120.0500031,118.6699982,119.1699982,108.6486282,9299700
2022-09-12,120.6200027,121.5500031,119.7900009,120.5800018,109.9341507,8614600
2022-09-13,118.0699997,118.9199982,115.7799988,116.3899994,106.1140671,12904600
2022-09-14,116.6999969,117.8399963,114.8799973,116.1200027,105.8679199,9345700
2022-09-15,116.1200027,119.3799973,115.7600021,117.8700027,107.4634171,10821400
2022-09-16,117.3899994,117.4000015,115.3700027,117.0800018,106.7431412,14844100
2022-09-19,116.0,118.7300034,115.5100021,118.1600037,107.7278214,8201300
2022-09-20,117.4100037,117.6900024,114.6399994,115.8300018,105.6035233,9619000
2022-09-21,116.5400009,116.5999985,112.4199982,112.4899979,102.558403,12606300
2022-09-22,113.3799973,113.5999985,111.0699997,111.2099991,101.3914185,11684500
2022-09-23,110.0500031,110.3399963,107.1600037,109.1399994,99.50416565,18138600
2022-09-26,108.0,109.6100006,106.0599976,106.7900009,97.36165619,15753600
2022-09-27,107.75,108.1699982,104.6500015,105.8499985,96.50462341,12793600
2022-09-28,105.9499969,108.7300034,105.6399994,107.9899979,98.45570374,12762600
2022-09-29,106.9499969,107.2799988,104.4000015,106.1600037,96.78726959,12713900
2022-09-30,106.0599976,107.6200027,104.4000015,104.5,95.27381897,15973400
2022-10-03,105.6200027,108.3600006,104.4599991,107.7300034,98.21865845,12248100
2022-10-04,110.6100006,112.9899979,109.8600006,112.7699966,102.8136749,16013600
2022-10-05,109.75,110.9499969,108.8300018,110.3899994,101.5442581,10943500
2022-10-06,109.4599991,110.1900024,107.9400024,108.1399994,99.47455597,11521400
2022-10-07,107.5199966,107.7099991,105.2699966,105.9800034,97.48764801,11681100
2022-10-10,106.7300034,107.3099976,104.5199966,104.9899979,96.57697296,8931700
2022-10-11,104.3700027,104.5400009,101.8499985,101.9599991,93.78977203,12739700
2022-10-12,101.8000031,104.7300034,101.2799988,103.6100006,95.30755615,13181000
2022-10-13,101.9800034,109.9000015,101.7600021,109.3700027,100.6060104,22398700
2022-10-14,111.9599991,115.2399979,110.7200012,111.1900024,102.2801514,33387100
2022-10-17,115.4100037,117.0100021,114.3199997,115.8600006,106.5759506,22276300
2022-10-18,119.6600037,120.1399994,116.9599991,118.8399963,109.3171539,21539700
2022-10-19,117.9899979,118.8300018,115.6699982,116.5100021,107.1738663,17072000
2022-10-20,117.1600037,118.7099991,115.6500015,116.1299973,106.8243027,12207400
2022-10-21,116.4599991,122.3899994,116.3300018,122.2300034,112.4355011,20593300
2022-10-24,122.0699997,123.0999985,121.3300018,122.3799973,112.5734787,12624200
2022-10-25,121.8499985,123.2699966,120.8899994,122.6999969,112.867836,11289100
2022-10-26,123.0,125.1999969,122.8799973,124.1100006,114.1648636,11667000
2022-10-27,125.1999969,126.1999969,124.2099991,124.5999985,114.6155777,10727600
2022-10-28,125.2900009,126.2799988,124.0500031,126.0800018,115.977005,11859500
2022-10-31,125.6999969,127.4300003,125.5899963,125.8799973,115.7930222,13295200
2022-11-01,126.8700027,128.2799988,126.3300018,128.1499939,117.8811188,13386900
2022-11-02,127.6500015,130.3600006,126.6399994,126.9700012,116.7956696,16546100
2022-11-03,126.3099976,128.1799927,125.9100037,127.1999969,117.0072327,12474400
2022-11-04,129.4900055,130.8300018,128.4600067,130.6799927,120.208374,14953200
2022-11-07,131.0,132.2899933,130.4799957,131.3699951,120.8431091,12011200
2022-11-08,131.2400055,132.0599976,130.1399994,131.4499969,120.916687,9884100
2022-11-09,131.3200073,131.4299927,129.2200012,129.7400055,119.3437119,9494000
2022-11-10,132.6300049,135.25,132.5299988,135.0800018,124.2558289,16351600
2022-11-11,135.1900024,136.1699982,133.7799988,135.3000031,124.4581833,10704700
2022-11-14,134.8000031,135.7299957,133.9100037,133.9100037,123.1795883,11085600
2022-11-15,134.6799927,135.7100067,131.6000061,132.9400024,122.2872849,14038300
2022-11-16,133.0,133.5599976,132.0299988,133.1199951,122.4528732,7893400
2022-11-17,132.0,132.8899994,131.2799988,132.5399933,121.9193344,8820200
2022-11-18,134.5700073,134.6699982,132.2799988,133.8399963,123.1151505,9468500
2022-11-21,133.7400055,134.5599976,132.75,133.0500031,122.3884964,7800500
2022-11-22,134.0,135.2700043,133.6900024,135.0399933,124.2190094,9185700
2022-11-23,134.9400024,136.5,134.8600006,136.4799957,125.5436325,7316200
2022-11-25,136.4799957,137.1399994,136.0599976,136.7400055,125.7827606,3220500
2022-11-28,136.0700073,136.7100067,134.1900024,134.3500061,123.5842896,9906900
2022-11-29,134.6600037,136.6399994,134.4100037,136.5599976,125.6172028,7925300
2022-11-30,136.0899963,138.1799927,133.1900024,138.1799927,127.1073837,14761200
2022-12-01,138.1799927,138.6600037,135.4299927,136.2400055,125.3228607,8858500
2022-12-02,134.4900055,135.3500061,133.3399963,135.1600037,124.3293762,8931900
2022-12-05,134.2400055,134.5700073,130.6000061,131.3699951,120.8431091,10154500
2022-12-06,133.3899994,135.1100006,129.8699951,131.5899963,121.0454712,13966700
2022-12-07,131.3099976,133.0800018,130.3300018,131.5,120.9626846,11739400
2022-12-08,132.3300018,132.9799957,131.4299927,132.8800049,122.2321167,8907300
2022-12-09,132.1999969,133.7599945,132.0,132.1600037,121.5697937,7957800
2022-12-12,132.3999939,134.6499939,131.6000061,134.2100067,123.4555206,8841600
2022-12-13,136.8899994,137.0899963,133.0800018,134.0800018,123.3359528,10025400
2022-12-14,133.7799988,135.7100067,132.7599945,133.4100037,122.7196503,9966100
2022-12-15,131.1499939,132.0800018,129.0500031,130.1000061,119.6748734,12087800
2022-12-16,129.1499939,129.8999939,128.4299927,129.2899933,118.9297714,21133700
2022-12-19,129.6499939,131.3300018,129.0899963,130.0599976,119.6380692,9017200
2022-12-20,130.9700012,132.0500031,130.1999969,130.6900024,120.2175751,8549900
2022-12-21,132.1799927,132.9799957,131.7700043,132.1600037,121.5697937,8051700
2022-12-22,131.1000061,131.3000031,128.4100037,130.6600037,120.1899872,8648200
2022-12-23,130.5800018,131.4400024,129.6399994,131.2799988,120.7603302,5091900
2022-12-27,131.5700073,132.2200012,130.5500031,131.7400055,121.1834488,5411000
2022-12-28,131.8500061,133.4100037,131.0099945,132.4600067,121.8457794,8827700
2022-12-29,132.9299927,133.2700043,132.3099976,133.2200012,122.5448532,6585200
2022-12-30,132.8099976,134.3300018,132.4400024,134.1000061,123.3543243,9292500
2023-01-03,135.2400055,136.7400055,133.8899994,135.1199951,124.2926102,11054800
2023-01-04,135.9900055,137.6799927,135.5700073,136.3800049,125.4516525,11687600
2023-01-05,135.6600037,135.7100067,133.6999969,135.3500061,125.423851,8381300
2023-01-06,136.1300049,138.3800049,134.4900055,137.9400024,127.8238831,10029100
2023-01-09,138.6000061,138.8800049,136.8800049,137.3699951,127.2956924,8482300
2023-01-10,137.7899933,138.7200012,137.3099976,138.6000061,128.4355011,9048700
2023-01-11,138.8999939,139.75,138.1000061,139.6300049,129.3899689,8703700
2023-01-12,140.0,140.8600006,139.2200012,139.4900055,129.2602386,11001700
2023-01-13,135.6000061,143.4900055,134.8000031,143.0099945,132.5220795,20200000
2023-01-17,141.1699982,141.5399933,139.2299957,140.8000031,130.4741364,14292900
2023-01-18,138.9199982,140.7299957,136.4100037,136.5700073,126.5543747,13392600
2023-01-19,135.3200073,135.8999939,133.5899963,134.75,124.8678436,13303400
2023-01-20,135.1600037,135.4900055,133.5500031,135.0800018,125.1736603,13092500
2023-01-23,135.1199951,137.9600067,134.8200073,137.2700043,127.2030334,10487100
2023-01-24,136.4199982,140.2899933,135.0,138.4499969,128.2964783,6945000
2023-01-25,138.0500031,139.1199951,137.25,139.1199951,128.9173737,8967000
2023-01-26,139.4199982,140.0599976,138.3600006,139.9799957,129.7142792,7487600
2023-01-27,140.6100006,141.2599945,139.75,140.3200073,130.0293579,7489900
2023-01-30,139.2299957,140.0899963,138.9100037,139.1300049,128.9266357,6729300
2023-01-31,139.8800049,140.0700073,138.25,139.9600067,129.6957703,9188700
2023-02-01,138.2100067,140.8800049,138.1199951,139.5899963,129.3528748,8841800
2023-02-02,140.0,140.4600067,138.0,138.9400024,128.7505646,11822100
2023-02-03,138.1799927,142.3300018,138.1300049,141.0899963,130.7428741,11501200
2023-02-06,140.2299957,142.2400055,140.0299988,141.9199982,131.5120239,8406200
2023-02-07,141.3800049,144.3399963,141.1799927,143.6499939,133.1151123,10447900
2023-02-08,142.6499939,144.0399933,142.2799988,142.6399994,132.1791992,6958000
2023-02-09,143.1199951,143.3399963,139.8699951,140.4199982,130.1220245,6443100
2023-02-10,139.7799988,141.2799988,138.5899963,141.0399933,130.6965332,6582900
2023-02-13,141.3000031,142.7299957,140.7400055,142.5700073,132.1143646,7134600
2023-02-14,142.5,143.8099976,141.6000061,143.1999969,132.6981506,9249400
2023-02-15,141.6100006,143.8899994,141.3000031,143.8000031,133.2541504,6728300
2023-02-16,142.9100037,143.3899994,141.6799927,141.8200073,131.4193573,8165300
2023-02-17,140.9799957,142.8300018,140.0700073,142.2400055,131.8085632,7948800
2023-02-21,140.6900024,141.3399963,138.75,139.6300049,129.3899689,9996300
2023-02-22,138.9199982,139.4299927,137.4400024,138.5599976,128.3984222,11107500
2023-02-23,138.7299957,140.1699982,137.9400024,139.6699982,129.4270325,8068000
2023-02-24,139.1100006,141.3600006,138.9299927,140.9299927,130.5946198,9126900
2023-02-27,142.1100006,143.3099976,141.7200012,142.1600037,131.7343903,10014700
2023-02-28,142.9400024,143.7599945,141.8999939,143.3500061,132.8371582,11019800
2023-03-01,142.1000061,143.4600067,141.8000031,142.5500031,132.0958099,7139200
2023-03-02,142.2400055,142.4299927,139.5399933,141.0700073,130.72435,11106800
2023-03-03,141.5099945,143.7400055,141.0800018,143.6600037,133.1243896,9513100
2023-03-06,143.4400024,144.0399933,142.6600037,142.8200073,132.3460388,9261300
2023-03-07,142.0099945,142.3099976,137.8099976,138.6199951,128.4540253,11747600
2023-03-08,138.0,138.5899963,136.8899994,137.8000031,127.6941757,10002500
2023-03-09,136.7599945,137.3500061,129.2200012,130.3399963,120.7812576,25888100
2023-03-10,128.9600067,135.2599945,127.8199997,133.6499939,123.8484955,37599700
2023-03-13,131.2100067,133.8800049,129.4100037,131.25,121.6245117,42901100
2023-03-14,135.2799988,135.5299988,131.2899933,134.6199951,124.7473755,29648100
2023-03-15,130.9799957,130.9900055,126.7300034,128.2599945,118.8537979,34280600
2023-03-16,128.0099945,131.9499969,126.0199966,130.75,121.1611862,24558500
2023-03-17,128.3800049,128.4799957,125.4499969,125.8099976,116.5834808,38396000
2023-03-20,126.9899979,129.4700012,126.0100021,127.1399994,117.8159256,22875500
2023-03-21,130.5899963,131.7299957,130.1900024,130.5500031,120.9758759,17807800
2023-03-22,130.5599976,130.6600037,127.0800018,127.1800003,117.8530121,17250200
2023-03-23,127.9000015,129.5299988,126.0199966,126.8399963,117.5379333,16677600
2023-03-24,125.6299973,125.6800003,123.1100006,124.9100037,115.7494888,22311100
2023-03-27,126.7900009,129.3800049,126.2900009,128.4900055,119.0669479,18853900
2023-03-28,128.7100067,129.3399963,127.7399979,128.8800049,119.4283447,10820500
2023-03-29,130.1000061,130.2200012,127.7699966,129.1399994,119.6692581,14595300
2023-03-30,129.9499969,130.1199951,127.6500015,128.75,119.3078613,12134700
2023-03-31,129.6600037,130.3399963,128.8500061,130.3099976,120.7534561,13105200
2023-04-03,129.9100037,131.4400024,129.4100037,130.1600037,120.6144638,11775400
2023-04-04,130.5,130.5899963,127.4100037,128.4199982,119.0020752,11579900
2023-04-05,126.8000031,128.1499939,126.4599991,127.6100006,119.1795197,9614700
2023-04-06,127.0,128.0800018,126.8600006,127.4700012,119.0487595,8760200
2023-04-10,126.5400009,128.2299957,126.2200012,127.8899994,119.4410019,9477300
2023-04-11,128.3000031,128.9400024,127.5400009,128.5200043,120.0293961,10516300
2023-04-12,129.1799927,130.4299927,128.0599976,128.5,120.0107193,11821000
2023-04-13,128.4600067,129.0399933,126.8300018,128.9900055,120.4683304,12450200
2023-04-14,135.1499939,139.1199951,134.8999939,138.7299957,129.5648956,43931300
2023-04-17,139.9499969,140.0599976,137.6600037,139.8300018,130.5922089,16050500
2023-04-18,140.2700043,141.7799988,139.0299988,141.3999939,132.0584564,13760100
2023-04-19,141.2299957,141.5,140.3999939,141.2200012,131.8903961,9158100
2023-04-20,139.9100037,141.4299927,139.8399963,140.8099976,131.5074615,10586200
2023-04-21,139.7400055,141.1100006,138.7799988,140.5399933,131.2552795,11842500
2023-04-24,140.4600067,141.1000061,140.0399933,140.7299957,131.432724,7567500
2023-04-25,139.6000061,139.9600067,137.6300049,137.6699982,128.5749054,10629300
2023-04-26,137.6199951,137.8099976,134.0,135.2299957,126.2961044,14416100
2023-04-27,136.0,137.9100037,135.6600037,137.0500031,127.9958572,9041100
2023-04-28,136.5599976,138.3200073,135.6699982,138.2400055,129.1072388,9887300
2023-05-01,142.2599945,143.3699951,140.8300018,141.1999969,131.8717041,20415800
2023-05-02,141.3999939,142.4100037,138.4299927,138.9199982,129.7423096,14113400
2023-05-03,138.4400024,138.6699982,135.7599945,135.9799957,126.9965439,12930900
2023-05-04,134.9600067,135.7200012,131.8099976,134.1199951,125.2594299,17089200
2023-05-05,136.4400024,137.8800049,135.9100037,136.7400055,127.7063293,11261400
2023-05-08,137.4900055,137.9700012,136.4799957,137.0700073,128.0145569,7484900
2023-05-09,135.9299927,136.9499969,135.2100067,136.4100037,127.39814,7343600
2023-05-10,137.9499969,138.0599976,134.8699951,136.4799957,127.4635086,8133400
2023-05-11,135.0,136.8099976,134.8999939,136.0500031,127.0619354,7057300
2023-05-12,136.8200073,136.9900055,133.1300049,134.1000061,125.2407455,9988600
2023-05-15,134.2700043,135.6699982,133.9600067,135.2299957,126.2961044,7639500
2023-05-16,135.4600067,135.9400024,133.9600067,134.3200073,125.4462204,6477200
2023-05-17,135.8999939,138.5899963,135.4600067,138.4499969,129.30336,12711500
2023-05-18,138.2700043,139.7299957,137.7599945,139.5,130.2839966,10999600
2023-05-19,139.7899933,140.4900055,138.1300049,139.1799927,129.9851074,13492200
2023-05-22,141.0,141.6399994,137.6600037,138.0299988,128.9111328,11402500
2023-05-23,137.5399933,139.0299988,136.4600067,136.5899963,127.566246,9514900
2023-05-24,135.3999939,136.3500061,135.0800018,135.3399963,126.3988266,8578000
2023-05-25,134.8200073,136.2700043,134.5800018,135.6699982,126.7070236,8472500
2023-05-26,136.1100006,137.6000061,135.6300049,136.9400024,127.8931198,8579900
2023-05-30,136.8000031,137.7200012,136.0200043,137.4600067,128.3787537,7399900
2023-05-31,136.7299957,136.8399963,134.3999939,135.7100067,126.7444,14219900
2023-06-01,136.5200043,138.2299957,135.4499969,137.5800018,128.49086,12248100
2023-06-02,139.5599976,141.4799957,139.3399963,140.4700012,131.1899567,12922500
2023-06-05,140.1100006,140.1100006,138.1300049,139.0899963,129.9010925,8511900
2023-06-06,138.6799927,140.1000061,138.2100067,139.3399963,130.1345673,9329500
2023-06-07,139.5500031,141.2700043,138.8300018,140.6900024,131.3953857,9281400
2023-06-08,140.6699982,140.8899994,139.4799957,140.7299957,131.432724,7368100
2023-06-09,140.3500061,141.8000031,140.2100067,141.0099945,131.6942291,7249100
2023-06-12,141.0700073,141.3200073,139.7599945,141.0,131.6848907,7596600
2023-06-13,140.4799957,142.8699951,140.1399994,142.0200043,132.6375427,7701600
2023-06-14,143.0,143.6100006,140.6999969,141.4900055,132.1425476,9068700
2023-06-15,140.5899963,143.3999939,140.0299988,143.0899963,133.6368561,9343100
2023-06-16,143.0500031,143.9700012,142.5,143.2599945,133.7956085,13813500
2023-06-20,142.6100006,143.0,141.0399933,142.5299988,133.1138458,8428600
2023-06-21,142.8999939,144.0200043,141.6900024,142.3200073,132.9176941,9926500
2023-06-22,142.3099976,142.6000061,138.9499969,139.5800018,130.3587494,10075200
2023-06-23,138.5399933,139.1799927,137.6199951,138.8500061,129.6769714,9919500
2023-06-26,138.8699951,140.0099945,137.6900024,139.1900024,129.9944916,8429700
2023-06-27,139.0,139.8399963,138.5399933,139.1999969,130.0038147,8154000
2023-06-28,139.1600037,139.2100067,137.9600067,138.5899963,129.4341278,7558600
2023-06-29,140.0700073,143.5599976,139.8500061,143.4299927,133.9543457,15423200
2023-06-30,144.6000061,146.0,143.6600037,145.4400024,135.8315887,14212800
2023-07-03,146.1900024,147.4799957,146.0,146.6100006,136.9242859,8021600
2023-07-05,144.9400024,145.4299927,144.3600006,144.6399994,136.0121613,8934900
2023-07-06,143.0200043,143.3899994,141.4400024,143.2100067,134.66745,9709500
2023-07-07,143.9100037,145.8399963,143.0,144.3399963,135.7300415,8981500
2023-07-10,144.5,145.9900055,144.5,145.1499939,136.4917145,9100100
2023-07-11,146.3399963,147.8200073,145.7100067,147.4199982,138.6263275,11260900
2023-07-12,147.4499969,149.8699951,147.0,148.1499939,139.3127747,11323200
2023-07-13,148.6999969,149.3699951,147.75,148.8699951,139.9898224,11234900
2023-07-14,151.5500031,152.8899994,148.4100037,149.7700043,140.8361359,27028400
2023-07-17,150.3500061,153.75,150.3500061,153.3800049,144.2307892,17262400
2023-07-18,153.3800049,154.3999939,152.8200073,153.6600037,144.4940948,13491700
2023-07-19,152.75,155.2100067,152.2200012,154.25,145.0488739,12510000
2023-07-20,154.5299988,156.5899963,154.4100037,156.1499939,146.835556,9935900
2023-07-21,155.8000031,156.1399994,154.6900024,154.9499969,145.7071381,10636400
2023-07-24,154.9700012,158.7899933,154.7299957,158.0,148.5752258,14381400
2023-07-25,157.3000031,157.7200012,155.9600067,156.8200073,147.4656067,9944700
2023-07-26,156.7100067,158.25,156.2799988,157.7599945,148.3495178,8728600
2023-07-27,157.7700043,158.7799988,155.5500031,156.0200043,146.7133179,10778400
2023-07-28,157.2799988,157.6000061,156.4400024,156.9100037,147.5502319,9103800
2023-07-31,157.1799927,159.3800049,157.1499939,157.9600067,148.5375977,8892700
2023-08-01,157.4299927,158.0,156.1499939,157.1799927,147.8041382,6853900
2023-08-02,155.5599976,155.6900024,153.9400024,155.3999939,146.1302948,8299400
2023-08-03,155.0,156.9199982,154.3500061,156.3500061,147.0236206,6084000
2023-08-04,156.3999939,157.8000031,155.6999969,156.0200043,146.7133179,6209400
2023-08-07,156.6000061,157.6999969,156.6000061,156.7599945,147.4091797,7251800
2023-08-08,154.3200073,155.9799957,152.5899963,155.8800049,146.5816498,8623400
2023-08-09,155.3200073,155.5200043,153.4700012,153.7899933,144.6163483,6277800
2023-08-10,154.3800049,155.4400024,153.0899963,153.5599976,144.4000397,5995100
2023-08-11,153.0299988,154.5200043,152.6300049,154.4499969,145.236969,5180700
2023-08-14,153.6100006,154.9199982,152.9199982,154.7700043,145.5378876,5044300
2023-08-15,152.8500061,153.2700043,150.2299957,150.8300018,141.8329163,10300300
2023-08-16,150.6000061,150.9600067,149.6799927,150.1900024,141.2310791,6978200
2023-08-17,150.8800049,151.2599945,148.3999939,148.6300049,139.7641449,9953900
2023-08-18,147.6499939,149.5,147.4400024,148.9700012,140.083847,8517500
2023-08-21,149.6499939,150.1000061,148.0200043,149.4799957,140.5634308,8327000
2023-08-22,149.2599945,149.6399994,145.8500061,146.3800049,137.6483765,9673300
2023-08-23,146.3500061,147.5899963,145.4600067,147.3699951,138.5792847,7858000
2023-08-24,147.5,149.4100037,146.9900055,147.2299957,138.4476776,6534000
2023-08-25,147.2799988,148.6199951,145.8500061,147.0500031,138.2784119,6695500
2023-08-28,147.5700073,148.6100006,147.1300049,147.5599976,138.7579346,5094100
2023-08-29,147.7100067,148.8500061,147.1799927,148.7599945,139.8863831,6337000
2023-08-30,148.6199951,149.1499939,147.1900024,148.1600037,139.3221741,6277300
2023-08-31,148.2599945,148.3500061,145.9600067,146.3300018,137.6013336,10933900
2023-09-01,146.0899963,148.0800018,145.6999969,146.8200073,138.0621033,7903500
2023-09-05,147.1600037,148.2100067,145.0099945,145.1999969,136.5387421,7854700
2023-09-06,144.6999969,145.5399933,144.1100006,144.9600067,136.3130646,8629200
2023-09-07,144.1300049,145.2700043,143.3899994,143.7200012,135.1470184,8373700
2023-09-08,143.3699951,144.1199951,142.6499939,143.8300018,135.250473,7107900
2023-09-11,144.75,145.0500031,143.6900024,144.4600067,135.842926,6854200
2023-09-12,144.5,147.3200073,144.0500031,146.3399963,137.6107178,8363200
2023-09-13,147.3399963,147.6999969,145.8200073,146.4100037,137.6765594,8325900
2023-09-14,147.8399963,149.8999939,147.5200043,149.25,140.3471527,10034900
2023-09-15,148.9199982,149.7299957,148.3099976,148.8099976,139.9333954,19863400
2023-09-18,148.1600037,149.1399994,147.75,149.1199951,140.2248993,6512400
2023-09-19,149.5,149.7200012,147.2100067,148.9299927,140.0462494,7943400
2023-09-20,149.6499939,150.25,148.1399994,148.3000031,139.4538422,7332000
2023-09-21,147.5800018,148.8500061,146.6300049,147.1399994,138.3630219,8052400
2023-09-22,147.2899933,147.5099945,145.1900024,145.7299957,137.0371246,7071700
2023-09-25,145.3500061,146.5200043,143.6999969,146.4499969,137.7141571,7044700
2023-09-26,144.6000061,145.8399963,144.2299957,144.9299927,136.2848206,7468400
2023-09-27,145.1900024,146.0899963,144.5099945,145.7799988,137.0841522,6717800
2023-09-28,146.2799988,148.8699951,146.0099945,147.5899963,138.7861786,8868100
2023-09-29,148.6000061,148.7599945,144.8600006,145.0200043,136.3694916,11917800
2023-10-02,144.8300018,145.6199951,142.6300049,143.7700043,135.1940155,9170600
2023-10-03,143.1999969,143.5899963,142.3500061,142.7100067,134.1972809,9431100
2023-10-04,143.1900024,143.4700012,141.9299927,143.3500061,134.7991028,8128700
2023-10-05,142.0399933,143.1000061,140.8300018,142.8999939,135.3674469,8576200
2023-10-06,142.9100037,145.8800049,142.1399994,145.1000061,137.4514923,10270600
2023-10-09,143.6600037,145.3999939,143.5,144.7700043,137.138916,6964900
2023-10-10,145.4199982,146.7700043,145.2799988,145.6499939,137.9725037,11288800
2023-10-11,146.5099945,147.2299957,145.0200043,146.1499939,138.4461517,8698200
2023-10-12,146.3000031,146.9600067,145.1300049,145.8099976,138.1240692,10484400
2023-10-13,148.5,153.1100006,147.8399963,148.0,140.1986389,29427000
2023-10-16,149.4499969,149.5200043,146.7200012,147.8500061,140.0565643,12663500
2023-10-17,147.5700073,149.3099976,146.7899933,147.5299988,139.7534027,11482700
2023-10-18,146.5899963,147.4799957,145.3699951,145.9100037,138.218811,9620300
2023-10-19,145.4799957,147.0200043,144.8800049,145.2899933,137.631485,11143600
2023-10-20,144.5700073,145.1399994,142.1199951,142.9499969,135.4148407,13332900
2023-10-23,142.9400024,143.6799927,140.7299957,141.0,133.567627,10133400
2023-10-24,141.1900024,141.7299957,140.3600006,141.1699982,133.7286682,8881400
2023-10-25,140.5700073,141.1799927,139.5099945,140.3999939,132.9992371,8242600
2023-10-26,139.7599945,141.6699982,139.4299927,140.7599945,133.3402557,9109400
2023-10-27,138.9499969,139.1000061,135.1900024,135.6900024,128.5375214,17434700
2023-10-30,136.4400024,138.0399933,136.0399933,137.4199982,130.1763306,9855500
2023-10-31,137.7100067,139.2400055,137.4700012,139.0599976,131.7298737,9672500
2023-11-01,139.25,140.5299988,138.4700012,138.9400024,131.6162109,9432000
2023-11-02,140.0899963,141.4799957,139.2299957,141.4199982,133.9654999,10186200
2023-11-03,142.1900024,143.7700043,141.8500061,143.0,135.462204,9538700
2023-11-06,143.1699982,144.1900024,142.7899933,144.0800018,136.4852753,7625100
2023-11-07,143.5099945,144.2599945,142.8200073,144.0099945,136.4189606,6297900
2023-11-08,144.1100006,144.8399963,143.6199951,144.7200012,137.091507,7618200
2023-11-09,145.4400024,145.6499939,143.6999969,144.2899933,136.6842041,7992500
2023-11-10,144.9400024,146.4799957,144.0800018,146.4299927,138.7113953,7983300
2023-11-13,145.6999969,146.25,145.1600037,145.7799988,138.0956726,6676300
2023-11-14,146.6799927,149.25,146.5200043,148.4400024,140.615448,9927700
2023-11-15,148.4600067,150.1600037,148.4600067,149.7400055,141.8469238,8365300
2023-11-16,150.0899963,151.5299988,150.0899963,151.4499969,143.4667664,8126200
2023-11-17,152.1999969,152.8600006,151.5399933,152.8200073,144.7645569,7812400
2023-11-20,152.0800018,153.75,151.9199982,153.2899933,145.2097931,7019000
2023-11-21,153.1999969,153.6300049,152.5700073,152.9700012,144.9066315,7083500
2023-11-22,153.4100037,153.8800049,152.8999939,153.3300018,145.2476807,5174500
2023-11-24,153.5899963,154.4400024,153.2799988,153.5399933,145.4465942,3496900
2023-11-27,153.4299927,153.5299988,152.7100067,153.1900024,145.1150818,6259100
2023-11-28,153.2200012,153.8699951,152.7200012,153.5399933,145.4465942,6582700
2023-11-29,154.1699982,155.6300049,154.0,154.3200073,146.1855316,9126100
2023-11-30,154.9100037,156.1300049,154.3800049,156.0800018,147.8527222,9869800
2023-12-01,155.8200073,157.8600006,155.8200073,156.8399963,148.5726624,8916000
2023-12-04,156.0200043,158.0500031,155.8800049,157.9900055,149.6620483,9607500
2023-12-05,157.2599945,158.5,156.9700012,157.9700012,149.6431122,9135600
2023-12-06,158.8399963,159.2200012,156.0,156.3099976,148.0705872,9366000
2023-12-07,156.6900024,157.3099976,156.1499939,156.7899933,148.5252991,8130900
2023-12-08,157.2599945,158.7799988,156.9799957,158.5200043,150.1641235,7369400
2023-12-11,158.5200043,159.3000031,158.1499939,159.1000061,150.7135468,8093900
2023-12-12,159.2299957,160.6499939,158.8800049,160.5200043,152.0586853,10223000
2023-12-13,160.5200043,162.0299988,159.7700043,161.0599976,152.5702057,12379100
2023-12-14,161.8300018,164.8399963,161.7100067,163.9900055,155.3457947,13643000
2023-12-15,163.0800018,165.2799988,162.3899994,165.2299957,156.5204163,20309300
2023-12-18,165.9199982,167.1300049,165.6300049,166.2299957,157.4677124,8469600
2023-12-19,166.0,168.4700012,165.5500031,168.4499969,159.5706635,10345700
2023-12-20,167.9900055,169.4100037,166.4499969,166.5500031,157.770813,10734700
2023-12-21,166.8399963,168.0899963,165.6799927,167.5,158.6707458,7601700
2023-12-22,167.5,168.2299957,167.2299957,167.3999939,158.576004,6576300
2023-12-26,167.4600067,168.7700043,167.1799927,168.3899994,159.513855,4683600
2023-12-27,167.8399963,169.4700012,167.5800018,169.3999939,160.4705811,6428600
2023-12-28,169.3500061,170.6600037,169.0,170.3000031,161.3231659,6320100
2023-12-29,170.0,170.6900024,169.6300049,170.1000061,161.1337128,6435100
2024-01-02,169.0899963,172.1699982,168.9100037,172.0800018,163.0093384,9977400
2024-01-03,171.8600006,172.0399933,170.3699951,171.3300018,162.2988586,9852300
2024-01-04,170.6399994,173.3500061,170.5399933,171.4100037,163.3759155,11972500
2024-01-05,171.4700012,173.3800049,171.4700012,172.2700043,164.1955719,10066000
2024-01-08,172.0200043,172.3600006,169.4900055,172.0200043,163.9573364,11229900
2024-01-09,171.6199951,171.7899933,170.1000061,170.6600037,162.661087,9923600
2024-01-10,170.0,171.0800018,168.9499969,171.0200043,163.0041962,9670200
2024-01-11,170.3300018,170.3600006,168.6399994,170.3000031,162.3179474,11919500
2024-01-12,173.8000031,176.3099976,168.8999939,169.0500031,161.1265411,19436500
2024-01-16,164.8699951,168.0899963,164.3000031,167.9900055,160.1162262,17206400
2024-01-17,167.3399963,169.0700073,166.4900055,167.0899963,159.2583923,11107500
2024-01-18,167.1199951,167.5299988,165.2400055,167.4199982,159.5729218,9382300
2024-01-19,167.5500031,170.5700073,167.0800018,170.3099976,162.3274689,13115700
2024-01-22,170.4600067,171.9799957,169.7100067,170.1100006,162.1368561,12837500
2024-01-23,169.6699982,169.75,168.4400024,168.9900055,161.0693359,8360800
2024-01-24,169.3600006,171.0099945,168.8600006,170.5,162.5085754,9967100
2024-01-25,172.3099976,172.9900055,170.9100037,172.9400024,164.834198,8873500
2024-01-26,172.6100006,173.0599976,171.7799988,172.2799988,164.2051239,7443000
2024-01-29,172.2400055,172.8399963,171.3000031,172.7299957,164.6340485,6971200
2024-01-30,172.8300018,176.7599945,172.8300018,176.2700043,168.0081329,10822100
2024-01-31,176.1999969,178.3000031,174.3399963,174.3600006,166.1876373,11521800
2024-02-01,173.6399994,174.8399963,171.4299927,173.7299957,165.5871735,9354800
2024-02-02,173.3000031,175.8200073,173.2599945,174.7299957,166.540329,8607600
2024-02-05,173.8600006,175.0899963,172.9199982,174.5,166.3210907,7820200
2024-02-06,174.6100006,175.8699951,173.7599945,175.1000061,166.8929596,6764800
2024-02-07,175.6900024,175.8699951,173.9600067,175.4299927,167.2074738,7225500
2024-02-08,175.0,175.3099976,173.5700073,174.8000031,166.6070251,6060300
2024-02-09,175.0,175.1000061,173.6699982,175.0099945,166.8071442,6296700
2024-02-12,174.7799988,176.8099976,173.6999969,175.7899933,167.5506134,8539300
2024-02-13,175.3200073,176.2299957,172.6199951,174.2599945,166.0923309,8397600
2024-02-14,175.0700073,176.1000061,174.4199982,176.0299988,167.7793884,7056700
2024-02-15,176.1499939,180.2100067,176.1499939,179.8699951,171.4394073,8723400
2024-02-16,179.6100006,179.9799957,178.1600037,179.0299988,170.6387634,8152600
2024-02-20,179.1900024,180.4600067,178.4100037,179.7299957,171.3059235,9668000
2024-02-21,179.9499969,180.9900055,178.5200043,180.8999939,172.4211273,7024000
2024-02-22,181.8200073,183.4199982,181.2400055,183.0700073,174.4894104,9296500
2024-02-23,183.8099976,185.1999969,183.1900024,183.9900055,175.3662872,7105800
2024-02-26,183.75,184.4600067,182.4799957,183.3600006,174.7657928,7145400
2024-02-27,183.3099976,183.5399933,182.2400055,183.4499969,174.8515778,5717100
2024-02-28,183.4299927,185.1999969,182.9600067,184.3800049,175.7379913,6131600
2024-02-29,185.6600037,186.4299927,183.8500061,186.0599976,177.3392487,9643000
2024-03-01,185.6999969,186.4400024,185.1000061,185.2899933,176.6053619,6311800
2024-03-04,184.7100067,187.5899963,184.2700043,186.6799927,177.930191,7063600
2024-03-05,186.3600006,189.3000031,186.3600006,188.5500031,179.7125397,6617800
2024-03-06,189.25,190.0700073,187.6300049,189.5299988,180.6466217,7572900
2024-03-07,189.9100037,190.5,186.6300049,187.8699951,179.0644531,7618300
2024-03-08,188.4400024,190.4600067,187.9199982,188.2200012,179.3980103,6172200
2024-03-11,187.2799988,188.4400024,186.2200012,188.2899933,179.4647522,5762600
2024-03-12,188.9499969,190.1600037,187.9100037,189.8399963,180.9420929,5708400
2024-03-13,190.3600006,191.7299957,189.8399963,191.3800049,182.4099426,7795500
2024-03-14,191.0299988,191.6300049,187.1000061,187.9700012,179.1597137,10310900
2024-03-15,186.4799957,190.9400024,186.4799957,190.3000031,181.3805389,17214200
2024-03-18,190.6300049,192.6999969,189.8899994,192.6600037,183.6298981,9013800
2024-03-19,192.7100067,193.9299927,192.3800049,193.7899933,184.706955,8478700
2024-03-20,194.1900024,196.5599976,193.6100006,196.3300018,187.1278839,9367000
2024-03-21,196.5200043,199.4299927,196.3300018,199.0599976,189.7299347,11203800
2024-03-22,199.0099945,200.4799957,196.5399933,196.6199951,187.4043274,8108800
2024-03-25,196.6000061,196.9400024,194.3600006,194.8200073,185.6886902,8620000
2024-03-26,194.5899963,196.6600037,194.0599976,195.7299957,186.5560303,5961500
2024-03-27,196.5,199.6000061,196.3800049,199.5200043,190.1683655,8725800
2024-03-28,199.4900055,200.7200012,198.5399933,200.3000031,190.9118347,8628300
2024-04-01,199.9900055,200.9400024,198.5700073,198.9400024,189.6155701,7309000
2024-04-02,198.3899994,199.7799988,198.0800018,198.8600006,189.5393372,7014700
2024-04-03,199.0399933,199.5599976,197.6999969,198.3000031,189.0055695,9353400
2024-04-04,199.1499939,199.6799927,195.5500031,195.6499939,187.5675354,9243800
2024-04-05,196.1600037,198.1199951,195.1100006,197.4499969,189.2931824,6532300
2024-04-08,197.6199951,198.9799957,197.6199951,198.4799957,190.2806091,8001000
2024-04-09,198.0700073,198.8800049,194.9100037,197.1499939,189.0055389,7351500
2024-04-10,195.5500031,197.0700073,194.1799927,195.4700012,187.3949585,7681400
2024-04-11,196.0,196.5700073,193.2400055,195.4299927,187.3565979,10137700
2024-04-12,188.3200073,188.9299927,182.5399933,182.7899933,175.2387695,31532300
2024-04-15,184.5,187.4600067,182.1999969,182.8899994,175.3346558,14766600
2024-04-16,182.8999939,183.1600037,179.6499939,180.8000031,173.3309937,16451800
2024-04-17,181.3699951,182.4199982,179.1999969,180.0800018,172.6407471,9017100
2024-04-18,181.1000061,183.3600006,179.9700012,181.25,173.7623901,9557700
2024-04-19,182.3999939,185.8800049,181.4100037,185.8000031,178.1244354,13402300
2024-04-22,185.9900055,190.1300049,185.9799957,189.4100037,181.5853119,11529700
2024-04-23,191.1300049,192.2299957,190.5200043,192.1399994,184.2025299,9144400
2024-04-24,190.5299988,193.2299957,190.1699982,193.0800018,185.1036835,6964900
2024-04-25,192.25,193.9400024,191.1799927,193.3699951,185.3817139,9802300
2024-04-26,193.5700073,194.8699951,193.0599976,193.4900055,185.4967651,6413700
2024-04-29,193.4799957,194.2599945,192.4299927,193.2799988,185.2954407,5387800
2024-04-30,192.8099976,194.9900055,191.6399994,191.7400055,183.819046,8153700
2024-05-01,192.2700043,194.4600067,190.7899933,191.8600006,183.9340973,7445300
2024-05-02,193.0700073,193.5,189.5200043,191.6600037,183.7423401,6501700
2024-05-03,192.0,192.5299988,188.4600067,190.5099945,182.6398773,8922800
2024-05-06,191.7299957,192.1999969,189.8200073,192.0,184.0682983,7911100
2024-05-07,191.6999969,192.9299927,191.6499939,191.75,183.8286438,7688800
2024-05-08,191.0,196.6499939,191.0,195.6499939,187.5675354,9227600
2024-05-09,195.1699982,197.5899963,195.1000061,197.5,189.3411102,7977300
2024-05-10,198.5399933,199.3399963,198.2700043,198.7700043,190.5586395,7529800
2024-05-13,198.8000031,199.8500061,198.0399933,198.7299957,190.5202942,7049200
2024-05-14,199.0,201.5800018,198.1600037,201.5099945,193.1854401,8596200
2024-05-15,202.0099945,202.6900024,199.7700043,202.1100006,193.7606506,8370000
2024-05-16,202.2200012,204.4799957,201.9900055,202.4700012,194.1057892,8497900
2024-05-17,203.8099976,205.0500031,202.8099976,204.7899933,196.3299561,9260500
2024-05-20,204.3899994,205.8800049,195.3999939,195.5800018,187.5004425,17373300
2024-05-21,197.0,199.8999939,196.6000061,199.5200043,191.2776337,14420800
2024-05-22,199.0,200.9400024,197.6900024,198.3099976,190.11763,9425300
2024-05-23,197.8099976,198.3000031,196.0700073,196.9199982,188.7850494,8069400
2024-05-24,197.75,200.7599945,197.5599976,200.7100067,192.4184723,7356200
2024-05-28,199.8600006,200.4100037,198.6600037,199.5,191.2584839,6910200
2024-05-29,198.0,198.9900055,196.8899994,198.1100006,189.9259033,6120000
2024-05-30,198.5599976,199.8500061,198.3999939,199.3300018,191.0955048,6829100
2024-05-31,199.3000031,203.3000031,198.3500061,202.6300049,194.259201,14417900
2024-06-03,202.3099976,202.4199982,199.1900024,201.8200073,193.482666,6444300
2024-06-04,200.1600037,201.9799957,198.2799988,199.1600037,190.9325256,6848300
2024-06-05,199.7599945,199.8200073,196.9199982,197.2599945,189.1110229,8351600
2024-06-06,197.2599945,198.0200043,195.3300018,196.9100037,188.7754822,7640300
2024-06-07,197.4299927,200.9199982,197.0099945,199.9499969,191.6898651,6964500
2024-06-10,199.2400055,200.8399963,198.4400024,199.6100006,191.3639526,6070800
2024-06-11,197.9100037,197.9400024,193.6000061,194.3600006,186.3308411,9235300
2024-06-12,196.0,196.7200012,191.3099976,191.5299988,183.6177368,12751300
2024-06-13,192.3200073,194.5800018,190.8800049,193.6600037,185.659729,8587800
2024-06-14,191.4499969,194.8600006,191.4199982,193.7799988,185.774765,6874000
2024-06-17,193.4799957,195.5800018,192.6399994,194.9799957,186.9252014,8725400
2024-06-18,194.6000061,197.9600067,194.1300049,197.0,188.8617554,9023000
2024-06-20,196.3899994,199.4499969,196.1100006,198.6699982,190.4627686,8731100
2024-06-21,196.7100067,197.1699982,194.2200012,196.3000031,188.1906891,20972100
2024-06-24,197.8099976,199.2299957,197.1000061,198.8800049,190.664093,9785900
2024-06-25,198.0899963,200.0700073,197.7400055,198.0700073,189.8875427,6862500
2024-06-26,197.4499969,197.9400024,196.2799988,197.4299927,189.2739868,7758600
2024-06-27,197.4400024,199.8600006,196.8999939,199.1699982,190.9420929,7913500
2024-06-28,200.0099945,202.6000061,199.3000031,202.2599945,193.9044647,15307600
2024-07-01,202.8399963,207.0899963,202.6600037,205.4499969,196.962677,10205800
2024-07-02,205.2899933,208.8600006,204.7700043,208.8300018,200.203064,7802900
2024-07-03,209.5500031,210.3800049,207.6499939,208.6900024,200.0688324,5560900
2024-07-05,206.9900055,207.3699951,204.5200043,204.7899933,197.4178314,8093100
2024-07-08,205.0399933,206.8999939,203.9700012,205.1699982,197.7841644,8707000
2024-07-09,205.6300049,209.7599945,205.4499969,207.6300049,200.1556091,9058900
2024-07-10,206.1399994,207.9700012,205.5800018,207.8000031,200.319458,8328500
2024-07-11,206.2100067,208.1000061,205.3800049,207.4499969,199.9820709,10658100
2024-07-12,204.0,207.4499969,202.1000061,204.9400024,197.562439,15443400
2024-07-15,207.1900024,211.6100006,206.7200012,210.0500031,202.4884644,10719700
2024-07-16,210.0,213.7400055,208.0800018,213.6199951,205.9299469,11557000
2024-07-17,213.8000031,217.5599976,213.2700043,216.8699951,209.0629425,11572500
2024-07-18,215.6300049,216.6399994,209.2400055,209.9799957,202.42099,12415100
2024-07-19,211.1999969,212.3500061,208.9199982,209.7799988,202.2281952,8095900
2024-07-22,210.4600067,212.1699982,209.7100067,210.2799988,202.7102051,7663200
2024-07-23,211.0200043,211.4799957,209.3500061,210.3300018,202.7583923,5557300
2024-07-24,209.5500031,212.0299988,208.0700073,208.5899963,201.0810089,7119000
2024-07-25,208.6499939,210.1900024,208.0500031,208.6699982,201.1581573,6403800
2024-07-26,209.2400055,213.1600037,208.6199951,212.2400055,204.5996399,8027800
2024-07-29,212.6499939,213.6100006,210.5500031,210.8500061,203.2596741,6533600
2024-07-30,213.2299957,215.7899933,212.9600067,215.1900024,207.4434357,8850700
2024-07-31,214.7799988,216.3899994,212.6699982,212.8000031,205.1394806,9071600
2024-08-01,213.1999969,213.8300018,206.3800049,207.9600067,200.4737396,10918600
2024-08-02,203.8800049,204.6699982,196.8899994,199.1399994,191.9712067,18041700
2024-08-05,194.0500031,196.1699982,190.8999939,194.8999939,187.8838501,13927000
2024-08-06,195.3999939,202.6000061,194.0,200.3399963,193.1280212,10605800
2024-08-07,203.5099945,205.75,200.1999969,200.3999939,193.1858673,9204400
2024-08-08,202.4700012,204.9100037,201.7899933,204.0599976,196.7140961,7761200
2024-08-09,203.4700012,206.4700012,202.8999939,205.8000031,198.3914948,5540200
2024-08-12,206.4100037,207.1399994,203.6600037,206.1900024,198.7674561,6936000
2024-08-13,207.7299957,208.0899963,205.3999939,207.9400024,200.454422,6387800
2024-08-14,207.7400055,210.7599945,207.1199951,210.2400055,202.6716461,6999800
2024-08-15,213.0,213.8899994,211.1000061,211.5500031,203.934494,7001000
2024-08-16,211.6900024,214.0899963,211.5899963,213.9700012,206.2673492,7931200
2024-08-19,214.0,215.5299988,213.8200073,215.4499969,207.6940765,6090800
2024-08-20,215.0,216.0,213.6799927,214.5200043,206.7975769,5640000
2024-08-21,214.4299927,215.0,212.8399963,214.6000061,206.8746643,5202300
2024-08-22,214.5800018,216.8000031,214.3399963,216.6300049,208.8316345,5247100
2024-08-23,217.6000061,219.1900024,216.5,218.3099976,210.4511261,7214000
2024-08-26,219.0099945,219.6799927,218.0500031,219.1699982,211.2801971,5105200
2024-08-27,219.5099945,220.4199982,219.1900024,220.1799927,212.2537842,5185200
2024-08-28,219.25,222.2100067,219.1900024,221.2899933,213.3238373,6506400
2024-08-29,222.1499939,222.9799957,218.9400024,222.2100067,214.2107239,6416100
2024-08-30,222.5,225.4799957,221.9299927,224.8000031,216.7075195,8574100
2024-09-03,222.3000031,224.1000061,219.2400055,220.3000031,212.3694916,8956100
2024-09-04,221.0399933,222.0700073,217.2100067,219.3300018,211.4343872,7389500
2024-09-05,220.1499939,220.8000031,216.0299988,217.6300049,209.7956085,8067900
2024-09-06,217.6000061,218.7400055,211.0899963,212.4600067,204.8117371,7777000
2024-09-09,215.1900024,218.1499939,214.1799927,216.8099976,209.005127,8935100
2024-09-10,218.6000061,218.6399994,200.6100006,205.5599976,198.1601105,28406900
2024-09-11,205.25,207.6999969,201.8300018,207.2299957,199.769989,13658700
2024-09-12,207.6499939,208.7799988,204.8899994,206.6000061,199.1626587,9054400
2024-09-13,206.8600006,207.8500061,203.0200043,204.3200073,196.9647675,10226700
2024-09-16,205.8300018,208.2100067,205.5899963,207.8600006,200.3773041,8634900
2024-09-17,207.7299957,209.9299927,207.6600037,209.25,201.7172852,7573300
2024-09-18,209.0099945,211.3399963,206.6999969,207.5299988,200.0591888,8259900
2024-09-19,209.7799988,211.9100037,207.3399963,210.4799957,202.9029999,11635200
2024-09-20,209.9299927,211.4199982,209.5,211.0899963,203.4910278,20885000
2024-09-23,211.0,211.8000031,209.9900055,211.4400024,203.8284149,7223500
2024-09-24,211.1499939,212.9499969,210.3699951,211.5899963,203.9730377,7323200
2024-09-25,211.6799927,212.2400055,208.6100006,210.1900024,202.6234283,8976500
2024-09-26,211.1300049,211.6999969,209.0099945,209.7799988,202.2281952,7807500
2024-09-27,210.6499939,212.4400024,209.3300018,210.5,202.922287,7032500
2024-09-30,206.3099976,210.9600067,205.2599945,210.8600006,203.2693329,8663800
2024-10-01,208.8999939,209.0899963,206.1900024,207.0399933,199.5868225,8540100
2024-10-02,207.0800018,208.9499969,205.6900024,207.2899933,199.8278198,5810900
2024-10-03,206.1699982,206.4900055,204.3399963,205.2299957,197.84198,7251300
2024-10-04,209.3000031,211.6699982,206.9100037,211.2200012,204.8641357,10211700
2024-10-07,211.0299988,213.3300018,209.6900024,210.9299927,204.5828705,6718900
2024-10-08,210.5800018,211.3300018,208.3800049,210.75,204.4082794,6021800
2024-10-09,209.6999969,214.2400055,209.3800049,213.4199982,206.9979248,7024000
2024-10-10,214.8099976,214.8099976,211.4700012,212.8399963,206.435379,7927100
2024-10-11,215.6699982,224.6300049,215.1600037,222.2899933,215.6009979,18320700
2024-10-14,223.1999969,223.6999969,218.8800049,221.4799957,214.8153839,9048900
2024-10-15,223.6600037,225.4499969,221.8200073,222.3899994,215.697998,9235800
2024-10-16,222.3300018,223.6799927,221.0399933,223.6399994,216.9104004,6382500
2024-10-17,224.2700043,225.8500061,223.3099976,224.4199982,217.6669159,6470200
2024-10-18,225.0,225.9199982,223.1000061,225.3699951,218.5883331,7000500
2024-10-21,225.2200012,225.6999969,222.8999939,223.0,216.2896423,5870000
2024-10-22,223.0200043,225.2799988,221.1000061,224.1199951,217.3759308,9586800
2024-10-23,223.6600037,224.8000031,222.5299988,223.4100037,216.6873169,6180500
2024-10-24,221.8300018,225.0599976,221.6600037,224.9799957,218.2100525,6002200
2024-10-25,225.0,225.6199951,220.8800049,222.3099976,215.6204224,6369700
2024-10-28,223.3500061,225.6399994,222.9499969,225.5,218.7144165,6843000
2024-10-29,225.2100067,226.75,222.8099976,222.8999939,216.1926575,6580000
2024-10-30,222.5399933,226.3099976,221.5800018,224.4100037,217.6572266,7110900
2024-10-31,224.6999969,225.6900024,221.8200073,221.9199982,215.2421265,7829900
2024-11-01,223.5599976,226.1499939,222.6999969,222.9400024,216.2314453,6923500
2024-11-04,222.6499939,223.7599945,219.1699982,219.7799988,213.1665344,8229600
2024-11-05,220.0299988,221.9600067,220.0,221.4900055,214.8250885,5600700
2024-11-06,235.0,248.0,234.7700043,247.0599976,239.6256561,23987800
2024-11-07,244.5,244.5700073,235.2200012,236.3800049,229.2670441,16451100
2024-11-08,239.3399963,239.3399963,235.7799988,236.9799957,229.8489685,9502100
2024-11-11,240.0,242.1000061,239.0,239.2899933,232.0894623,9017100
2024-11-12,240.5500031,241.4600067,238.7599945,239.5599976,232.3513336,6861000
2024-11-13,240.5800018,244.0899963,240.3099976,241.1600037,233.9031982,11472600
2024-11-14,242.4199982,244.2899933,241.0500031,241.8699951,234.5918274,10172200
2024-11-15,241.4600067,246.4199982,241.4600067,245.3099976,237.928299,11518800
2024-11-18,247.7599945,247.9299927,242.6799927,245.0299988,237.6567383,9051400
2024-11-19,242.25,245.1499939,241.5500031,243.0899963,235.775116,6792700
2024-11-20,244.3999939,244.6100006,238.6399994,240.7799988,233.5346069,9015300
2024-11-21,243.2299957,245.4900055,242.1100006,244.7599945,237.3948669,8783500
2024-11-22,243.6100006,249.1499939,243.0299988,248.5500031,241.070816,7997300
2024-11-25,249.5899963,254.3099976,249.0599976,250.2899933,242.7584534,10295400
2024-11-26,250.4900055,251.0,248.3399963,249.9700012,242.4480896,6212100
2024-11-27,249.3500061,251.1900024,248.7700043,249.7899933,242.2734985,5472300
2024-11-29,249.8600006,251.7700043,249.4499969,249.7200012,242.2056122,5494800
2024-12-02,249.5500031,250.25,245.0299988,246.25,238.8400269,8899700
2024-12-03,248.2299957,249.0399933,244.6300049,244.8200073,237.453064,6657700
2024-12-04,244.6999969,245.3500061,242.2299957,243.3999939,236.0757751,7346300
2024-12-05,245.3899994,247.1799927,244.6199951,245.4799957,238.0932007,6572500
2024-12-06,245.6999969,247.7400055,244.8399963,247.3600006,239.916626,5519700
2024-12-09,247.1300049,247.8699951,243.7599945,243.8099976,236.4734497,7076500
2024-12-10,243.8899994,247.9600067,242.2200012,242.8600006,235.5520477,9108300
2024-12-11,244.0,244.2700043,242.1799927,243.5299988,236.2018738,7884400
2024-12-12,243.0,244.1000061,241.0399933,241.5299988,234.2620697,6113800
2024-12-13,242.0700073,242.7200012,239.1399994,239.9400024,232.7199097,10392700
2024-12-16,240.6100006,240.6699982,237.5200043,239.5800018,232.3707428,9032000
2024-12-17,238.6499939,239.0200043,236.6300049,238.3600006,231.1874542,8083600
2024-12-18,239.0,239.0700073,229.5299988,230.3699951,223.4378662,11322400
2024-12-19,232.2700043,236.3600006,232.2700043,232.9600067,225.9499512,11790800
2024-12-20,231.9199982,239.2100067,231.5899963,237.6000061,230.4503326,32348400
2024-12-23,236.0700073,238.6199951,234.8800049,238.3899994,231.2165375,8611500
2024-12-24,239.4299927,242.4900055,239.0700073,242.3099976,235.0186005,3729100
2024-12-26,241.4299927,243.2599945,240.7899933,243.1399994,235.8236237,4451800
2024-12-27,242.7200012,243.3899994,240.0399933,241.1699982,233.9128876,5730200
2024-12-30,238.7700043,240.8399963,237.1100006,239.3200073,232.1185608,5723800
2024-12-31,240.0500031,241.4400024,239.0299988,239.7100067,232.4968414,4871000
2025-01-02,240.9199982,243.2799988,239.4499969,240.0,232.7780914,9220900
2025-01-03,243.8899994,244.8800049,240.2599945,243.2799988,235.9594116,9491100
2025-01-06,243.6999969,245.6900024,240.5800018,240.8500061,234.8089905,9917800
2025-01-07,242.1399994,245.2599945,240.8999939,243.1699982,237.0708008,8753400
2025-01-08,242.75,244.25,240.5,243.1300049,237.0317993,8675300
2025-01-10,243.0899963,243.8099976,238.7400055,239.8699951,233.8535767,10256800
2025-01-13,239.6699982,244.5399933,239.0,244.2100067,238.0847168,10005300
2025-01-14,242.6600037,247.7200012,242.1900024,247.4700012,241.2629395,12407400
2025-01-15,250.3999939,253.6699982,243.6799927,252.3500061,246.0205536,18448500
2025-01-16,254.0,257.0400085,252.3300018,254.2700043,247.892395,15292300
2025-01-17,254.1399994,260.6199951,252.1399994,259.1600037,252.6597595,17678100
2025-01-21,260.0700073,264.25,259.5,263.0299988,256.4326477,13712100
2025-01-22,262.8999939,263.3800049,260.25,262.8399963,256.2474365,9021900
2025-01-23,264.6900024,266.8599854,263.8099976,265.9500122,259.2794189,10749700
2025-01-24,263.6900024,267.1000061,263.0100098,264.8399963,258.1972656,7666300
2025-01-27,264.1700134,265.9700012,262.2600098,265.8500061,259.1819458,7522300
2025-01-28,265.8500061,267.3299866,264.8299866,267.1400146,260.4396057,7375400
2025-01-29,267.2099915,270.6799927,265.6099854,266.5799866,259.8936462,7684900
2025-01-30,268.6300049,269.7000122,266.6199951,268.230011,261.5022583,8753500
2025-01-31,269.230011,270.8200073,266.9599915,267.2999878,260.5955505,7193800
2025-02-03,261.8299866,268.1700134,261.7000122,266.8099976,260.1178589,8381400
2025-02-04,269.8399963,269.8399963,266.8299866,267.9400024,261.2195435,5626000
2025-02-05,268.9100037,270.6400146,268.3299866,270.4299927,263.6470642,5704400
2025-02-06,272.4500122,276.980011,271.1900024,276.8999939,269.9547729,7264400
2025-02-07,277.269989,278.5499878,274.7099915,275.7999878,268.8823547,6857900
2025-02-10,276.1499939,276.1799927,269.5899963,271.0400085,264.2417908,8627400
2025-02-11,270.2600098,276.2200012,269.6600037,274.9899902,268.0927124,7196400
2025-02-12,274.0799866,276.4500122,273.25,275.4500122,268.5411682,6683900
2025-02-13,275.5,276.9700012,273.8099976,276.3200073,269.3893433,8398700
2025-02-14,277.3699951,279.230011,276.4500122,276.5899963,269.6525574,5688600
2025-02-18,276.7600098,279.9700012,276.019989,279.9500122,272.9283142,7919800
2025-02-19,278.3800049,280.25,277.2200012,279.25,272.2458496,7007200
2025-02-20,278.6799927,278.7399902,265.7399902,266.7999878,260.1081238,13846700
2025-02-21,268.3200073,269.2000122,262.8399963,264.2399902,257.6123352,12835600
2025-02-24,265.4899902,267.0,258.6099854,261.3399963,254.78508,10372800
2025-02-25,262.230011,263.0,253.3500061,257.3999939,250.9438934,9608400
2025-02-26,257.1600037,260.9100037,256.9299927,258.7900085,252.2990112,5943600
2025-02-27,260.1799927,263.6400146,257.8599854,259.0499878,252.552475,8204400
2025-02-28,260.730011,264.8099976,257.8900146,264.6499939,258.012085,10467100
2025-03-03,264.0,266.3200073,257.8200073,260.6199951,254.0831299,9058300
2025-03-04,255.2799988,257.230011,245.9499969,250.25,243.9732208,13465600
2025-03-05,251.25,253.0500031,247.8300018,251.5299988,245.2211151,7861400
2025-03-06,248.1100006,249.3600006,243.8500061,246.5399933,240.3562622,9983200
2025-03-07,245.2299957,246.7200012,239.4199982,242.2799988,236.2031097,20498700
2025-03-10,236.2100067,237.5099945,228.6999969,232.2200012,226.395462,18887200
2025-03-11,231.75,233.3200073,226.6900024,229.1399994,223.3927002,18143000
2025-03-12,234.0,234.3200073,227.2599945,227.8999939,222.1838074,16054000
2025-03-13,229.3000031,229.5,224.2299957,225.1900024,219.5417786,16467900
2025-03-14,228.1199951,233.1399994,227.5800018,232.4400024,226.6099243,11962100
2025-03-17,231.1799927,235.6699982,230.4600067,233.9299927,228.0625458,9586000
2025-03-18,234.3200073,236.1699982,233.5200043,234.9700012,229.0764618,10344900
2025-03-19,235.7400055,242.3300018,234.8899994,239.1100006,233.1126404,10120600
2025-03-20,236.5599976,241.7599945,236.1999969,239.0099945,233.015152,8328500
2025-03-21,237.8099976,242.3000031,236.5,241.6300049,235.5694275,19326900
2025-03-24,245.4799957,248.6900024,244.4100037,248.0599976,241.8381653,9422700
2025-03-25,249.3099976,251.8200073,247.6199951,251.1300049,244.8311462,9287700
2025-03-26,252.6000061,254.6699982,249.7799988,251.0299988,244.7336578,12779300
2025-03-27,249.5299988,250.6399994,247.1799927,248.1199951,241.896637,8022500
2025-03-28,246.9400024,249.5099945,241.1100006,242.8500061,236.7588348,11978400
2025-03-31,239.4100037,245.8600006,237.3600006,245.3000031,239.1473846,13603000
2025-04-01,242.6199951,245.6900024,240.8800049,243.6600037,237.5485077,8054700
2025-04-02,241.6000061,247.25,241.4600067,245.8200073,239.6543427,7758800
2025-04-03,234.2700043,235.1399994,227.3000031,228.6900024,222.9539948,17188500
2025-04-04,215.3099976,217.6999969,208.9299927,210.2799988,206.2684937,27170700
2025-04-07,205.7700043,222.0500031,202.1600037,214.4400024,210.3491211,22914400
2025-04-08,223.5200043,227.8399963,213.25,216.8699951,212.7327576,19485700
2025-04-09,212.5,237.4799957,211.0,234.3399963,229.8695068,24022400
2025-04-10,230.0,230.3500061,220.1000061,227.1100006,222.7774353,18896400
2025-04-11,226.3099976,238.5800018,225.0,236.1999969,231.6940002,20284500
2025-04-14,237.1000061,239.7799988,233.6300049,234.7200012,230.2422333,13017800
2025-04-15,236.1000061,238.6499939,232.8200073,233.1300049,228.6825867,10912900
2025-04-16,232.0,233.5800018,227.9299927,229.6100006,225.2297211,9322300
2025-04-17,230.8000031,234.3399963,230.5500031,231.9600067,227.5349121,9557900
2025-04-21,230.6300049,231.8099976,226.3399963,228.9900055,224.6215515,8716200
2025-04-22,231.9799957,235.9900055,231.3699951,235.5899963,231.0956268,10701400
2025-04-23,240.2200012,246.7899933,240.0,240.8800049,236.284729,14126800
2025-04-24,239.7400055,245.4700012,237.5800018,244.6399994,239.9729919,9055200
2025-04-25,244.6499939,245.6199951,241.75,243.5500031,238.9037933,8588600
2025-04-28,244.5599976,246.8399963,240.8399963,243.2200012,238.5801086,7394300
2025-04-29,242.1900024,245.25,241.6900024,244.6199951,239.9533844,7216800
2025-04-30,241.2100067,245.2200012,238.4299927,244.6199951,239.9533844,12991700
2025-05-01,242.8399963,248.4499969,242.1699982,246.8899994,242.1800842,8689600
2025-05-02,251.2599945,253.6199951,249.4600067,252.5099945,247.6928711,7165000
2025-05-05,251.1799927,255.1600037,250.5899963,252.5599976,247.7418976,5450700
2025-05-06,250.0,252.6499939,249.0,249.25,244.4950562,6369900
2025-05-07,249.8500061,252.4499969,248.8300018,249.3899994,244.6324005,8724100
2025-05-08,251.5700073,255.8800049,251.5500031,253.4700012,248.6345673,8320100
2025-05-09,254.5,255.5099945,252.3399963,253.0800018,248.2519989,5087600
2025-05-12,262.8999939,263.6000061,258.7000122,260.0499878,255.0890045,9603900
2025-05-13,261.0299988,263.6700134,260.3900146,263.0100098,257.9925842,8589000
2025-05-14,263.0,266.6400146,262.2900085,265.6400146,260.5723877,8643100
2025-05-15,266.9700012,269.519989,264.7600098,267.4899902,262.387085,9214600
2025-05-16,267.5,268.4599915,264.7099915,267.5599976,262.4557495,8932900
2025-05-19,265.5499878,268.3200073,261.9299927,264.8800049,259.8268433,12145000
2025-05-20,262.519989,266.6600037,262.2999878,265.6799927,260.6116028,8436300
2025-05-21,264.3500061,265.6499939,260.730011,261.0400085,256.0601501,7464000
2025-05-22,259.4400024,262.2999878,258.8699951,260.6700134,255.6972046,6514100
2025-05-23,256.8099976,261.9899902,256.0,260.7099915,255.7364502,6671800
2025-05-27,262.0400085,265.2999878,261.9899902,265.2900085,260.2290649,7506600
2025-05-28,266.2399902,266.7200012,262.8999939,263.4899902,258.4634094,5535400
2025-05-29,264.7999878,265.4100037,262.5299988,264.3699951,259.3265991,5081200
2025-05-30,263.4500122,265.3299866,262.730011,264.0,258.9636536,10977700
2025-06-02,263.019989,265.0299988,261.8999939,264.6600037,259.611084,6011200
2025-06-03,263.730011,266.5799866,262.8800049,266.269989,261.1903687,6998400
2025-06-04,265.9200134,267.1199951,264.1799927,264.2200012,259.1794739,5915700
2025-06-05,264.7399902,264.7399902,260.3099976,261.9500122,256.9527893,8173800
2025-06-06,264.3299866,266.6499939,264.2600098,265.730011,260.660675,7738100
2025-06-09,266.0,267.8999939,263.3500061,266.7399902,261.6513672,8285000
2025-06-10,265.8800049,268.8999939,265.8500061,268.6000061,263.4759216,7538100
2025-06-11,268.6799927,269.6199951,265.7900085,268.1499939,263.0344849,7434100
2025-06-12,266.8599854,268.2900085,265.1400146,268.2399902,263.1227722,6618000
2025-06-13,265.0799866,267.019989,262.7099915,264.9500122,259.8955383,7098300
2025-06-16,267.0,271.730011,266.8500061,270.3599854,265.202301,8566000
2025-06-17,268.1700134,270.5899963,267.7999878,269.519989,264.3783569,6739300
2025-06-18,270.0,277.7200012,269.7200012,273.9599915,268.7336731,9586400
2025-06-20,275.5700073,277.2999878,273.8099976,275.0,269.7538147,13969700
2025-06-23,275.0599976,278.5499878,272.1099854,278.269989,272.9614258,8094600
2025-06-24,280.2099915,282.7099915,279.5100098,281.2600098,275.8944397,9267900
2025-06-25,281.5,284.2799988,280.9100037,284.0599976,278.6410217,6826900
2025-06-26,284.7000122,289.4100037,284.4700012,288.75,283.2415161,8942100
2025-06-27,285.8099976,288.7000122,285.0400085,287.1099854,281.632782,17868600
2025-06-30,290.3999939,292.6499939,288.9200134,289.9100037,284.379364,12689200
2025-07-01,290.8900146,291.1300049,286.5899963,290.4100037,284.8698425,9338300
2025-07-02,292.0400085,292.8200073,289.7000122,292.0,286.4295044,8158700
2025-07-03,292.1499939,296.3999939,291.2099915,296.0,291.7520142,6541600
2025-07-07,295.25,296.0400085,290.0799866,291.9700012,287.7798767,8825700
2025-07-08,289.269989,289.7000122,280.3099976,282.7799988,278.7217712,15440900
2025-07-09,287.1799927,287.2000122,282.480011,283.1600037,279.0963135,11273800
2025-07-10,283.0,288.3099976,283.0,288.1900024,284.0540771,8410900
2025-07-11,285.519989,287.3800049,283.6499939,286.8599854,282.7431641,7384700
2025-07-14,287.0700073,289.2999878,285.2600098,288.7000122,284.5567932,9079900
2025-07-15,288.0,291.9500122,285.480011,286.5499878,282.4376221,12526100
2025-07-16,288.3999939,290.730011,283.0100098,285.8200073,281.7181396,9979800
2025-07-17,283.4400024,290.2999878,283.4400024,289.8999939,285.739563,8509500
2025-07-18,289.519989,292.5,288.230011,291.269989,287.0898743,12217000
2025-07-21,291.0,294.1799927,290.5799866,290.9700012,286.7941895,7898100
2025-07-22,291.5,293.6300049,289.1799927,291.4299927,287.2475891,6717500
2025-07-23,292.8399963,296.9899902,292.5499878,296.7600098,292.5011292,7083500
2025-07-24,297.4200134,299.5899963,296.2000122,296.5499878,292.2941284,7001200
2025-07-25,296.7000122,298.8999939,295.9599915,298.6199951,294.3344116,5918500
2025-07-28,297.6600037,299.4299927,296.8200073,298.2799988,293.9992981,5840400
2025-07-29,300.0,301.2900085,296.2000122,297.0400085,292.7770996,7635700
2025-07-30,297.4200134,300.6099854,297.3800049,299.6300049,295.3299561,8061700
2025-07-31,299.1400146,300.980011,295.5,296.2399902,291.9885864,14749700
2025-08-01,290.3999939,291.7999878,284.2399902,289.3699951,285.2171631,12007100
2025-08-04,290.2600098,294.3200073,290.2600098,294.2600098,290.0370178,6649500
2025-08-05,294.6900024,295.7900085,287.2399902,291.3699951,287.1884766,7182300
2025-08-06,292.2999878,293.2900085,290.1600037,291.3500061,287.1687622,6330200
2025-08-07,292.9400024,293.4599915,286.4100037,286.9400024,282.822052,8057100
2025-08-08,288.980011,291.230011,284.7099915,288.7600098,284.6159058,6634100
2025-08-11,289.3999939,291.3200073,288.7799988,289.5599976,285.4044495,5510100
2025-08-12,291.5,294.75,290.3399963,292.8500061,288.6472473,8570900
2025-08-13,293.9500122,294.5499878,287.1600037,290.5299988,286.3605347,8420400
2025-08-14,290.5799866,294.2000122,289.6400146,294.1600037,289.938446,6322400
2025-08-15,294.8399963,295.5,289.8200073,290.4899902,286.3210754,7340500
2025-08-18,290.0,291.8999939,288.4100037,291.5299988,287.3461609,5386900
2025-08-19,290.8299866,292.480011,289.5299988,290.6600037,286.488678,6031500
2025-08-20,290.8099976,293.3299866,287.269989,292.2399902,288.0459595,7374200
2025-08-21,291.9400024,292.769989,289.4700012,291.4700012,287.2870483,6624000
2025-08-22,293.2000122,297.1600037,290.1300049,296.2399902,291.9885864,8552800
2025-08-25,296.2399902,297.3500061,294.1400146,294.8999939,290.6678162,5856300
2025-08-26,294.1600037,298.7399902,293.5,298.5700073,294.2851257,6714700
2025-08-27,297.25,301.0700073,297.0400085,299.2799988,294.9849548,6056500
2025-08-28,300.019989,301.2399902,298.7000122,301.0700073,296.7492676,6410500
2025-08-29,302.0400085,302.9500122,299.730011,301.4200134,297.0942383,6796400
2025-09-02,300.2600098,300.4599915,294.5,299.7000122,295.3989563,7221900
2025-09-03,300.5700073,300.5700073,296.3800049,299.5100098,295.2116699,6316900
2025-09-04,300.0,304.4299927,298.2799988,303.8200073,299.4598083,6605800
2025-09-05,303.6499939,305.1499939,294.3099976,294.3800049,290.155304,9837700
2025-09-08,294.8900146,296.4599915,291.4400024,292.9100037,288.7063904,8188500
2025-09-09,292.6000061,299.0,292.3099976,297.8500061,293.5755005,7848200
2025-09-10,296.7000122,301.5400085,295.3999939,300.5400085,296.2268677,7787300
2025-09-11,301.2399902,305.730011,300.7900085,305.5599976,301.1748047,7942500
2025-09-12,305.0,307.5499878,303.7000122,306.9100037,302.5054626,6846700
2025-09-15,307.1700134,309.9500122,307.1700134,308.8999939,304.4668884,7122000
2025-09-16,310.0,310.8999939,307.1300049,309.1900024,304.7527466,10525600
2025-09-17,310.3900146,312.9100037,308.769989,311.75,307.2759705,8657800
2025-09-18,311.7900085,313.4400024,309.6099854,313.230011,308.7347717,8050700
2025-09-19,313.6000061,315.7999878,309.1199951,314.7799988,310.2625122,23568600
2025-09-22,309.7999878,313.7000122,309.5599976,312.4400024,307.9560852,7520200
2025-09-23,311.8200073,316.3099976,310.5799866,312.7399902,308.25177,8584400
2025-09-24,314.0499878,316.5799866,311.6700134,313.4200134,308.9220581,7310500
2025-09-25,314.1199951,315.6499939,311.7999878,313.4500122,308.9515991,7083200
2025-09-26,314.8999939,317.8099976,313.7000122,316.0599976,311.5241089,7258100
2025-09-29,317.0599976,318.0100098,313.6600037,315.6900024,311.1594543,6462400
2025-09-30,316.25,317.4100037,310.1099854,315.4299927,310.9031677,11823300
2025-10-01,313.9700012,314.5899963,307.4100037,310.7099915,306.2509155,9235200
2025-10-02,310.0,310.5599976,306.1400146,307.5499878,303.136261,7600000
2025-10-03,308.5100098,311.6600037,308.2099915,310.0299988,305.580658,6029900
2025-10-06,310.1799927,311.75,305.1300049,309.1799927,306.2244263,7214500
2025-10-07,309.3500061,310.0100098,304.7000122,307.6900024,304.7487183,8454200
2025-10-08,308.2099915,308.7799988,303.5499878,304.0299988,301.1236572,6489900
2025-10-09,305.0499878,308.0400085,303.3900146,305.5299988,302.6093445,7060300
2025-10-10,305.6600037,310.4700012,300.8099976,300.8900146,298.0137024,8597400
2025-10-13,305.6000061,309.4599915,305.4500122,307.9700012,305.0260315,10788700
2025-10-14,305.8399963,307.0,294.2099915,302.0799866,299.1923218,16178800
2025-10-15,306.3900146,312.1199951,305.4400024,305.6900024,302.7678223,11354800
2025-10-16,305.3500061,308.6799927,297.0700073,298.5400085,295.6861572,10549400
2025-10-17,299.1600037,299.5499878,294.2000122,297.5599976,294.7155457,10153500
2025-10-20,298.5,303.6900024,298.1600037,302.3599854,299.469635,6894900
2025-10-21,301.6600037,304.0499878,297.0,297.0899963,294.25,7372700
2025-10-22,297.769989,298.0599976,290.5400085,294.1099854,291.2985229,8054100
2025-10-23,294.3800049,296.3699951,292.5100098,294.5400085,291.7244263,5438800
2025-10-24,296.0799866,302.6000061,295.4500122,300.4400024,297.5679932,7228300
2025-10-27,302.1600037,304.5299988,301.0100098,304.1499939,301.2425232,5642200
2025-10-28,304.8599854,307.9700012,303.1600037,305.3599854,302.440979,6336000
2025-10-29,303.5100098,308.25,303.0100098,305.5100098,302.5895691,7520300
2025-10-30,305.7900085,312.6099854,305.1000061,309.4400024,306.4819641,7514600
2025-10-31,308.5400085,312.8699951,307.25,311.1199951,308.1459045,7721300
2025-11-03,311.0,312.3200073,306.2099915,309.3500061,306.3928528,7770000
2025-11-04,306.7099915,312.2200012,305.1000061,309.25,306.2937927,7085200
2025-11-05,309.6099854,313.1000061,305.6300049,311.6799927,308.7005615,6865200
2025-11-06,310.9899902,314.8399963,310.2600098,313.4200134,310.4239502,7206100
2025-11-07,311.8900146,314.4299927,307.6400146,314.2099915,311.2063599,7302300
2025-11-10,315.0,319.5599976,314.2099915,316.8900146,313.8607788,5794100
2025-11-11,317.5,319.0499878,315.2799988,315.6199951,312.6029053,5030200
2025-11-12,316.2600098,322.25,316.2099915,320.4100037,317.3471069,10578300
2025-11-13,319.230011,320.6300049,309.1000061,309.480011,306.5216064,8973300
2025-11-14,307.5100098,307.6400146,301.230011,303.6099854,300.7077026,10327000
2025-11-17,304.0,305.5899963,297.6700134,300.3699951,297.4986572,8344000
2025-11-18,299.5,302.9500122,297.019989,299.4100037,296.5478516,8077300
2025-11-19,299.7399902,304.4500122,299.269989,303.269989,300.3709412,5546600
2025-11-20,306.3399963,309.9200134,298.1600037,298.3800049,295.52771,7501600
2025-11-21,301.2900085,301.6799927,292.8099976,298.019989,295.1711121,11766800
2025-11-24,298.2399902,299.8200073,294.5100098,298.0,295.1513367,10940200
2025-11-25,300.0499878,304.5,295.5599976,303.0,300.1035156,8877200
2025-11-26,305.0,308.5299988,303.2000122,307.6400146,304.6991882,7910900
2025-11-28,309.1000061,313.7200012,308.2399902,313.0799866,310.0871887,4322400
2025-12-01,312.9500122,314.0400085,308.5400085,308.9200134,305.96698,7727300
2025-12-02,308.7399902,310.480011,307.0899963,307.8800049,304.9368896,7249000
2025-12-03,307.2000122,312.3599854,306.7999878,312.1300049,309.1462708,8535300
2025-12-04,313.2600098,318.4899902,313.0,316.1000061,313.0783081,9627800
2025-12-05,315.6400146,318.480011,314.6799927,315.0400085,312.0284729,6518900
2025-12-08,315.0599976,316.4700012,313.3500061,315.2099915,312.1968079,7417200
2025-12-09,314.9500122,318.7999878,300.019989,300.5100098,297.6373596,18049200
2025-12-10,300.5,311.1900024,298.4599915,310.1099854,307.1455383,18874100
2025-12-11,309.2399902,318.0,309.2399902,317.3800049,314.3460693,9721900
2025-12-12,319.6799927,320.269989,316.6000061,318.519989,315.4751587,8982900
2025-12-15,319.5899963,322.8800049,318.3900146,320.019989,316.9608459,10864100
2025-12-16,319.0899963,319.519989,314.3999939,315.5499878,312.5335388,8331300
2025-12-17,318.4299927,319.3699951,314.6600037,314.980011,311.9690247,8718700
2025-12-18,316.0,317.7000122,312.2200012,313.0,310.0079346,11444900
2025-12-19,313.7900085,318.5599976,313.1900024,317.2099915,314.1776733,24494400
2025-12-22,317.5100098,323.230011,317.5100098,323.0899963,320.0014648,8354600
2025-12-23,323.6099854,327.7799988,323.0899963,325.9299927,322.8143311,6668300
2025-12-24,326.2399902,329.9899902,325.5,329.1700134,326.0233765,4289300
2025-12-26,329.1099854,330.8599854,326.5400085,327.9100037,324.7754211,4158300
2025-12-29,327.0,327.769989,323.5299988,323.75,320.6551819,8635300
2025-12-30,324.8099976,324.9400024,322.4899902,323.4200134,320.3283386,7904300
2025-12-31,324.3399963,324.8800049,322.0400085,322.2200012,319.139801,5048500
