Date,Open,High,Low,Close,Adj_Close,Volume
2020-01-02,53.84999847,54.04000092,53.50999832,53.75,45.56665421,16803100
2020-01-03,53.11000061,53.61999893,52.90000153,53.41999817,45.28690338,15608800
2020-01-06,52.74000168,53.20000076,52.72000122,53.09999847,45.01561737,13200300
2020-01-07,53.04999924,53.04999924,52.47000122,52.65999985,44.64261246,13278600
2020-01-08,52.84000015,53.33000183,52.79999924,52.81999969,44.77824402,16585600
2020-01-09,53.20000076,53.20000076,52.47999954,52.72999954,44.70195007,20817400
2020-01-10,52.79000092,52.90000153,52.47999954,52.5,44.50696564,13777600
2020-01-13,52.5,52.5,51.83000183,52.11000061,44.17634583,25197600
2020-01-14,50.22999954,50.74000168,49.25,49.29999924,41.79416275,56668300
2020-01-15,48.83000183,48.84000015,47.97999954,48.31999969,40.96336365,47148000
2020-01-16,48.45999908,49.31999969,47.84000015,49.25,41.7517662,37020200
2020-01-17,49.36999893,49.41999817,48.52999878,49.18000031,41.69242859,29669200
2020-01-21,49.09000015,49.88000107,48.79999924,48.93999863,41.48897171,30858300
2020-01-22,49.02999878,49.09000015,48.29000092,48.56000137,41.16682434,20367700
2020-01-23,48.38999939,48.45000076,47.97999954,48.22000122,40.87858582,17297900
2020-01-24,48.18999863,48.20999908,47.18000031,47.56999969,40.32754517,21239600
2020-01-27,46.88999939,47.41999817,46.74000168,47.09999847,39.92909622,18156200
2020-01-28,47.50999832,47.79000092,47.27999878,47.36999893,40.15799713,16673300
2020-01-29,47.41999817,47.90000153,47.25999832,47.27000046,40.07323456,16166300
2020-01-30,47.16999817,47.95000076,47.04000092,47.90999985,40.61578369,14760200
2020-01-31,47.41999817,47.45000076,46.75,46.93999863,39.79346466,23080400
2020-02-03,47.24000168,47.72000122,47.02999878,47.11999893,39.94606018,15471100
2020-02-04,47.70000076,47.84000015,47.25,47.25999832,40.0647583,14973300
2020-02-05,47.90000153,48.40000153,47.77999878,48.31000137,40.9548912,20141800
2020-02-06,48.43999863,48.5,47.84999847,47.97999954,41.10911179,18259200
2020-02-07,47.72999954,48.0,47.47999954,47.84000015,40.98915482,13174600
2020-02-10,47.66999817,47.86000061,47.41999817,47.77000046,40.92918777,18124800
2020-02-11,48.08000183,48.34000015,47.93999863,47.99000168,41.11767578,13686100
2020-02-12,48.22000122,48.49000168,47.75999832,47.79000092,40.94632339,16668100
2020-02-13,47.61999893,48.18000031,47.54999924,48.11999893,41.22906113,12530000
2020-02-14,48.13999939,48.31999969,47.75,48.22000122,41.31473923,15526400
2020-02-18,47.97000122,48.11999893,46.52999878,46.99000168,40.26088333,22423800
2020-02-19,47.25,47.34999847,46.97999954,47.09000015,40.34655762,15602500
2020-02-20,47.0,47.40999985,46.68000031,47.34000015,40.5607605,15965500
2020-02-21,47.47999954,47.84999847,47.09999847,47.70000076,40.8692131,21729100
2020-02-24,46.58000183,46.95000076,46.25999832,46.38999939,39.74679184,23075900
2020-02-25,46.29000092,46.66999817,44.95999908,45.11999893,38.65867233,31110100
2020-02-26,45.47999954,45.65000153,44.13000107,44.13999939,37.81901932,27372600
2020-02-27,43.31999969,44.31999969,42.43000031,42.47000122,36.38816071,41180000
2020-02-28,41.31000137,41.86999893,39.75,40.84999847,35.00015259,71703000
2020-03-02,40.97999954,42.27999878,39.45999908,42.25999832,36.20823288,44231200
2020-03-03,42.06000137,42.90000153,40.02999878,40.52999878,34.72596741,45091000
2020-03-04,41.00999832,41.43000031,39.95999908,41.40000153,35.47138596,33881500
2020-03-05,40.0,40.00999832,38.56999969,38.90000153,33.32940674,45037900
2020-03-06,37.0,37.68000031,36.33000183,37.09000015,31.77858734,56766500
2020-03-09,33.72000122,34.47999954,32.22000122,32.47999954,27.82876396,53277200
2020-03-10,34.63000107,35.08000183,32.27999878,35.08000183,30.05643463,40078700
2020-03-11,34.04999924,34.27000046,32.00999832,32.33000183,27.700243,44769500
2020-03-12,29.80999947,30.86000061,27.12000084,27.20000076,23.30487251,68447600
2020-03-13,30.14999962,31.76000023,27.77000046,30.88999939,26.46645355,78365700
2020-03-16,26.34000015,29.22999954,26.29999924,26.5,22.70511436,57466700
2020-03-17,27.62999916,30.62000084,25.88999939,29.62999916,25.38689423,58112800
2020-03-18,27.70000076,28.88999939,26.89999962,28.12000084,24.0931263,51904100
2020-03-19,27.65999985,29.11000061,26.29000092,28.29000092,24.23878479,53123500
2020-03-20,28.68000031,28.75,26.18000031,26.5,22.70511436,73915800
2020-03-23,26.26000023,26.87000084,25.11000061,25.25,21.63412094,47064100
2020-03-24,26.95999908,29.17000008,26.32999992,28.92000008,24.77856636,48630300
2020-03-25,29.0,30.29999924,27.77000046,28.96999931,24.82139969,53341100
2020-03-26,29.32999992,31.38999939,29.07999992,30.89999962,26.47502136,45494700
2020-03-27,30.02000046,31.29000092,29.07999992,30.28000069,25.9438076,38942800
2020-03-30,30.36000061,30.47999954,28.88999939,29.92000008,25.63536072,41232800
2020-03-31,29.40999985,29.75,28.15999985,28.70000076,24.59006882,36920300
2020-04-01,27.02000046,27.37000084,26.20000076,26.56999969,22.76509285,48497400
2020-04-02,26.46999931,27.53000069,26.37999916,27.21999931,23.32200813,33113500
2020-04-03,27.0,27.36000061,25.90999985,26.22999954,22.47377777,32735800
2020-04-06,27.40999985,28.82999992,27.39999962,28.62999916,24.53009033,36056100
2020-04-07,30.75,30.78000069,28.70999908,28.77000046,24.65004158,39229900
2020-04-08,29.34000015,30.47999954,28.68000031,30.28000069,25.9438076,42213700
2020-04-09,31.12000084,33.90999985,31.10000038,33.20000076,28.44565392,62462000
2020-04-13,33.22000122,33.24000168,31.40999985,31.43000031,26.92912483,36068900
2020-04-14,32.11000061,32.5,29.55999947,30.18000031,25.85812759,64267100
2020-04-15,28.77000046,29.11000061,28.21999931,28.44000053,24.36730385,41883900
2020-04-16,28.28000069,28.28000069,26.65999985,26.88999939,23.03926468,52962100
2020-04-17,28.14999962,28.78000069,27.79999924,28.37999916,24.31589699,46985000
2020-04-20,27.32999992,28.88999939,26.92000008,27.68000031,23.71613312,45441600
2020-04-21,26.89999962,27.25,26.5,26.84000015,22.99642754,41918700
2020-04-22,27.5,27.57999992,26.70000076,26.79999924,22.9621582,28043300
2020-04-23,26.95000076,27.20999908,26.42000008,26.53000069,22.73082161,38331500
2020-04-24,26.79999924,27.29000092,26.37000084,26.92000008,23.06497383,35135900
2020-04-27,27.37000084,28.57999992,27.15999985,28.40999985,24.3415947,39606100
2020-04-28,29.60000038,29.92000008,28.59000015,28.87000084,24.7357254,35188000
2020-04-29,30.10000038,30.45999908,29.64999962,30.0,25.7039032,38515200
2020-04-30,29.31999969,29.61000061,28.60000038,29.04999924,24.8899498,29506100
2020-05-01,28.5,28.53000069,27.28000069,27.59000015,23.63902473,35197600
2020-05-04,26.95999908,27.45000076,26.60000038,27.35000038,23.43339157,34343900
2020-05-05,27.52000046,27.79999924,26.25,26.31999969,22.55089188,56753400
2020-05-06,26.45999908,26.64999962,25.39999962,25.61000061,21.94256401,57732900
2020-05-07,25.59000015,26.10000038,25.13999939,25.22999954,22.05621338,52387000
2020-05-08,25.63999939,25.78000069,25.22999954,25.43000031,22.23105431,53725300
2020-05-11,25.11000061,25.22999954,24.60000038,24.78000069,21.66282272,51444200
2020-05-12,24.95999908,25.27000046,24.0,24.04000092,21.0159111,53560500
2020-05-13,23.95000076,23.95000076,22.0,22.53000069,19.695858,90209900
2020-05-14,22.12999916,24.59000015,22.02000046,24.05999947,21.03339195,87965500
2020-05-15,23.69000053,23.82999992,23.07999992,23.36000061,20.42145157,51616700
2020-05-18,24.54999924,25.59000015,24.34000015,25.40999985,22.21356392,55684400
2020-05-19,25.0,25.14999962,23.92000008,23.95000076,20.93723297,48234300
2020-05-20,24.48999977,24.73999977,24.36000061,24.52000046,21.4355278,45297100
2020-05-21,24.38999939,24.85000038,24.31999969,24.45999908,21.38306999,28376500
2020-05-22,24.44000053,24.48999977,23.92000008,24.17000008,21.12955666,30415300
2020-05-26,25.04999924,26.51000023,25.04000092,26.26000023,22.95664978,57720300
2020-05-27,27.79999924,28.26000023,26.84000015,27.95000076,24.43405342,61963000
2020-05-28,28.31999969,28.37000084,27.12000084,27.21999931,23.79587936,51490200
2020-05-29,26.5,27.06999969,26.09000015,26.46999931,23.14022255,51336900
2020-06-01,26.61000061,27.59000015,26.37000084,27.09000015,23.68223381,34201700
2020-06-02,27.57999992,27.98999977,27.15999985,27.39999962,23.95323944,39058000
2020-06-03,28.38999939,29.19000053,28.34000015,28.82999992,25.20335388,50814000
2020-06-04,29.47999954,30.25,28.63999939,30.21999931,26.41849136,61839200
2020-06-05,33.88999939,33.88999939,31.45999908,31.67000008,27.68609619,107651200
2020-06-08,32.90000153,33.43000031,32.27000046,33.31999969,29.12853241,69051300
2020-06-09,32.43999863,33.08000183,31.51000023,32.63000107,28.52533913,51480400
2020-06-10,32.29999924,32.33000183,29.64999962,29.70999908,25.97265244,82090000
2020-06-11,27.20000076,28.43000031,26.70000076,26.79000092,23.41997528,75621300
2020-06-12,28.0,28.22999954,27.35000038,27.96999931,24.45153236,51301200
2020-06-15,26.86000061,28.38999939,26.55999947,28.20999908,24.66134262,48311400
2020-06-16,29.43000031,29.64999962,27.77000046,28.52000046,24.93234825,52985600
2020-06-17,28.5,28.54999924,27.35000038,27.45000076,23.99695206,38660800
2020-06-18,27.10000038,27.93000031,26.93000031,27.54999924,24.08436966,33670200
2020-06-19,28.0,28.04999924,27.01000023,27.60000038,24.12808418,71903000
2020-06-22,27.27000046,27.62999916,26.88999939,27.35000038,23.90952873,32808300
2020-06-23,27.78000069,28.29000092,27.19000053,27.22999954,23.80462456,47279100
2020-06-24,26.95999908,27.03000069,25.98999977,26.12000084,22.83425331,57380900
2020-06-25,25.95999908,27.40999985,25.88999939,27.37000084,23.9270153,45102200
2020-06-26,26.10000038,26.39999962,25.25,25.34000015,22.15237999,81172300
2020-06-29,25.59000015,25.89999962,25.26000023,25.70000076,22.4670887,43769200
2020-06-30,25.20999908,25.87000084,25.17000008,25.60000038,22.3796711,46610000
2020-07-01,25.72999954,25.95999908,24.93000031,25.09000015,21.93382263,37509300
2020-07-02,25.75,26.17000008,25.10000038,25.34000015,22.15237999,37013300
2020-07-06,25.81999969,26.02000046,24.97999954,25.48999977,22.2835083,46983100
2020-07-07,25.20000076,25.21999931,24.34000015,24.45999908,21.38306999,36920500
2020-07-08,24.44000053,24.78000069,24.06999969,24.54999924,21.46175194,38413400
2020-07-09,24.5,24.78000069,23.70999908,24.04000092,21.0159111,38118900
2020-07-10,24.18000031,25.53000069,24.14999962,25.46999931,22.26601982,56483300
2020-07-13,25.81999969,26.04000092,24.94000053,25.40999985,22.21356392,51038800
2020-07-14,23.92000008,24.38999939,23.32999992,24.25,21.19949532,118952600
2020-07-15,24.97999954,25.54999924,24.84000015,25.35000038,22.16111755,61714300
2020-07-16,24.90999985,26.09000015,24.81999969,25.45999908,22.25727463,48676800
2020-07-17,25.48999977,25.63999939,24.86000061,24.95000076,21.8114357,39184100
2020-07-20,24.71999931,24.87999916,24.39999962,24.56999969,21.47924042,38682200
2020-07-21,24.75,26.28000069,24.70999908,26.20000076,22.90419579,58395200
2020-07-22,26.12999916,26.35000038,25.81999969,26.26000023,22.95664978,41030500
2020-07-23,26.15999985,26.51000023,25.70000076,26.35000038,23.0353241,50791000
2020-07-24,26.46999931,26.85000038,26.20000076,26.26000023,22.95664978,39357000
2020-07-27,26.02000046,26.02000046,25.25,25.48999977,22.2835083,34761000
2020-07-28,25.32999992,25.70000076,25.32999992,25.53000069,22.31847954,30505200
2020-07-29,25.45000076,25.81999969,25.0,25.78000069,22.53702927,31442100
2020-07-30,25.19000053,25.23999977,24.5,24.64999962,21.54917526,51019200
2020-07-31,24.5,24.65999985,24.07999992,24.26000023,21.20823097,45537900
2020-08-03,24.25,24.5,23.89999962,24.29000092,21.23445892,27863700
2020-08-04,24.20000076,24.29000092,24.03000069,24.21999931,21.17326355,28106900
2020-08-05,24.39999962,24.75,24.34000015,24.39999962,21.33061981,32935400
2020-08-06,24.20000076,24.5,24.12000084,24.23999977,21.27795601,44670300
2020-08-07,24.12999916,25.21999931,24.0,25.06999969,22.00653076,46272400
2020-08-10,25.21999931,25.47999954,24.21999931,24.70000076,21.68174553,50602600
2020-08-11,25.29000092,26.13999939,25.20000076,25.31999969,22.22598648,55000100
2020-08-12,25.97999954,26.13999939,24.71999931,25.19000053,22.111866,42868500
2020-08-13,24.95000076,25.22999954,24.68000031,25.02000046,21.96264458,27387800
2020-08-14,24.79000092,25.48999977,24.63999939,25.29999924,22.20842743,26743400
2020-08-17,25.03000069,25.13999939,24.44000053,24.46999931,21.47985268,36661700
2020-08-18,24.42000008,24.45000076,24.01000023,24.04000092,21.10239983,29680700
2020-08-19,24.01000023,24.38999939,23.84000015,24.06999969,21.12872505,33667800
2020-08-20,23.73999977,23.94000053,23.60000038,23.75,20.84782982,36022100
2020-08-21,23.63999939,23.90999985,23.52000046,23.63999939,20.75127029,27198000
2020-08-24,23.79999924,24.51000023,23.61000061,24.48999977,21.49740219,36906700
2020-08-25,24.73999977,24.88999939,24.29999924,24.61000061,21.60274124,35077300
2020-08-26,24.51000023,24.57999992,24.04000092,24.04000092,21.10239983,28348200
2020-08-27,23.98999977,24.78000069,23.96999931,24.59000015,21.58518219,36706600
2020-08-28,24.75,24.77000046,24.35000038,24.69000053,21.67296791,25797300
2020-08-31,24.48999977,24.51000023,24.09000015,24.14999962,21.19895172,27615500
2020-09-01,24.02000046,24.34000015,23.73999977,24.04999924,21.11117172,30508800
2020-09-02,24.01000023,24.65999985,23.93000031,24.56999969,21.56763458,40334000
2020-09-03,24.79999924,25.36000061,24.29999924,24.52000046,21.52374077,42349300
2020-09-04,25.0,25.19000053,24.25,24.79000092,21.760746,48745000
2020-09-08,24.28000069,24.54999924,23.73999977,23.96999931,21.04094696,49082900
2020-09-09,24.01000023,24.06999969,23.70000076,23.84000015,20.92683411,49427900
2020-09-10,24.03000069,24.67000008,23.86000061,23.95000076,21.02339363,54211700
2020-09-11,23.92000008,24.31999969,23.70999908,24.27000046,21.30428886,34861100
2020-09-14,24.37999916,24.96999931,24.22999954,24.80999947,21.77830124,49787100
2020-09-15,24.95999908,25.04000092,24.55999947,24.87999916,21.83974457,41954800
2020-09-16,24.87000084,26.0,24.75,25.70999908,22.56832695,51768200
2020-09-17,25.22999954,25.43000031,24.89999962,25.11000061,22.04164314,51531300
2020-09-18,24.94000053,25.39999962,24.89999962,25.12999916,22.05919456,115153200
2020-09-21,24.45000076,24.52000046,23.71999931,24.04000092,21.10239983,56188400
2020-09-22,23.97999954,24.36000061,23.53000069,23.64999962,20.76004982,39839500
2020-09-23,23.78000069,24.12999916,22.82999992,22.82999992,20.04025078,45697700
2020-09-24,22.95999908,23.71999931,22.55999947,23.31999969,20.47037506,43329100
2020-09-25,23.12000084,23.70999908,23.01000023,23.63999939,20.75127029,30229900
2020-09-28,23.98999977,24.27000046,23.76000023,23.81999969,20.90927887,41103500
2020-09-29,23.71999931,23.71999931,23.06999969,23.26000023,20.41770744,38416300
2020-09-30,23.36000061,23.87000084,23.25,23.51000023,20.63715744,43071500
2020-10-01,23.56999969,23.80999947,23.15999985,23.55999947,20.68104744,38879800
2020-10-02,23.14999962,24.09000015,23.07999992,23.98999977,21.0585022,26238600
2020-10-05,24.21999931,24.60000038,24.21999931,24.45000076,21.46229362,22607500
2020-10-06,24.68000031,25.0,24.04000092,24.18000031,21.22528648,30991300
2020-10-07,24.42000008,24.93000031,24.38999939,24.80999947,21.77830124,34647300
2020-10-08,24.87999916,25.32999992,24.67000008,25.29999924,22.20842743,26483400
2020-10-09,25.38999939,25.51000023,25.01000023,25.29999924,22.20842743,28211300
2020-10-12,25.20000076,25.73999977,25.14999962,25.68000031,22.54198837,25855600
2020-10-13,25.42000008,25.5,24.70000076,24.73999977,21.7168541,29939600
2020-10-14,24.27000046,24.43000031,23.22999954,23.25,20.40892792,75388100
2020-10-15,23.05999947,23.09000015,22.75,22.95000076,20.14558601,60328600
2020-10-16,23.01000023,23.22999954,22.61000061,22.86000061,20.06658554,43141200
2020-10-19,22.88999939,22.90999985,22.51000023,22.54000092,19.7856884,37423600
2020-10-20,22.72999954,23.12999916,22.69000053,22.80999947,20.02270126,34751200
2020-10-21,22.81999969,22.95000076,22.60000038,22.70000076,19.92613602,29528300
2020-10-22,22.65999985,23.31999969,22.61000061,23.25,20.40892792,32238300
2020-10-23,23.57999992,23.59000015,23.12000084,23.28000069,20.43526268,24558300
2020-10-26,22.96999931,23.02000046,22.60000038,22.70000076,19.92613602,34034100
2020-10-27,22.61000061,22.61000061,21.81999969,21.81999969,19.15367317,49636500
2020-10-28,21.22999954,21.47999954,20.79999924,21.18000031,18.59187698,54835900
2020-10-29,21.04999924,21.37999916,20.76000023,21.13999939,18.55676079,46184000
2020-10-30,21.10000038,21.45999908,20.84000015,21.45000076,18.82888603,34592400
2020-11-02,21.70000076,21.97999954,21.19000053,21.89999962,19.2238903,38401200
2020-11-03,22.30999947,22.5,21.98999977,22.09000015,19.3906765,38427000
2020-11-04,21.75,22.55999947,21.17000008,21.87999916,19.20633507,47203200
2020-11-05,21.88999939,22.56999969,21.86000061,22.32999992,19.69134331,38319700
2020-11-06,22.5,22.56999969,21.84000015,21.90999985,19.32097626,29502900
2020-11-09,24.03000069,24.87000084,23.29999924,24.21999931,21.35800934,102118900
2020-11-10,24.36000061,24.37000084,23.86000061,24.19000053,21.33155441,49029100
2020-11-11,24.22999954,24.54000092,24.01000023,24.19000053,21.33155441,38309200
2020-11-12,23.90999985,24.14999962,23.55999947,23.80999947,20.99645996,34505900
2020-11-13,23.90999985,24.18000031,23.72999954,24.06999969,21.22573471,30056100
2020-11-16,24.98999977,25.03000069,24.38999939,24.89999962,21.95765877,36954800
2020-11-17,24.53000069,25.14999962,24.52000046,25.04000092,22.08111382,29490400
2020-11-18,25.14999962,25.95000076,25.05999947,25.05999947,22.09874725,44318300
2020-11-19,25.19000053,26.21999931,24.96999931,26.15999985,23.06876755,44560000
2020-11-20,26.04000092,26.22999954,25.45999908,25.47999954,22.46912193,38469100
2020-11-23,25.95000076,26.44000053,25.87000084,26.29999924,23.1922226,40691400
2020-11-24,27.45999908,28.72999954,27.34000015,28.61000061,25.22926521,80523400
2020-11-25,28.32999992,28.69000053,28.0,28.59000015,25.21162415,38875500
2020-11-27,28.59000015,28.62999916,28.18000031,28.45999908,25.09698486,20281400
2020-11-30,28.43000031,28.55999947,27.28000069,27.35000038,24.11815071,48211000
2020-12-01,28.14999962,28.68000031,28.04000092,28.05999947,24.74425125,41924200
2020-12-02,27.98999977,28.98999977,27.85000038,28.87000084,25.45853806,35508000
2020-12-03,28.94000053,29.48999977,28.79000092,29.15999985,25.71426964,41264600
2020-12-04,29.5,29.96999931,29.34000015,29.54999924,26.05818558,47168800
2020-12-07,29.42000008,29.62999916,29.06999969,29.34000015,25.87299919,31713000
2020-12-08,29.03000069,29.29999924,28.39999962,28.94000053,25.52026558,32209500
2020-12-09,29.23999977,29.23999977,28.61000061,29.04999924,25.61727142,35276000
2020-12-10,28.71999931,29.55999947,28.54000092,29.48999977,26.00527573,31730200
2020-12-11,29.02000046,29.38999939,28.67000008,29.07999992,25.64372063,29779100
2020-12-14,29.54000092,29.78000069,28.51000023,28.63999939,25.25571632,28378000
2020-12-15,29.12999916,29.77000046,28.89999962,29.72999954,26.21691513,38866200
2020-12-16,29.63999939,29.90999985,29.47999954,29.64999962,26.14636993,35204800
2020-12-17,29.79999924,29.89999962,29.44000053,29.46999931,25.98763657,42870500
2020-12-18,29.46999931,29.62000084,28.79999924,29.01000023,25.58198929,53716400
2020-12-21,29.56999969,29.88999939,28.84000015,29.54999924,26.05818558,52731600
2020-12-22,29.64999962,29.71999931,28.95000076,28.95999908,25.53789902,25655900
2020-12-23,29.28000069,30.48999977,29.27000046,30.35000038,26.76365471,38383700
2020-12-24,30.29000092,30.37999916,29.65999985,29.84000015,26.31391716,14443700
2020-12-28,30.07999992,30.47999954,29.90999985,29.93000031,26.39328384,21658500
2020-12-29,30.14999962,30.17000008,29.75,29.78000069,26.26100922,19584400
2020-12-30,29.79999924,30.04000092,29.64999962,29.75,26.23455429,18519300
2020-12-31,29.75,30.23999977,29.67000008,30.18000031,26.61373711,21081200
2021-01-04,30.31999969,30.44000053,29.39999962,29.70000076,26.19046402,31421600
2021-01-05,30.09000015,30.95000076,29.81999969,30.53000069,26.92238426,37360000
2021-01-06,31.89999962,33.0,31.79000092,32.68999863,28.82714081,73507500
2021-01-07,33.58000183,34.20000076,33.31999969,33.43000031,29.47970009,50634100
2021-01-08,33.61000061,33.65000153,32.66999817,33.18999863,29.26805878,32324700
2021-01-11,32.63999939,33.56000137,32.31999969,33.24000168,29.31215858,33739300
2021-01-12,34.0,34.52000046,33.65999985,33.93999863,29.92943001,59146400
2021-01-13,33.81999969,34.25999832,33.63000107,33.79999924,29.80597305,35734800
2021-01-14,34.06999969,35.09999847,34.00999832,34.75,30.6437149,55856900
2021-01-15,33.08000183,33.5,31.81999969,32.04000092,28.25395203,91993100
2021-01-19,32.40999985,33.04000092,32.27999878,32.63000107,28.77423286,43806800
2021-01-20,32.77999878,32.83000183,32.29999924,32.45999908,28.62431717,29949800
2021-01-21,32.31999969,32.43000031,31.92000008,32.0,28.21867561,28240600
2021-01-22,31.34000015,32.06000137,31.14999962,31.89999962,28.13049507,24476100
2021-01-25,31.87999916,32.34999847,31.62000084,32.24000168,28.43032074,28515500
2021-01-26,32.49000168,32.52999878,31.36000061,31.37999916,27.67193794,28026500
2021-01-27,30.92000008,31.03000069,29.92000008,30.17000008,26.60492325,45074900
2021-01-28,30.53000069,31.04999924,30.30999947,30.80999947,27.16929436,28770200
2021-01-29,30.77000046,31.19000053,29.81999969,29.87999916,26.34919548,39500800
2021-02-01,30.13999939,30.21999931,29.68000031,29.98999977,26.44618988,23713400
2021-02-02,30.45999908,31.19000053,30.37999916,30.75,27.11638451,25302900
2021-02-03,30.71999931,31.77000046,30.61000061,31.70000076,27.95412827,28507800
2021-02-04,31.87000084,32.84999847,31.79999924,32.65999985,28.89183044,30825400
2021-02-05,33.0,33.18999863,32.50999832,32.56000137,28.80336761,24908100
2021-02-08,32.77999878,33.56999969,30.77000046,33.40000153,29.54645348,29223800
2021-02-09,33.20999908,33.40999985,32.90999985,33.25999832,29.42260551,23539800
2021-02-10,33.47999954,33.68999863,33.09000015,33.20000076,29.36952591,22687000
2021-02-11,33.20000076,33.34000015,32.36999893,32.72000122,28.94491005,22393200
2021-02-12,32.65000153,33.61999893,32.65000153,33.52999878,29.66144943,34473100
2021-02-16,34.06999969,34.93000031,34.0,34.79000092,30.77607346,36468200
2021-02-17,34.34000015,37.45000076,34.02999878,36.59000015,32.36839294,80157700
2021-02-18,36.43999863,37.36000061,36.18000031,36.95999908,32.69571304,43334700
2021-02-19,37.13000107,37.84999847,37.02999878,37.83000183,33.46534348,39023000
2021-02-22,37.66999817,37.91999817,37.09999847,37.25999832,32.9610939,34690000
2021-02-23,37.59000015,37.77000046,36.59999847,37.13999939,32.85494232,36792500
2021-02-24,37.24000168,38.34000015,37.13999939,38.29000092,33.87225723,42764300
2021-02-25,38.68000031,38.68000031,37.29999924,37.56000137,33.22649384,37233100
2021-02-26,37.09999847,37.40999985,35.93000031,36.16999817,31.99686432,39468000
2021-03-01,37.11000061,37.41999817,36.74000168,37.09000015,32.81071472,28066100
2021-03-02,37.15000153,37.45000076,36.99000168,37.13999939,32.85494232,19701200
2021-03-03,37.34999847,38.65999985,37.34999847,37.68999863,33.3414917,35365100
2021-03-04,37.61999893,38.0,36.36000061,37.15999985,32.8726387,42932500
2021-03-05,37.86999893,38.11999893,36.34000015,37.43000031,33.11149216,34558300
2021-03-08,38.13000107,38.88000107,37.77000046,38.66999817,34.20840836,38255200
2021-03-09,38.16999817,38.79999924,37.47999954,38.13000107,33.73072052,35854100
2021-03-10,38.68000031,39.70000076,38.27999878,39.58000183,35.01342773,38437200
2021-03-11,39.22000122,39.59000015,38.61000061,38.88000107,34.39419937,30598700
2021-03-12,39.5,40.02000046,39.41999817,39.97000122,35.35842133,28754000
2021-03-15,40.06999969,40.22999954,39.16999817,39.70000076,35.11958313,25892200
2021-03-16,39.36999893,39.49000168,38.72000122,39.34999847,34.8099556,24668300
2021-03-17,39.68000031,40.43999863,39.20999908,39.84000015,35.24343872,33537000
2021-03-18,40.15000153,41.54000092,40.15000153,40.81000137,36.10150909,57420600
2021-03-19,39.93999863,40.06999969,39.22000122,39.63000107,35.05766296,60291800
2021-03-22,39.27999878,39.31000137,38.61999893,38.97000122,34.47380829,32206000
2021-03-23,38.5,39.04999924,38.04999924,38.24000168,33.82803726,32494400
2021-03-24,38.36000061,39.02000046,38.11000061,38.11999893,33.72188187,24201700
2021-03-25,37.97000122,39.36000061,37.77999878,39.29999924,34.76573563,28773000
2021-03-26,39.90000153,40.22999954,39.16999817,39.75999832,35.17266083,29156100
2021-03-29,38.58000183,39.34999847,37.90000153,38.43999863,34.00495911,38426900
2021-03-30,38.54000092,40.08000183,38.47000122,39.38999939,34.84534836,36134200
2021-03-31,39.27000046,39.63000107,38.91999817,39.06999969,34.56227493,25832800
2021-04-01,38.95999908,39.65000153,38.91999817,39.63000107,35.05766296,22706900
2021-04-05,40.02999878,40.33000183,39.31999969,39.47999954,34.9249649,21293400
2021-04-06,39.41999817,39.90000153,39.25999832,39.84999847,35.25227737,20969600
2021-04-07,39.84000015,40.09000015,39.63000107,39.99000168,35.37612534,19393200
2021-04-08,39.86999893,40.20000076,39.33000183,40.02999878,35.4115181,20845000
2021-04-09,40.34000015,40.79000092,40.25,40.5,35.82728958,28363600
2021-04-12,40.45999908,40.88999939,40.40000153,40.77000046,36.06612778,21093000
2021-04-13,40.5,40.50999832,39.70000076,39.79000092,35.19919968,29333200
2021-04-14,39.70000076,42.18000031,39.06000137,41.99000168,37.1453743,64926900
2021-04-15,42.09999847,42.25999832,41.02999878,42.24000168,37.36653519,44146300
2021-04-16,42.66999817,44.13000107,42.58000183,43.84000015,38.78191757,57060200
2021-04-19,43.61000061,44.40000153,43.38000107,43.88000107,38.81731033,39124200
2021-04-20,43.40000153,43.40000153,42.34999847,42.54000092,37.63191605,29734000
2021-04-21,42.24000168,43.36000061,41.77000046,43.24000168,38.25115204,27258000
2021-04-22,43.25999832,43.52000046,42.68000031,42.70000076,37.77346039,24638300
2021-04-23,42.70999908,44.18000031,42.63000107,43.86000061,38.79962158,28024200
2021-04-26,44.13000107,44.68000031,43.99000168,44.13999939,39.0473175,24606600
2021-04-27,44.38999939,45.22000122,44.20000076,45.09000015,39.88770676,29130200
2021-04-28,45.15000153,45.66999817,44.93000031,45.08000183,39.8788681,20795100
2021-04-29,45.61999893,46.38999939,45.52000046,46.24000168,40.90503693,26880700
2021-04-30,45.79999924,46.02000046,44.86000061,45.04999924,39.85232544,34176500
2021-05-03,45.45000076,45.65000153,45.06999969,45.47999954,40.23271942,16522700
2021-05-04,45.25999832,45.84000015,44.66999817,45.74000168,40.46272278,26137600
2021-05-05,45.93000031,46.20000076,45.47000122,45.93999863,40.63962936,19620200
2021-05-06,46.11000061,46.68999863,45.70000076,46.63000107,41.34001541,34271500
2021-05-07,45.93000031,46.61999893,45.54999924,46.54000092,41.26022339,25140400
2021-05-10,46.84000015,47.34999847,46.59000015,46.59999847,41.31342316,28193100
2021-05-11,46.02000046,46.88000107,45.50999832,45.72000122,40.53325272,31478500
2021-05-12,46.83000183,47.15999985,45.47999954,45.63999939,40.46232605,33392900
2021-05-13,45.49000168,46.79000092,45.31000137,46.40000153,41.13610458,23553400
2021-05-14,46.59999847,47.11000061,46.47000122,46.95999908,41.63258743,17078500
2021-05-17,46.91999817,47.97999954,46.79999924,47.90000153,42.46595383,25212800
2021-05-18,47.90000153,48.13000107,46.83000183,46.86000061,41.54392624,24126000
2021-05-19,45.93999863,46.31999969,45.36999893,46.16999817,40.93219376,28911100
2021-05-20,46.06999969,46.18000031,45.27000046,45.72999954,40.5421257,26107000
2021-05-21,45.97000122,46.29999924,45.77999878,45.88000107,40.67509842,27312700
2021-05-24,46.0,46.50999832,45.75999832,46.24000168,40.99427032,25707400
2021-05-25,46.38999939,47.02000046,46.04000092,46.09000015,40.86127853,29415300
2021-05-26,46.11000061,46.59999847,45.59999847,46.40000153,41.13610458,26170600
2021-05-27,46.99000168,47.38000107,46.31000137,46.75999832,41.45526505,42572900
2021-05-28,46.84999847,46.88000107,46.27999878,46.72000122,41.41981125,15760100
2021-06-01,47.15999985,47.40999985,46.79000092,47.25999832,41.89854813,17878600
2021-06-02,47.38000107,47.45999908,46.58000183,46.81000137,41.49959564,18492600
2021-06-03,46.68999863,47.0,46.34999847,46.45999908,41.18930817,20206400
2021-06-04,47.06000137,47.09999847,46.50999832,46.95999908,41.63258743,18190300
2021-06-07,47.09999847,47.18000031,46.77999878,47.11000061,41.76556396,16644300
2021-06-08,46.74000168,47.00999832,46.29999924,46.61000061,41.3222847,21271700
2021-06-09,46.24000168,46.34000015,45.63000107,45.91999817,40.71056366,22617500
2021-06-10,46.47000122,46.65000153,45.00999832,45.09000015,39.97472382,21640000
2021-06-11,45.18000031,45.68999863,45.18000031,45.68000031,40.49778366,19389300
2021-06-14,45.61000061,45.88000107,44.84000015,45.15000153,40.02791595,25452300
2021-06-15,45.20000076,45.72000122,45.0,45.45999908,40.30274582,23865400
2021-06-16,44.95000076,45.95999908,44.31999969,45.56999969,40.40027237,38287700
2021-06-17,45.79000092,45.95999908,42.65999985,42.79000092,37.93564987,48910400
2021-06-18,41.68000031,42.31000137,41.47000122,41.75,37.01363754,61292200
2021-06-21,42.29999924,43.31000137,42.22999954,43.27999878,38.37005997,26444700
2021-06-22,43.40999985,43.86999893,42.86000061,43.54000092,38.60057068,26455200
2021-06-23,43.5,44.31000137,43.5,43.95999908,38.97291183,18778500
2021-06-24,44.25999832,45.41999817,44.20999908,45.18000031,40.05450821,27951000
2021-06-25,45.56999969,46.65000153,45.22000122,46.38000107,41.11837387,49074700
2021-06-28,46.0,46.06999969,45.09000015,45.79000092,40.59531021,27127500
2021-06-29,46.04000092,46.38000107,44.59999847,44.79000092,39.70876694,39534000
2021-06-30,44.61999893,45.38999939,44.45000076,45.29000092,40.15203476,18168100
2021-07-01,45.47999954,45.63999939,44.97000122,45.40999985,40.25841141,18658000
2021-07-02,45.29999924,45.40999985,44.84000015,45.06999969,39.95698929,13218500
2021-07-06,44.72999954,44.81999969,43.29999924,43.49000168,38.5562439,25486900
2021-07-07,43.27999878,43.97000122,43.11999893,43.40000153,38.47644806,21884000
2021-07-08,42.58000183,42.95000076,41.97000122,42.31999969,37.51896286,29148700
2021-07-09,43.18000031,44.11000061,42.84999847,43.90999985,38.92860031,25055900
2021-07-12,43.27999878,44.25,42.95999908,44.15999985,39.15023804,17618900
2021-07-13,43.79000092,44.13000107,43.00999832,43.22999954,38.32572556,25387800
2021-07-14,43.59999847,45.13000107,42.50999832,44.95000076,39.85060883,49618000
2021-07-15,44.59000015,45.38999939,44.36999893,45.0,39.89493561,33388100
2021-07-16,45.40999985,45.52999878,44.11000061,44.27999878,39.2566185,27838200
2021-07-19,42.70999908,43.29999924,42.29000092,43.04999924,38.16615295,43362200
2021-07-20,43.0,45.15000153,42.86999893,44.84000015,39.7530899,34556200
2021-07-21,45.29000092,46.15000153,45.20999908,45.79999924,40.60417557,29654600
2021-07-22,45.84000015,45.95000076,44.79999924,45.02999878,39.92153549,23309500
2021-07-23,45.09999847,45.50999832,44.41999817,44.59000015,39.53144836,23946500
2021-07-26,44.47000122,45.24000168,44.47000122,45.00999832,39.90380096,22976700
2021-07-27,44.59000015,45.38000107,44.27000046,45.13999939,40.0190506,22124500
2021-07-28,45.38000107,46.04000092,44.97999954,45.50999832,40.34707642,23252800
2021-07-29,45.88999939,46.70999908,45.68000031,46.5,41.22477341,24487400
2021-07-30,46.25999832,46.84999847,45.72999954,45.93999863,40.72827911,25794000
2021-08-02,46.04000092,46.81000137,45.56999969,45.79000092,40.59531021,23960700
2021-08-03,45.97999954,46.93999863,45.11000061,46.83000183,41.51732635,24050300
2021-08-04,46.27000046,46.97000122,46.04000092,46.15000153,40.91447067,22178000
2021-08-05,46.04999924,47.0,46.00999832,46.99000168,41.84050369,28092600
2021-08-06,47.5,48.99000168,47.45000076,48.77000046,43.42542648,33583900
2021-08-09,48.65999985,49.34000015,48.29000092,48.65000153,43.31859207,29795200
2021-08-10,48.72999954,49.68999863,48.68999863,49.63000107,44.19119263,28708100
2021-08-11,49.63000107,50.72999954,49.16999817,50.65999985,45.10831451,29203900
2021-08-12,50.75999832,51.25,50.56000137,51.15000153,45.5446167,21729900
2021-08-13,51.20999908,51.40999985,50.18000031,50.36999893,44.85009384,15843300
2021-08-16,49.93000031,49.97999954,48.93999863,49.40999985,43.99530029,22615500
2021-08-17,48.88000107,49.36999893,48.02999878,48.70999908,43.37200928,16887000
2021-08-18,48.36000061,48.97999954,47.90000153,47.97000122,42.71310043,16319300
2021-08-19,47.34999847,47.95000076,46.83000183,47.25,42.07201004,20259400
2021-08-20,47.13000107,47.45000076,46.84000015,47.41999817,42.22337723,15357400
2021-08-23,47.75,47.99000168,47.45000076,47.61000061,42.39255524,15551900
2021-08-24,47.75,48.36999893,47.70999908,48.36000061,43.06036377,15109100
2021-08-25,48.61999893,49.61999893,48.47000122,49.29000092,43.88846207,21357400
2021-08-26,49.52999878,49.86999893,48.88999939,49.04999924,43.67474365,21627600
2021-08-27,49.22000122,49.84999847,49.11999893,49.81000137,44.35146332,16873300
2021-08-30,49.75999832,49.81000137,48.34999847,48.40999985,43.10488892,16054100
2021-08-31,48.40999985,48.99000168,45.20999908,45.70000076,40.69186783,73514300
2021-09-01,45.70000076,45.97000122,43.27000046,43.45000076,38.68844604,84960500
2021-09-02,43.68000031,44.88000107,43.54000092,44.56999969,39.68569565,37629000
2021-09-03,44.49000168,44.5,43.81999969,44.16999817,39.32954407,21687500
2021-09-07,44.31999969,44.95999908,44.25,44.31000137,39.45420456,19733500
2021-09-08,44.11999893,44.54000092,43.63000107,43.81999969,39.01789093,21252400
2021-09-09,43.84999847,44.72000122,43.75999832,44.36000061,39.49871063,19776900
2021-09-10,45.0,45.25,44.18999863,44.33000183,39.47200394,23367400
2021-09-13,44.56000137,45.81000137,44.56000137,45.75999832,40.74528885,28027200
2021-09-14,46.02000046,46.93999863,45.75999832,46.04999924,41.00350952,36053200
2021-09-15,45.86999893,46.88999939,45.84999847,46.63999939,41.52885437,31535600
2021-09-16,46.90000153,47.27000046,46.00999832,46.27999878,41.20830917,24102400
2021-09-17,45.74000168,46.68999863,45.74000168,46.47000122,41.377491,34912100
2021-09-20,45.02999878,45.86999893,44.84000015,45.81000137,40.78980637,30603100
2021-09-21,45.97999954,46.36000061,45.72999954,45.84999847,40.82542801,23049100
2021-09-22,46.49000168,47.68999863,46.47000122,47.08000183,41.92064285,29430700
2021-09-23,47.45999908,48.16999817,47.15999985,47.79999924,42.56173325,21852800
2021-09-24,47.77999878,48.56999969,47.72999954,47.91999817,42.66859055,20384700
2021-09-27,48.38000107,48.93999863,46.15999985,47.56000137,42.34803772,48927500
2021-09-28,47.00999832,47.02999878,45.06999969,45.91999817,40.88775635,49349100
2021-09-29,46.45000076,47.15000153,45.93000031,47.02999878,41.87611389,21730200
2021-09-30,47.13999939,47.15000153,46.11999893,46.40999985,41.32406235,22947500
2021-10-01,46.54999924,47.31000137,46.49000168,47.02000046,41.86720657,18021700
2021-10-04,47.02000046,47.68999863,46.66999817,47.02000046,41.86720657,22315200
2021-10-05,47.5,48.45000076,47.34999847,47.95999908,42.70419693,20250500
2021-10-06,47.58000183,48.09000015,47.06000137,47.86999893,42.62407684,17425700
2021-10-07,48.25999832,48.59000015,47.54000092,47.75999832,42.52612305,19272300
2021-10-08,47.86999893,48.34000015,47.65999985,48.0,42.73981476,14295400
2021-10-11,48.20000076,48.45999908,47.22000122,47.27999878,42.09871674,15387900
2021-10-12,47.29000092,47.52999878,46.52000046,46.65000153,41.53775406,18995700
2021-10-13,46.56999969,46.56999969,45.22000122,46.04999924,41.00350952,24150300
2021-10-14,46.68000031,46.88999939,44.83000183,45.31000137,40.34460831,53257700
2021-10-15,45.72000122,48.74000168,45.70999908,48.38000107,43.07817078,60096600
2021-10-18,48.18999863,49.70999908,48.13999939,49.43000031,44.01310349,33842700
2021-10-19,49.63999939,50.34999847,49.27999878,50.34000015,44.82338715,26500300
2021-10-20,50.18999863,50.38999939,49.70999908,50.15999985,44.66310501,24227900
2021-10-21,49.95000076,50.59999847,49.75999832,50.33000183,44.81449127,20448300
2021-10-22,50.54000092,51.11999893,50.49000168,50.65999985,45.10831451,21517200
2021-10-25,50.88999939,51.11999893,50.52000046,50.61999893,45.07268906,19330300
2021-10-26,50.72999954,51.09999847,50.36000061,50.63000107,45.08160019,18196300
2021-10-27,50.25999832,50.99000168,49.95000076,50.04999924,44.56517029,21988300
2021-10-28,50.38000107,51.40000153,50.34999847,51.36000061,45.7315979,26785500
2021-10-29,51.25,51.63999939,51.02000046,51.15999985,45.55351639,19788500
2021-11-01,51.56000137,52.0,51.27000046,51.70999908,46.04325485,18699000
2021-11-02,51.54000092,51.72000122,51.22000122,51.29999924,45.67818069,21672500
2021-11-03,51.04000092,52.56999969,51.02000046,52.0,46.3014679,24225700
2021-11-04,51.54999924,51.70000076,49.90999985,50.61999893,45.2467308,32005700
2021-11-05,51.0,51.61000061,50.40000153,50.43999863,45.08583069,23443200
2021-11-08,50.54999924,51.36999893,50.54999924,50.86999893,45.47018814,19509500
2021-11-09,50.5,50.56000137,49.20999908,49.88999939,44.59421921,28324800
2021-11-10,49.74000168,50.77000046,49.68000031,50.36000061,45.01433182,19827800
2021-11-11,50.41999817,50.90999985,50.22000122,50.59000015,45.21990967,16069700
2021-11-12,50.68000031,51.0,50.36999893,50.95999908,45.55064011,17124700
2021-11-15,51.18999863,51.70000076,50.97999954,51.08000183,45.65789795,20110200
2021-11-16,51.11000061,51.18000031,50.16999817,50.36999893,45.02326584,19244900
2021-11-17,50.41999817,50.68999863,49.52999878,49.84000015,44.54952621,17802700
2021-11-18,49.63000107,50.18000031,49.27000046,49.90000153,44.60315704,19198200
2021-11-19,49.0,49.24000168,47.77000046,48.81999969,43.63780212,30548400
2021-11-22,50.63000107,51.11000061,49.72999954,50.34000015,44.99643707,28549400
2021-11-23,50.70999908,51.74000168,50.70000076,51.40000153,45.94392776,28024400
2021-11-24,51.50999832,51.74000168,51.18000031,51.31000137,45.86349106,18901900
2021-11-26,49.09999847,49.09999847,47.68999863,48.43000031,43.28918839,29919300
2021-11-29,49.66999817,49.77000046,48.31000137,49.15999985,43.94169998,27677000
2021-11-30,48.11000061,48.50999832,47.31999969,47.77999878,42.70818329,40671700
2021-12-01,48.68999863,49.45000076,47.18000031,47.20999908,42.19869995,29365100
2021-12-02,47.72999954,49.40000153,47.50999832,48.90999985,43.71824265,29184900
2021-12-03,49.25999832,49.25999832,47.36999893,47.75,42.68136978,29221900
2021-12-06,48.97999954,49.90000153,48.70999908,48.81000137,43.62885284,31650100
2021-12-07,49.45999908,50.52000046,49.34000015,50.25,44.91600037,28370200
2021-12-08,50.18000031,50.31000137,49.31999969,49.40999985,44.16516495,19990300
2021-12-09,49.02000046,50.02999878,48.74000168,49.68999863,44.41543961,16927200
2021-12-10,50.29000092,50.59999847,49.58000183,50.20000076,44.87131119,20040900
2021-12-13,49.90000153,49.95999908,48.43000031,48.56000137,43.40538406,19598900
2021-12-14,48.61000061,49.49000168,48.59999847,48.88999939,43.70036697,17602900
2021-12-15,49.02000046,49.27000046,48.13000107,48.93999863,43.74505615,20284300
2021-12-16,49.72000122,50.81999969,49.31000137,50.29999924,44.96069336,32781100
2021-12-17,49.70000076,49.72999954,47.86999893,47.95000076,42.86014175,74833400
2021-12-20,47.06000137,47.16999817,46.25,46.84999847,41.87689972,29134900
2021-12-21,47.59000015,48.13999939,47.34000015,47.81000137,42.73500443,21249400
2021-12-22,47.74000168,48.31999969,47.61999893,48.02999878,42.93165207,15688000
2021-12-23,48.40000153,48.93000031,48.22000122,48.36000061,43.22662735,16025600
2021-12-27,48.54999924,48.81999969,48.08000183,48.77000046,43.59310913,11900400
2021-12-28,48.56000137,49.18999863,48.36000061,48.41999817,43.28025055,14320500
2021-12-29,48.59999847,48.86000061,48.36999893,48.45000076,43.30707169,14390700
2021-12-30,48.49000168,48.90999985,48.04000092,48.09999847,42.99421692,13701300
2021-12-31,48.02999878,48.36000061,47.84000015,47.97999954,42.88696289,12649300
2022-01-03,48.93000031,50.81000137,48.91999817,50.72999954,45.34505463,38978100
2022-01-04,51.58000183,53.15000153,51.52000046,52.75,47.15062332,43855100
2022-01-05,52.91999817,53.13999939,52.0,52.29000092,46.73945618,35072600
2022-01-06,53.15000153,53.66999817,52.65999985,53.63000107,47.93722153,29720800
2022-01-07,53.86000061,55.18999863,53.79999924,54.77000046,48.95621109,35149300
2022-01-10,55.5,56.06000137,54.47999954,55.34999847,49.47464371,34733500
2022-01-11,55.56000137,56.13000107,55.22999954,56.06000137,50.10927963,25073700
2022-01-12,56.40999985,56.70999908,55.75999832,56.40000153,50.4131813,34159400
2022-01-13,56.59999847,57.18000031,55.75999832,56.0,50.05563736,34037300
2022-01-14,56.84999847,58.86999893,56.38999939,58.06000137,51.89697647,56739600
2022-01-18,57.72000122,58.11000061,56.50999832,56.68999863,50.67238617,41689600
2022-01-19,57.11000061,57.68000031,55.47000122,55.56999969,49.67128372,34970200
2022-01-20,55.72000122,56.38000107,54.90999985,55.0,49.16179657,26972800
2022-01-21,54.5,55.0,53.13000107,53.66999817,47.97297668,38357600
2022-01-24,52.72999954,53.49000168,51.18000031,53.31999969,47.66012955,48451400
2022-01-25,52.66999817,53.72999954,51.54999924,53.59000015,47.90145874,40858700
2022-01-26,53.90999985,54.91999817,53.43000031,54.13999939,48.39308167,39687100
2022-01-27,54.59999847,55.50999832,53.22999954,53.75999832,48.05341721,34209200
2022-01-28,53.61000061,54.22000122,52.77000046,54.18999863,48.43777084,35519700
2022-01-31,53.81999969,54.04999924,53.02999878,53.79999924,48.08916473,34657500
2022-02-01,54.72000122,55.81000137,53.99000168,55.59999847,49.69810104,35870200
2022-02-02,55.27000046,56.04999924,54.95999908,55.93000031,49.99307251,29037100
2022-02-03,55.84000015,56.29000092,54.72999954,55.16999817,49.53516388,25227400
2022-02-04,56.04000092,57.04000092,55.47000122,56.33000183,50.57668686,33622100
2022-02-07,56.40999985,57.88999939,55.90999985,57.33000183,51.47455978,37480100
2022-02-08,58.0,58.97999954,57.79999924,58.75,52.74951935,39099600
2022-02-09,58.70000076,59.38000107,58.34000015,59.06000137,53.02785492,25883100
2022-02-10,59.54999924,60.29999924,58.79999924,59.04999924,53.01887894,36092000
2022-02-11,58.52000046,60.24000168,57.90999985,58.31000137,52.35445786,38650500
2022-02-14,58.50999832,58.65000153,57.18000031,57.84999847,51.94142914,32680500
2022-02-15,59.11999893,59.31999969,58.09000015,58.38000107,52.41730881,18224600
2022-02-16,57.90999985,58.88000107,57.54999924,58.13999939,52.20181656,22057200
2022-02-17,57.15000153,57.52999878,55.75999832,56.15000153,50.41506958,24946500
2022-02-18,56.15000153,56.72000122,55.36999893,55.63000107,49.94818497,22137900
2022-02-22,55.56999969,56.11999893,54.70000076,55.27999878,49.63393021,26887800
2022-02-23,55.84999847,56.02000046,53.75999832,53.95000076,48.43976593,21860700
2022-02-24,51.75999832,52.83000183,50.68000031,52.70999908,47.3264122,40917600
2022-02-25,53.16999817,54.43999863,53.09000015,54.11000061,48.58342743,27493500
2022-02-28,52.63000107,53.40000153,52.20999908,53.36999893,47.91900253,31094800
2022-03-01,52.43999863,52.72000122,50.00999832,50.29000092,45.15358734,54135500
2022-03-02,51.31999969,52.81999969,51.0,52.22000122,46.88646698,34894300
2022-03-03,52.34999847,52.56000137,50.93999863,51.24000168,46.00655746,24159700
2022-03-04,50.04000092,50.06000137,48.18000031,48.79000092,43.8067894,35871600
2022-03-07,48.58000183,48.58000183,45.77000046,45.81000137,41.13115311,56332500
2022-03-08,46.68000031,48.20000076,46.34999847,46.45999908,41.71477127,60018100
2022-03-09,48.79000092,49.75,48.34999847,49.15999985,44.13899994,34560200
2022-03-10,48.25999832,49.56999969,47.84999847,49.00999832,44.00431824,26178800
2022-03-11,49.66999817,50.0,48.43000031,48.47000122,43.51948166,23707100
2022-03-14,49.65999985,50.38000107,49.29999924,49.86000061,44.76749802,28166600
2022-03-15,50.15999985,50.63000107,49.33000183,50.11000061,44.99197006,25080600
2022-03-16,51.04999924,52.22000122,50.72999954,51.59999847,46.32979202,34672800
2022-03-17,51.02000046,51.49000168,50.22999954,51.47999954,46.2220459,29930300
2022-03-18,50.84999847,51.54000092,50.04000092,51.41999817,46.16817093,60963400
2022-03-21,51.65999985,51.79999924,50.61000061,51.13999939,45.91676712,23411500
2022-03-22,52.40999985,54.20000076,52.29999924,53.38999939,47.93696213,28625600
2022-03-23,52.75999832,53.04999924,51.09999847,51.11999893,45.89880753,27988700
2022-03-24,51.70999908,51.81999969,50.90999985,51.33000183,46.0873642,19677800
2022-03-25,51.47000122,52.59000015,51.40999985,52.56000137,47.19173431,19130900
2022-03-28,52.02999878,52.11000061,50.77999878,51.81000137,46.51833344,24115400
2022-03-29,53.06000137,53.29999924,51.52000046,51.59999847,46.32979202,20915000
2022-03-30,51.52999878,51.68000031,49.79000092,50.11000061,44.99197006,30913800
2022-03-31,49.75,50.43000031,48.43000031,48.45999908,43.51049423,31238500
2022-04-01,49.25,49.47000122,47.83000183,48.70999908,43.73496246,29989900
2022-04-04,48.45000076,48.65999985,47.61000061,48.45999908,43.51049423,23778300
2022-04-05,47.90999985,48.90000153,47.77000046,48.11999893,43.20521545,21757300
2022-04-06,47.68999863,48.08000183,47.40000153,47.88999939,42.99870682,26001200
2022-04-07,48.15999985,48.29999924,46.58000183,47.74000168,42.86403656,29486500
2022-04-08,48.0,48.88999939,47.93000031,48.72999954,43.75291061,23659800
2022-04-11,48.93999863,50.18999863,48.91999817,49.33000183,44.29163742,27041000
2022-04-12,49.68000031,49.90000153,48.0,48.41999817,43.47457504,25791900
2022-04-13,47.54000092,48.61999893,47.45000076,48.54000092,43.58232498,20645300
2022-04-14,45.88999939,47.81999969,45.02999878,46.34999847,41.61600113,65583200
2022-04-18,46.22000122,47.58000183,46.15000153,47.16999817,42.35224915,26120900
2022-04-19,47.38999939,48.18999863,47.33000183,47.83000183,42.94484329,19753300
2022-04-20,48.47999954,49.36999893,48.31999969,48.65000153,43.68108749,25893000
2022-04-21,49.15000153,49.49000168,47.59999847,47.77999878,42.89994431,19027600
2022-04-22,47.68999863,47.91999817,46.25999832,46.34000015,41.60702515,21676800
2022-04-25,45.75999832,45.97000122,44.52999878,45.83000183,41.14911652,30045500
2022-04-26,45.15999985,46.0,44.56000137,44.58000183,40.02678299,21527400
2022-04-27,44.40999985,45.18999863,44.13999939,44.58000183,40.02678299,19520900
2022-04-28,45.04000092,45.31000137,44.31000137,45.16999817,40.55651855,17431000
2022-04-29,45.04000092,45.40000153,43.50999832,43.63000107,39.17381287,27149400
2022-05-02,43.86999893,44.04000092,42.61000061,43.66999817,39.2097168,25009300
2022-05-03,43.90000153,44.63999939,43.65999985,44.15999985,39.64968491,21545300
2022-05-04,44.31000137,46.13000107,44.18000031,45.97999954,41.2837944,29468000
2022-05-05,45.0,45.06000137,43.45000076,44.75999832,40.40810013,29978600
2022-05-06,44.61000061,44.88000107,43.52000046,44.54999924,40.21851349,27035300
2022-05-09,43.97000122,44.54000092,43.22999954,43.95999908,39.68588257,27132700
2022-05-10,44.38999939,44.70999908,42.18999863,43.08000183,38.89144897,25276100
2022-05-11,43.11000061,44.50999832,42.49000168,42.56999969,38.43102264,25291600
2022-05-12,42.22999954,42.40999985,40.91999817,41.81000137,37.74492645,30171700
2022-05-13,42.45000076,43.18999863,42.27999878,42.63999939,38.49422073,21253200
2022-05-16,42.40000153,42.66999817,41.70000076,42.20999908,38.10602951,16837400
2022-05-17,42.99000168,43.81999969,42.95999908,43.70999908,39.46018982,23340500
2022-05-18,43.29000092,43.31000137,41.88999939,42.11000061,38.0157547,27351300
2022-05-19,41.70000076,42.31000137,41.56999969,42.0,37.91644669,25211900
2022-05-20,42.50999832,42.79000092,40.74000168,41.66999817,37.61852646,35410400
2022-05-23,42.72999954,44.31999969,42.72999954,43.81999969,39.5594902,27979100
2022-05-24,43.68999863,43.77000046,42.63999939,43.29000092,39.08102798,23996000
2022-05-25,43.09000015,44.45999908,43.02999878,44.11999893,39.83032227,22343900
2022-05-26,44.83000183,45.75999832,44.75,45.59999847,41.16642761,23502500
2022-05-27,45.70000076,46.04999924,45.45000076,45.88999939,41.42824173,19482600
2022-05-31,45.34000015,46.27000046,45.0,45.77000046,41.3198967,40727400
2022-06-01,45.95999908,46.06999969,44.40000153,45.15999985,40.76920319,20417900
2022-06-02,45.11999893,45.43000031,44.50999832,45.33000183,40.92267609,14633300
2022-06-03,44.83000183,45.33000183,44.61000061,44.81999969,40.4622612,12572400
2022-06-06,45.34000015,45.88999939,44.95999908,45.11999893,40.73309708,11867200
2022-06-07,44.75999832,45.54000092,44.63000107,45.47000122,41.04906845,13281600
2022-06-08,44.88000107,45.06999969,44.22999954,44.63000107,40.2907486,12364400
2022-06-09,44.58000183,44.63000107,42.63999939,42.66999817,38.52131271,20142400
2022-06-10,41.02999878,41.43999863,40.02000046,40.08000183,36.18312836,27619300
2022-06-13,38.97999954,39.68000031,38.77000046,38.99000168,35.19911194,27553800
2022-06-14,38.77000046,39.29999924,37.00999832,37.43000031,33.79077911,36817600
2022-06-15,38.0,38.65999985,37.33000183,38.16999817,34.45882416,31358100
2022-06-16,37.36000061,37.72999954,36.54000092,37.65000153,33.9893837,37991500
2022-06-17,37.83000183,38.97000122,37.5,38.47999954,34.73868942,59114300
2022-06-21,39.86000061,39.93999863,38.86999893,38.99000168,35.19911194,24884700
2022-06-22,38.38999939,39.06999969,38.31000137,38.59999847,34.8470192,18631700
2022-06-23,38.06000137,38.36000061,37.15000153,37.90000153,34.21508789,23143800
2022-06-24,38.68000031,41.09999847,38.50999832,40.75999832,36.79701233,39407700
2022-06-27,40.84000015,40.99000168,39.90000153,40.24000168,36.32756424,16996800
2022-06-28,40.97000122,41.56000137,40.08000183,40.18000031,36.27340698,18136600
2022-06-29,40.27000046,40.52999878,39.54999924,39.70999908,35.84909058,15778700
2022-06-30,39.06999969,39.70999908,38.27999878,39.16999817,35.3616066,20425700
2022-07-01,38.72000122,40.08000183,38.45999908,39.91999817,36.0386734,15333900
2022-07-05,39.0,40.11999893,38.50999832,40.09999847,36.20119095,19144500
2022-07-06,39.61000061,40.02999878,38.91999817,39.5,35.65951538,17014100
2022-07-07,40.20999908,40.49000168,39.72999954,40.11999893,36.21923065,21060400
2022-07-08,40.29999924,40.70000076,39.86000061,40.18000031,36.27340698,14437500
2022-07-11,39.66999817,40.00999832,39.24000168,39.79000092,35.92132187,13111600
2022-07-12,39.08000183,40.47000122,39.00999832,39.59999847,35.74979401,15127300
2022-07-13,39.08000183,39.34999847,38.40999985,39.06999969,35.27131653,14116800
2022-07-14,38.09000015,38.75,37.43000031,38.74000168,34.97341156,24355300
2022-07-15,39.40000153,41.81000137,39.22999954,41.13000107,37.13103867,40328300
2022-07-18,41.93000031,42.79000092,41.02000046,41.18999863,37.18520355,17991300
2022-07-19,41.88000107,43.06999969,41.75,42.90000153,38.72894669,25724200
2022-07-20,42.54000092,43.02999878,42.36000061,42.72000122,38.56644821,19111200
2022-07-21,42.47999954,43.36999893,42.27999878,43.27999878,39.0719986,17809000
2022-07-22,43.16999817,43.52999878,42.68999863,43.16999817,38.97268295,15965400
2022-07-25,43.52999878,43.90999985,43.20999908,43.5,39.27061081,20297900
2022-07-26,43.11000061,43.68000031,42.81000137,42.90000153,38.72894669,15446700
2022-07-27,42.97999954,43.97000122,42.68999863,43.70999908,39.46018982,19498400
2022-07-28,43.54999924,43.83000183,42.70999908,43.31999969,39.10811234,14527300
2022-07-29,43.31000137,44.34999847,43.31000137,43.86999893,39.6046257,17512700
2022-08-01,43.43999863,44.15999985,43.15999985,43.54000092,39.30672073,13668300
2022-08-02,43.49000168,43.54000092,42.86000061,42.88000107,38.71088791,17764000
2022-08-03,43.38999939,44.56999969,43.25,43.88999939,39.62269211,17359500
2022-08-04,43.5,43.59999847,42.63999939,42.77000046,38.87732315,15062800
2022-08-05,42.58000183,44.29999924,42.52999878,43.75999832,39.77721786,16021000
2022-08-08,43.97000122,44.18999863,43.13000107,43.18999863,39.25909424,12879700
2022-08-09,43.22000122,43.79000092,42.99000168,43.40000153,39.44998169,10489500
2022-08-10,44.04000092,44.70000076,44.04000092,44.33000183,40.29533386,14037600
2022-08-11,45.0,45.61000061,44.88999939,45.25,41.13160324,14038800
2022-08-12,45.52000046,45.95999908,45.18999863,45.93999863,41.75879669,10706000
2022-08-15,45.40999985,45.81999969,44.90999985,45.75,41.58609772,11070300
2022-08-16,45.58000183,46.31999969,45.34999847,46.06000137,41.86788559,12234100
2022-08-17,45.72000122,46.31000137,45.54999924,46.13999939,41.94060516,13151700
2022-08-18,46.13999939,46.20000076,45.75999832,46.13999939,41.94060516,7885900
2022-08-19,45.90000153,46.02000046,45.04000092,45.34999847,41.22249603,13142900
2022-08-22,44.59999847,44.74000168,44.11999893,44.40999985,40.36805344,12391400
2022-08-23,44.45999908,44.95999908,44.27999878,44.36999893,40.33169937,10475100
2022-08-24,44.33000183,44.70000076,44.02000046,44.63999939,40.57711792,11706700
2022-08-25,44.79000092,45.52000046,44.43000031,45.38999939,41.25886154,11783200
2022-08-26,45.58000183,45.72000122,43.93999863,43.97000122,39.96810913,13405200
2022-08-29,43.79999924,44.31999969,43.58000183,43.91999817,39.92264557,12504900
2022-08-30,44.25999832,44.43999863,43.54999924,44.13999939,40.12263489,14365000
2022-08-31,44.27999878,44.59000015,43.61000061,43.70999908,39.73177338,22609100
2022-09-01,43.65999985,43.74000168,42.79999924,43.70000076,39.72267532,13173000
2022-09-02,44.29999924,44.79999924,43.16999817,43.38000107,39.43180466,13025900
2022-09-06,43.70999908,43.88000107,42.36000061,42.88000107,38.97731018,14708700
2022-09-07,42.54000092,43.90999985,42.25,43.84000015,39.84993362,19475800
2022-09-08,43.61999893,45.25999832,43.34000015,45.22999954,41.11342621,18500300
2022-09-09,45.50999832,45.81000137,45.25,45.33000183,41.20432663,12875500
2022-09-12,45.68000031,46.13999939,45.25999832,45.52999878,41.38611984,12127900
2022-09-13,44.34999847,44.52999878,43.04000092,43.22000122,39.28636551,21124900
2022-09-14,43.25,43.61000061,42.25,43.27999878,39.34090805,15067800
2022-09-15,43.40000153,44.68999863,43.34999847,44.13999939,40.12263489,13173200
2022-09-16,43.70000076,44.06000137,43.33000183,43.93999863,39.94083405,21238800
2022-09-19,43.43000031,44.61000061,43.40999985,44.31999969,40.28625488,11324100
2022-09-20,43.88999939,44.29000092,43.09000015,43.40999985,39.4590683,19503900
2022-09-21,43.65999985,43.81000137,42.24000168,42.27000046,38.42282867,19207100
2022-09-22,42.49000168,42.50999832,41.43999863,41.52000046,37.74109268,15499000
2022-09-23,40.81999969,40.97999954,39.70000076,40.40999985,36.7321167,23316200
2022-09-26,40.13999939,40.54000092,39.34000015,40.00999832,36.3685112,21420000
2022-09-27,40.20999908,40.59000015,39.40999985,40.02999878,36.38669968,17541400
2022-09-28,39.90000153,41.06000137,39.90000153,40.81000137,37.09570313,16033500
2022-09-29,40.15999985,40.68999863,39.77000046,40.5,36.81392288,14811300
2022-09-30,40.63999939,41.13999939,40.18000031,40.22000122,36.55940628,21182200
2022-10-03,41.29000092,41.79999924,40.63999939,41.58000183,37.79562759,16827600
2022-10-04,42.15999985,43.59000015,42.15999985,43.54000092,39.57723618,18601300
2022-10-05,42.83000183,43.54000092,42.56000137,43.31000137,39.36817169,15873400
2022-10-06,42.86999893,43.13999939,42.20999908,42.24000168,38.39556122,15634800
2022-10-07,42.02999878,42.11999893,41.38999939,41.79000092,37.98652267,17186700
2022-10-10,41.93999863,42.11000061,41.15000153,41.45000076,37.67745972,10973700
2022-10-11,41.22000122,41.31999969,40.06000137,40.22999954,36.56849289,19135900
2022-10-12,40.24000168,41.22000122,39.95999908,40.50999832,36.82300949,16469900
2022-10-13,39.75,42.66999817,39.75,42.38000107,38.52282333,23808700
2022-10-14,43.79999924,44.93000031,43.13000107,43.16999817,39.24090576,33954200
2022-10-17,44.65999985,45.18999863,43.88999939,43.95999908,39.95901108,24507000
2022-10-18,45.11000061,45.29999924,43.81999969,44.66999817,40.60439301,24810400
2022-10-19,44.18000031,44.52000046,43.29999924,43.61999893,39.64995956,17876800
2022-10-20,43.68000031,44.43000031,43.5,43.65000153,39.67722702,17572700
2022-10-21,43.63999939,44.88000107,43.56999969,44.83000183,40.74983215,18632800
2022-10-24,44.95000076,45.52999878,44.83000183,45.20000076,41.08615112,16154300
2022-10-25,44.77999878,45.59999847,44.36999893,45.36999893,41.24067688,16362200
2022-10-26,45.65999985,46.20999908,45.47000122,45.70000076,41.54065323,15010800
2022-10-27,46.02000046,46.49000168,45.54999924,45.65000153,41.49520493,14655500
2022-10-28,45.90999985,46.49000168,45.47000122,46.34999847,42.13148499,14990400
2022-10-31,46.13999939,46.52000046,45.97999954,45.99000168,41.80425262,14000000
2022-11-01,46.58000183,47.06000137,46.25999832,46.95000076,42.67688751,22409100
2022-11-02,46.88000107,47.54999924,46.49000168,46.88000107,42.61325836,29246700
2022-11-03,46.20000076,46.20000076,45.40999985,45.54000092,41.66182709,17140100
2022-11-04,46.33000183,46.90999985,45.90000153,46.74000168,42.75963593,27082500
2022-11-07,47.13000107,47.81999969,46.81000137,47.06999969,43.06152344,17713300
2022-11-08,47.25,47.47000122,46.72000122,47.18000031,43.16215897,14842700
2022-11-09,46.79999924,47.0,45.95000076,45.97000122,42.0552063,18318700
2022-11-10,47.02000046,48.11000061,46.93000031,47.95000076,43.86658478,23091900
2022-11-11,48.09999847,48.36000061,47.33000183,47.54999924,43.5006485,18076600
2022-11-14,47.20000076,47.56999969,46.86999893,46.86999893,42.8785553,13929900
2022-11-15,47.38000107,47.50999832,46.24000168,46.70999908,42.73218155,19076000
2022-11-16,46.66999817,46.84999847,46.02999878,46.20999908,42.27476501,14713300
2022-11-17,45.72000122,46.16999817,45.47000122,45.99000168,42.07350159,11350900
2022-11-18,46.72000122,46.77000046,45.97000122,46.5,42.54006958,10515300
2022-11-21,46.38000107,47.09000015,46.38000107,46.84000015,42.85110855,11656800
2022-11-22,47.13000107,47.40000153,46.90999985,47.11000061,43.09812164,11684900
2022-11-23,47.11999893,47.5,46.99000168,47.33000183,43.29938889,10878500
2022-11-25,47.36000061,47.63999939,47.02000046,47.43999863,43.40001297,4913300
2022-11-28,47.11999893,47.75,46.91999817,46.97999954,42.97919083,12492600
2022-11-29,47.18000031,47.65000153,47.04000092,47.56999969,43.5189476,13344900
2022-11-30,47.31999969,47.95000076,46.13999939,47.95000076,43.86658478,26417000
2022-12-01,47.93000031,48.18000031,46.45999908,46.86999893,42.8785553,15980300
2022-12-02,46.38999939,46.52000046,44.88000107,45.93999863,42.02775955,29820400
2022-12-05,45.70000076,45.88000107,43.61999893,43.65999985,39.94192123,32574600
2022-12-06,43.68000031,43.84999847,42.65999985,43.40000153,39.7040596,25961400
2022-12-07,43.09000015,43.34000015,42.43999863,42.45000076,38.83495712,24114900
2022-12-08,42.70999908,42.88999939,42.11000061,42.58000183,38.9539032,17161400
2022-12-09,42.33000183,42.91999817,42.31999969,42.5,38.88070679,16023700
2022-12-12,42.59999847,42.93000031,42.11000061,42.86000061,39.21005249,18428900
2022-12-13,43.88000107,44.08000183,42.11000061,42.61999893,38.99047852,31496000
2022-12-14,42.59000015,43.22999954,41.95000076,42.18000031,38.58795929,22044400
2022-12-15,41.41999817,41.70999908,41.00999832,41.36999893,37.84693146,16766600
2022-12-16,41.02999878,41.45000076,40.84999847,41.18999863,37.68227005,29836200
2022-12-19,41.34000015,41.90999985,41.11000061,41.81999969,38.25860977,17454200
2022-12-20,41.29000092,42.56000137,40.97000122,40.97999954,37.49015045,25415400
2022-12-21,41.36000061,41.63999939,40.91999817,41.11999893,37.61822891,20170800
2022-12-22,40.70999908,40.74000168,40.02000046,40.68000031,37.21569443,17382700
2022-12-23,40.68999863,41.0,40.45000076,40.97999954,37.49015045,10167500
2022-12-27,41.00999832,41.13999939,40.61000061,41.04000092,37.54504395,10297400
2022-12-28,40.93999863,41.38000107,40.86000061,41.11999893,37.61822891,11889400
2022-12-29,41.15000153,41.40000153,41.06000137,41.33000183,37.8103447,11597100
2022-12-30,41.11000061,41.43000031,40.99000168,41.29000092,37.77375412,10021500
2023-01-03,41.61000061,42.13999939,41.45000076,41.79000092,38.23116684,15944300
2023-01-04,42.25999832,43.06000137,42.22999954,42.65000153,39.01793671,18943600
2023-01-05,42.58000183,42.63000107,41.93000031,42.41999817,38.80751801,12380700
2023-01-06,42.59000015,43.0,42.09999847,42.79999924,39.15515137,15247000
2023-01-09,43.11999893,43.13000107,42.15999985,42.38999939,38.78007126,21225600
2023-01-10,42.66999817,42.88000107,42.02000046,42.36000061,38.75263214,18348800
2023-01-11,42.38000107,42.83000183,42.02000046,42.74000168,39.1002655,18272100
2023-01-12,43.04999924,43.54999924,42.79999924,42.83000183,39.18260956,20940400
2023-01-13,41.38000107,44.36000061,40.45999908,44.22000122,40.45423126,41649700
2023-01-17,43.84000015,44.36999893,43.18000031,44.11999893,40.36274338,25473900
2023-01-18,43.95999908,44.61000061,43.29999924,43.38000107,39.68576813,20278000
2023-01-19,42.90999985,43.20000076,42.52000046,42.95000076,39.29238892,18565300
2023-01-20,43.08000183,43.93999863,42.75999832,43.91999817,40.17977905,23237200
2023-01-23,43.93999863,45.18000031,43.86999893,45.02999878,41.19524765,19692000
2023-01-24,44.90999985,45.20000076,44.36999893,44.45000076,40.66464615,13697200
2023-01-25,44.04999924,45.41999817,44.02999878,45.34000015,41.4788475,17285300
2023-01-26,45.52999878,45.90000153,45.15999985,45.81000137,41.90882111,16724600
2023-01-27,45.81000137,46.36999893,45.81000137,46.11999893,42.19242859,18161800
2023-01-30,45.90999985,46.65000153,45.81000137,46.29000092,42.3479538,19427400
2023-01-31,46.31999969,46.88000107,46.06000137,46.86999893,42.8785553,22840400
2023-02-01,46.65999985,47.79999924,46.47000122,47.33000183,43.29938889,21874600
2023-02-02,47.31999969,47.56999969,46.43000031,47.22999954,43.48350906,19058000
2023-02-03,47.0,48.04000092,46.95000076,47.58000183,43.80576324,17346900
2023-02-06,47.25999832,47.75999832,47.15000153,47.68000031,43.89782715,15948900
2023-02-07,47.43999863,48.40999985,47.34999847,48.13000107,44.31212997,21764800
2023-02-08,47.70000076,48.61000061,47.61000061,48.25,44.42260742,18070500
2023-02-09,48.47000122,48.63000107,47.49000168,47.56999969,43.79655075,17362100
2023-02-10,47.40999985,47.70999908,46.97999954,47.50999832,43.7413063,18929000
2023-02-13,47.34000015,48.15000153,47.13000107,48.13000107,44.31212997,16451700
2023-02-14,47.93000031,48.84000015,47.75,48.5,44.65277863,16844400
2023-02-15,47.91999817,48.25999832,47.70000076,47.97000122,44.16482162,12854000
2023-02-16,47.59999847,47.81000137,47.18999863,47.22000122,43.47431564,12631700
2023-02-17,47.09000015,47.56999969,47.02000046,47.49000168,43.72289658,13463800
2023-02-21,47.06999969,47.06999969,45.97000122,46.24000168,42.57204819,13652700
2023-02-22,45.95000076,46.22999954,45.68999863,46.00999832,42.36029816,13402900
2023-02-23,46.11999893,46.43999863,45.79000092,46.25,42.58126068,14783600
2023-02-24,45.84000015,46.75999832,45.70000076,46.61999893,42.92190552,16040300
2023-02-27,46.93999863,47.43000031,46.72000122,46.77999878,43.06921387,15468200
2023-02-28,46.66999817,47.02999878,46.54000092,46.77000046,43.06000519,18627200
2023-03-01,46.5,46.91999817,46.25,46.68000031,42.97714615,13382200
2023-03-02,46.45999908,46.61999893,45.38000107,45.79999924,42.16695404,19115000
2023-03-03,46.02000046,46.97999954,45.90999985,46.84999847,43.13365555,14947200
2023-03-06,46.88000107,47.18000031,46.50999832,46.63000107,42.93111801,14236000
2023-03-07,46.18999863,46.27000046,44.11999893,44.45000076,40.92404175,24056800
2023-03-08,44.25999832,44.56000137,43.59999847,43.84000015,40.36242676,14852000
2023-03-09,43.43999863,43.52999878,40.83000183,41.13000107,37.86740112,33599800
2023-03-10,40.58000183,42.36000061,39.72999954,41.36000061,38.07915115,55435400
2023-03-13,39.79999924,40.54999924,38.20999908,38.40999985,35.36315536,78806900
2023-03-14,41.5,41.59999847,39.36999893,40.16999817,36.98353958,52855100
2023-03-15,38.29999924,38.97999954,38.08000183,38.84999847,35.76825714,47324600
2023-03-16,38.63000107,40.06000137,38.15000153,39.29999924,36.18256378,40388800
2023-03-17,38.75999832,38.75999832,37.52999878,37.75999832,34.76472092,47403800
2023-03-20,38.11999893,38.45000076,37.45000076,37.47999954,34.5069313,34283700
2023-03-21,38.59999847,38.95999908,38.36000061,38.47999954,35.42760849,34664700
2023-03-22,38.70999908,38.70999908,37.18999863,37.20000076,34.24914169,22994400
2023-03-23,37.49000168,37.63999939,36.50999832,36.61000061,33.70594406,30239900
2023-03-24,36.0,36.47999954,35.25,36.22999954,33.35608292,35694800
2023-03-27,37.02000046,37.68999863,36.95999908,37.47000122,34.49772263,27454600
2023-03-28,37.36000061,37.59000015,36.86999893,37.18000031,34.23072433,15270000
2023-03-29,37.59999847,38.00999832,37.29999924,37.97000122,34.9580574,20789100
2023-03-30,38.29999924,38.5,37.16999817,37.38000107,34.41485977,22340400
2023-03-31,37.72999954,37.95000076,37.31000137,37.38000107,34.41485977,30287900
2023-04-03,37.52000046,38.15999985,37.40000153,37.72000122,34.72789764,21541000
2023-04-04,37.70000076,37.79999924,36.38999939,36.81000137,33.8900795,21942700
2023-04-05,36.5,37.00999832,36.27000046,36.88999939,33.96372986,15486900
2023-04-06,37.11000061,38.09999847,37.06000137,37.90000153,34.89361191,23484900
2023-04-10,37.70000076,38.70999908,37.61000061,38.63000107,35.56571198,27005800
2023-04-11,38.77000046,39.54000092,38.70999908,39.36999893,36.24700546,25116100
2023-04-12,39.41999817,39.84999847,38.88999939,39.18999863,36.08127975,20252900
2023-04-13,39.31999969,39.68000031,39.04000092,39.65999985,36.51399994,22397800
2023-04-14,39.75,40.50999832,39.11999893,39.63999939,36.4955864,40963100
2023-04-17,39.83000183,41.29999924,39.56000137,41.29999924,38.02390671,31445100
2023-04-18,41.20999908,42.06000137,41.13999939,41.86999893,38.54869843,27892300
2023-04-19,41.97000122,42.40999985,41.79000092,42.24000168,38.88934708,23310500
2023-04-20,41.86999893,42.04999924,41.45000076,41.66999817,38.3645668,19265500
2023-04-21,41.20999908,41.40000153,40.20999908,41.24000168,37.96866989,23975300
2023-04-24,41.13000107,41.59999847,41.04000092,41.45000076,38.16201019,17327800
2023-04-25,40.70000076,41.06000137,40.38999939,40.54999924,37.33340073,20728000
2023-04-26,40.24000168,40.45000076,39.24000168,39.45999908,36.32986832,26915600
2023-04-27,39.52999878,39.77999878,39.31999969,39.65999985,36.51399994,21695800
2023-04-28,39.25,39.91999817,38.95999908,39.75,36.59685898,20193000
2023-05-01,40.49000168,41.18000031,40.18999863,40.38999939,37.18610001,26564300
2023-05-02,40.00999832,40.00999832,38.31999969,38.84000015,35.75905228,36239500
2023-05-03,39.02999878,39.66999817,38.61000061,38.65000153,35.58411789,25202700
2023-05-04,37.68000031,38.08000183,36.40000153,36.72000122,34.07168198,53247000
2023-05-05,37.45999908,38.27999878,37.33000183,37.93999863,35.20368958,27039700
2023-05-08,38.43000031,38.77999878,38.15000153,38.38000107,35.61196518,22735400
2023-05-09,37.93999863,38.66999817,37.77000046,38.54000092,35.76042175,18999100
2023-05-10,39.20000076,39.22999954,37.90000153,38.27999878,35.51916504,17941600
2023-05-11,37.75999832,38.47999954,37.40999985,38.33000183,35.56556702,18536200
2023-05-12,38.45999908,38.52999878,37.18000031,37.49000168,34.78614807,17658600
2023-05-15,37.59999847,39.09999847,37.45999908,38.77000046,35.97382736,24405800
2023-05-16,38.68000031,38.77000046,38.31999969,38.38999939,35.62123108,21821200
2023-05-17,38.99000168,40.61000061,38.88999939,40.45999908,37.54194641,29241600
2023-05-18,40.31999969,40.31999969,39.56999969,40.20999908,37.30997086,27213900
2023-05-19,40.33000183,40.45999908,39.61999893,40.02999878,37.14295959,19774900
2023-05-22,40.20000076,41.22999954,40.09999847,40.97999954,38.02444077,27519400
2023-05-23,41.00999832,42.11999893,40.97999954,41.20999908,38.23784637,26116600
2023-05-24,40.88999939,41.29000092,40.68000031,40.86999893,37.92237091,21193700
2023-05-25,40.61999893,41.29000092,40.52000046,40.90000153,37.95021439,17691800
2023-05-26,40.90000153,41.52000046,40.75999832,41.22999954,38.25640869,17399400
2023-05-30,41.24000168,41.41999817,40.34000015,40.97999954,38.02444077,14752600
2023-05-31,40.29000092,40.47000122,39.29999924,39.81000137,36.93881607,27221100
2023-06-01,40.20999908,40.52999878,39.68000031,40.06000137,37.17079163,17079400
2023-06-02,40.61999893,41.54999924,40.38000107,41.24000168,38.26568985,16906100
2023-06-05,41.15999985,41.15999985,40.43999863,40.45000076,37.53266525,18443900
2023-06-06,40.40000153,41.61999893,40.25999832,41.25999832,38.28424835,18825100
2023-06-07,41.45000076,42.13999939,40.99000168,42.06999969,39.03582001,17781800
2023-06-08,41.70000076,42.40000153,41.56000137,42.36999893,39.31418991,17157300
2023-06-09,42.33000183,42.47000122,42.02999878,42.13000107,39.09149933,11098900
2023-06-12,42.11000061,42.75999832,41.40999985,41.83000183,38.81312943,19433400
2023-06-13,41.68000031,43.34000015,41.52999878,42.65000153,39.57400131,18864000
2023-06-14,42.75,42.99000168,41.99000168,42.08000183,39.04510498,14826100
2023-06-15,41.81999969,42.41999817,41.61999893,42.36000061,39.30491257,14188200
2023-06-16,42.58000183,42.74000168,42.06000137,42.18000031,39.13789749,36422100
2023-06-20,42.11999893,42.13999939,41.34000015,41.88999939,38.86880493,16679600
2023-06-21,41.84999847,41.95999908,41.52999878,41.65000153,38.64611435,11686500
2023-06-22,41.54999924,41.63000107,40.91999817,41.06000137,38.09867477,11504400
2023-06-23,40.52999878,40.74000168,40.29999924,40.61000061,37.68111801,18952000
2023-06-26,40.77999878,41.22000122,40.45999908,40.59000015,37.66256332,13618500
2023-06-27,40.61999893,41.06000137,40.34000015,40.90999985,37.95948029,11749600
2023-06-28,40.91999817,40.93999863,40.38000107,40.61999893,37.69040298,13959600
2023-06-29,41.47999954,42.50999832,41.36999893,42.45000076,39.38841629,23956300
2023-06-30,42.95000076,43.22000122,42.61999893,42.68000031,39.60182571,20062200
2023-07-03,42.88000107,43.59999847,42.74000168,43.40000153,40.26990509,9249100
2023-07-05,43.22999954,43.61999893,42.77000046,43.47999954,40.34413147,15722200
2023-07-06,43.22000122,43.31000137,42.24000168,42.88999939,39.79668045,14978600
2023-07-07,42.59000015,43.43000031,42.59000015,42.77000046,39.6853447,13506500
2023-07-10,42.70999908,42.99000168,42.27999878,42.31999969,39.26778793,16675800
2023-07-11,42.34999847,42.93000031,42.06999969,42.74000168,39.65750504,15401100
2023-07-12,43.31000137,43.84999847,43.00999832,43.25999832,40.13999939,13998300
2023-07-13,43.47000122,43.75999832,43.29999924,43.70999908,40.55754471,18034800
2023-07-14,44.75,45.31000137,43.29999924,43.56000137,40.41836548,30897600
2023-07-17,43.56000137,45.13000107,43.54999924,44.74000168,41.5132637,25173900
2023-07-18,44.77000046,45.70000076,44.59999847,45.59999847,42.31122971,24183200
2023-07-19,45.93000031,46.56999969,45.54000092,46.25999832,42.92363358,18932700
2023-07-20,46.36999893,47.24000168,46.20999908,47.13000107,43.73088837,18927200
2023-07-21,47.18000031,47.20999908,45.95000076,45.95999908,42.6452713,16215400
2023-07-24,45.97000122,46.83000183,45.95999908,46.41999817,43.07208633,12053200
2023-07-25,46.38999939,46.63999939,45.43000031,45.47999954,42.19989014,13537400
2023-07-26,46.47999954,46.83000183,46.11000061,46.43999863,43.09064865,19520900
2023-07-27,46.56000137,47.16999817,45.58000183,45.77000046,42.46897888,19509600
2023-07-28,46.04999924,46.22999954,45.56999969,46.13999939,42.81229019,12616400
2023-07-31,46.34000015,46.68000031,45.86000061,46.15999985,42.83085632,11696600
2023-08-01,46.00999832,46.15999985,45.34000015,45.70999908,42.41329575,12699200
2023-08-02,45.09999847,45.16999817,44.56000137,45.09999847,41.84729385,13911700
2023-08-03,44.70999908,45.38999939,44.50999832,45.15000153,42.22134781,12145400
2023-08-04,45.09999847,45.70000076,44.70999908,44.84999847,41.94080734,10840800
2023-08-07,45.18000031,45.45999908,44.91999817,45.06000137,42.13719177,10860300
2023-08-08,43.97999954,44.54999924,43.38000107,44.47999954,41.59480667,14520000
2023-08-09,44.22000122,44.25,43.56999969,43.72000122,40.88410568,11973800
2023-08-10,44.0,44.38999939,43.61999893,43.66999817,40.83734512,11982200
2023-08-11,43.50999832,43.84999847,43.38000107,43.72999954,40.89345551,7316000
2023-08-14,43.52999878,43.90999985,43.27000046,43.74000168,40.90281296,10677000
2023-08-15,43.13000107,43.25999832,42.52000046,42.72999954,39.95832825,13835900
2023-08-16,42.65999985,42.72999954,42.13999939,42.22000122,39.48140335,10076700
2023-08-17,42.47000122,42.75,42.25999832,42.47000122,39.71519089,12686000
2023-08-18,42.09999847,42.79000092,42.04999924,42.5,39.74324036,10797300
2023-08-21,42.65000153,42.86999893,42.11999893,42.49000168,39.73389816,12600400
2023-08-22,42.45999908,42.56999969,41.43000031,41.5,38.80810928,13634500
2023-08-23,41.56000137,41.63999939,41.22000122,41.61000061,38.91096878,11927400
2023-08-24,41.45000076,42.18000031,41.38999939,41.43000031,38.74264526,10363300
2023-08-25,41.63999939,41.79999924,40.77000046,41.22999954,38.5556221,12534700
2023-08-28,41.40999985,42.06999969,41.29000092,41.88000107,39.16345596,10314500
2023-08-29,41.86999893,42.36999893,41.65000153,42.0,39.27567673,14404800
2023-08-30,42.06000137,42.13000107,41.47000122,41.54000092,38.84551239,12536300
2023-08-31,41.68000031,41.70999908,41.11000061,41.29000092,38.61173248,21534900
2023-09-01,41.54999924,41.99000168,41.50999832,41.65000153,38.9483757,12890300
2023-09-05,41.65000153,42.27999878,41.31000137,41.54000092,38.84551239,14337200
2023-09-06,41.20999908,41.40000153,40.59999847,41.02000046,38.3592453,18775400
2023-09-07,40.72999954,41.02000046,40.29999924,40.43000031,37.80751419,13801000
2023-09-08,40.45000076,41.11999893,40.33000183,41.0,38.34053421,13921200
2023-09-11,41.38000107,41.72000122,41.20999908,41.33000183,38.64913559,15053800
2023-09-12,41.40999985,42.97000122,41.27000046,42.54000092,39.78064728,18393900
2023-09-13,42.70999908,42.88000107,42.11999893,42.25,39.50946045,15274200
2023-09-14,42.81000137,43.38999939,42.70000076,43.04999924,40.25756073,20764500
2023-09-15,42.66999817,43.31000137,42.61000061,42.95000076,40.16405106,47371800
2023-09-18,42.99000168,43.59999847,42.77000046,43.43000031,40.61291122,15849700
2023-09-19,43.54999924,43.74000168,42.90000153,43.22000122,40.41654205,15318100
2023-09-20,43.40000153,43.72000122,42.81999969,42.86999893,40.08923721,16788100
2023-09-21,42.75,43.16999817,42.29000092,42.31999969,39.57491302,14990500
2023-09-22,42.33000183,42.38999939,41.15000153,41.22999954,38.5556221,16780300
2023-09-25,40.88000107,41.61999893,40.77000046,41.56000137,38.86421585,10624000
2023-09-26,41.04999924,41.31000137,40.36000061,40.65000153,38.01325226,15219400
2023-09-27,40.63000107,41.20000076,40.45999908,40.86000061,38.20962143,11815500
2023-09-28,40.84000015,41.20000076,40.72000122,40.90999985,38.25637817,12454600
2023-09-29,41.20000076,41.38999939,40.58000183,40.86000061,38.20962143,13124500
2023-10-02,40.70000076,40.75999832,39.43999863,39.61000061,37.04070282,15102000
2023-10-03,39.38000107,39.47000122,38.47000122,38.66999817,36.1616745,19252900
2023-10-04,38.50999832,39.11000061,38.38999939,38.97000122,36.4422226,14343500
2023-10-05,38.75999832,39.41999817,38.59999847,39.29999924,36.75080872,11820600
2023-10-06,38.88999939,39.88999939,38.75999832,39.68999863,37.11550522,13976800
2023-10-09,39.11000061,39.79999924,39.09999847,39.70000076,37.12486267,12096600
2023-10-10,39.91999817,40.38000107,39.72000122,39.81999969,37.23707962,14429700
2023-10-11,40.00999832,40.20999908,39.25,39.68999863,37.11550522,14835900
2023-10-12,39.68999863,40.00999832,39.31999969,39.74000168,37.16227341,14878100
2023-10-13,40.83000183,41.63999939,40.47000122,40.95999908,38.30313873,28077900
2023-10-16,41.47000122,42.16999817,41.40000153,41.65000153,38.9483757,18419000
2023-10-17,41.43000031,42.36999893,41.43000031,41.97999954,39.25696945,16982300
2023-10-18,41.70000076,41.93999863,41.34999847,41.52999878,38.83615875,16053200
2023-10-19,41.47999954,42.22000122,41.15999985,41.18000031,38.50886154,16120300
2023-10-20,41.04999924,41.09000015,39.93999863,40.27000046,37.65788651,17498900
2023-10-23,40.25999832,40.38000107,39.41999817,39.47999954,36.91913605,13785800
2023-10-24,39.61999893,39.83000183,39.24000168,39.27999878,36.73210144,15097800
2023-10-25,39.06999969,39.20999908,38.58000183,39.02999878,36.49832535,13849000
2023-10-26,39.02000046,39.97999954,38.97999954,39.65000153,37.07811356,15480300
2023-10-27,39.38000107,39.40999985,38.61999893,38.75999832,36.24584579,13582800
2023-10-30,39.09999847,39.59000015,38.68999863,39.43000031,36.87237549,14141900
2023-10-31,39.63999939,39.81000137,39.24000168,39.77000046,37.19032288,11919200
2023-11-01,39.95999908,39.97999954,39.27999878,39.61000061,37.04070282,19850300
2023-11-02,39.74000168,40.54000092,39.38999939,40.50999832,38.22003937,19998500
2023-11-03,41.16999817,41.86000061,41.06999969,41.61999893,39.26729202,16147500
2023-11-06,41.79000092,41.79000092,41.15000153,41.34000015,39.00311661,15148600
2023-11-07,41.18000031,41.20000076,40.74000168,41.04000092,38.72008514,13796900
2023-11-08,41.06999969,41.18999863,40.43000031,40.97999954,38.66347122,19418700
2023-11-09,41.29999924,41.38000107,40.27000046,40.40000153,38.11626434,14006500
2023-11-10,40.63000107,40.95000076,40.36000061,40.88999939,38.57855606,14706600
2023-11-13,40.74000168,41.06000137,40.52999878,40.77000046,38.46533585,12159700
2023-11-14,41.5,42.38000107,41.45999908,42.08000183,39.70129776,20183800
2023-11-15,42.06999969,43.02999878,42.06999969,42.84000015,40.41832733,17268100
2023-11-16,42.81999969,42.95999908,41.99000168,42.52999878,40.12584686,16931200
2023-11-17,42.83000183,42.99000168,42.43999863,42.95999908,40.53154373,13893800
2023-11-20,42.86000061,42.95000076,42.50999832,42.79000092,40.3711586,10369100
2023-11-21,42.63999939,42.72999954,42.15000153,42.59999847,40.19189835,16078400
2023-11-22,42.65999985,42.83000183,42.40000153,42.77999878,40.36172104,11862200
2023-11-24,42.79999924,43.11000061,42.72999954,42.91999817,40.49380493,5287200
2023-11-27,42.63999939,43.02999878,42.52000046,43.02000046,40.58815384,15715000
2023-11-28,42.97000122,43.45000076,42.79000092,43.36999893,40.91836548,15332900
2023-11-29,43.68999863,44.13999939,43.63000107,43.77999878,41.30519485,16746000
2023-11-30,43.81000137,44.75,43.47999954,44.59000015,42.06940842,23247500
2023-12-01,44.50999832,45.24000168,44.38000107,45.02000046,42.47509766,18116100
2023-12-04,44.70999908,45.33000183,44.52000046,45.11999893,42.56944275,13424000
2023-12-05,44.95000076,44.97000122,44.40999985,44.49000168,41.97506332,14531700
2023-12-06,44.79999924,45.25,44.43000031,44.5,41.98448944,18923800
2023-12-07,44.79000092,45.43999863,44.65000153,45.40000153,42.83362198,18787800
2023-12-08,45.36000061,46.34000015,45.11999893,46.09999847,43.49404907,20238400
2023-12-11,45.90000153,46.22000122,45.56999969,46.0,43.39970398,21116900
2023-12-12,45.93999863,46.75999832,45.81000137,46.47000122,43.84313202,19787100
2023-12-13,46.5,47.77999878,46.34999847,47.75999832,45.06021118,26549100
2023-12-14,48.43999863,50.54999924,48.43999863,50.50999832,47.65475082,41115400
2023-12-15,50.09999847,50.77000046,49.91999817,50.31000137,47.46606445,44099200
2023-12-18,50.40999985,50.47999954,49.52999878,49.65999985,46.85280228,20531700
2023-12-19,49.66999817,50.31999969,49.31000137,50.09000015,47.25849915,20556400
2023-12-20,49.83000183,50.56999969,49.29000092,49.34000015,46.55089569,20481500
2023-12-21,49.61999893,49.83000183,49.13000107,49.45000076,46.65468216,11127700
2023-12-22,49.65999985,49.86000061,49.09000015,49.18000031,46.39994049,10450400
2023-12-26,49.15999985,49.66999817,49.02999878,49.63999939,46.8339386,8856600
2023-12-27,49.40999985,49.56999969,49.15000153,49.33000183,46.54146576,12536700
2023-12-28,49.13999939,49.65000153,49.09000015,49.47999954,46.68297958,9872600
2023-12-29,49.34999847,49.58000183,49.20999908,49.22000122,46.43768692,11733600
2024-01-02,49.04999924,49.75999832,48.81999969,49.33000183,46.54146576,14916000
2024-01-03,49.09000015,49.09000015,48.31999969,48.68000031,45.9282074,21653600
2024-01-04,48.81999969,49.86000061,48.77000046,49.27999878,46.49428558,15917500
2024-01-05,49.40000153,50.47000122,49.29000092,49.91999817,47.0981102,15074800
2024-01-08,49.38000107,49.99000168,49.15000153,49.91999817,47.0981102,15119700
2024-01-09,49.43999863,49.45999908,49.04999924,49.29000092,46.50372314,13625200
2024-01-10,49.0,49.11999893,48.61000061,49.08000183,46.30559158,11849800
2024-01-11,48.88999939,49.08000183,48.34000015,49.04000092,46.26785278,21049200
2024-01-12,47.95000076,48.77999878,47.0,47.40000153,44.72056961,30454100
2024-01-16,46.77000046,47.06000137,46.22000122,46.81999969,44.17335129,25209900
2024-01-17,46.24000168,47.06000137,46.20999908,46.66999817,44.03182983,17445600
2024-01-18,46.54999924,46.61999893,46.11999893,46.43999863,43.81483078,17901300
2024-01-19,46.63000107,48.18000031,46.38000107,48.11999893,45.39985657,25606900
2024-01-22,48.22999954,48.93000031,48.15999985,48.52999878,45.78668213,19372200
2024-01-23,48.65000153,49.22000122,48.40000153,49.11999893,46.3433342,16422100
2024-01-24,49.36999893,50.09000015,49.25,49.49000168,46.69242096,17776000
2024-01-25,49.68000031,49.93999863,49.5,49.88000107,47.0603714,17979600
2024-01-26,49.84000015,50.5,49.77000046,50.31999969,47.47549438,19211100
2024-01-29,50.15999985,50.66999817,49.99000168,50.34999847,47.50379944,16725200
2024-01-30,50.63000107,51.27000046,50.61999893,51.18999863,48.29631805,14736800
2024-01-31,51.00999832,51.43999863,50.15999985,50.18000031,47.34341812,20394400
2024-02-01,49.81999969,49.97000122,47.88000107,48.72999954,46.29830551,27566100
2024-02-02,48.5,49.56999969,48.06000137,49.15999985,46.70684052,19329000
2024-02-05,48.61000061,48.91999817,48.24000168,48.70000076,46.26980591,14202700
2024-02-06,48.52000046,49.11999893,48.00999832,48.29000092,45.88026428,13926600
2024-02-07,48.45000076,48.59999847,47.45000076,48.47999954,46.06077576,15839600
2024-02-08,48.18000031,48.5,48.06000137,48.34999847,45.9372673,10839200
2024-02-09,48.22000122,48.27000046,47.47000122,48.06000137,45.66173553,16594000
2024-02-12,48.0,49.29000092,47.88000107,48.91999817,46.4788208,14101900
2024-02-13,48.40000153,48.70999908,47.59000015,48.24000168,45.83275604,13660100
2024-02-14,48.59999847,48.72000122,47.95999908,48.52999878,46.108284,12683400
2024-02-15,48.72999954,52.45000076,48.61999893,52.04000092,49.44313049,46473600
2024-02-16,51.93999863,52.31999969,51.31999969,51.90999985,49.31961441,24359700
2024-02-20,51.5,52.24000168,51.27000046,51.77000046,49.18661118,19839100
2024-02-21,51.63999939,52.68000031,51.13000107,52.65999985,50.03219223,18562500
2024-02-22,52.83000183,53.90999985,52.75,53.36999893,50.70675659,20467900
2024-02-23,53.52999878,54.02000046,53.41999817,53.86000061,51.17230606,20863500
2024-02-26,53.75,54.56000137,53.68000031,54.13000107,51.42883682,18099900
2024-02-27,54.27999878,54.88999939,54.24000168,54.81000137,52.0749054,19548200
2024-02-28,54.74000168,55.41999817,54.56999969,54.72000122,51.98939514,20045200
2024-02-29,55.04000092,55.70000076,54.93999863,55.59000015,52.81598282,28335600
2024-03-01,55.40000153,55.75,54.90000153,55.06000137,52.31243515,17761000
2024-03-04,54.86999893,56.56000137,54.72999954,55.81000137,53.02500153,19483500
2024-03-05,55.70999908,57.09999847,55.43000031,56.59999847,53.77558136,21786100
2024-03-06,56.81999969,57.38999939,56.27000046,57.11000061,54.26013565,25418600
2024-03-07,57.04999924,57.68000031,56.86999893,57.0,54.15561295,18116300
2024-03-08,57.20999908,57.54000092,56.88000107,57.06999969,54.22212601,17872500
2024-03-11,56.77999878,57.34999847,56.52000046,57.09000015,54.2411232,16622000
2024-03-12,57.25,58.11000061,57.09999847,57.61000061,54.73518372,23622800
2024-03-13,57.61999893,58.43999863,57.61999893,57.81999969,54.93470764,17444900
2024-03-14,57.86999893,58.13000107,57.11999893,57.36999893,54.50714874,24851100
2024-03-15,56.86000061,58.29999924,56.86000061,57.50999832,54.64017487,40782800
2024-03-18,57.59999847,57.83000183,57.11000061,57.77000046,54.88719559,16376500
2024-03-19,57.65000153,57.93999863,56.91999817,57.00999832,54.16512299,14504800
2024-03-20,56.61999893,57.50999832,56.27999878,57.29999924,54.44065094,22841600
2024-03-21,57.59000015,58.11999893,57.45000076,57.84999847,54.96320343,18141700
2024-03-22,57.81000137,58.02000046,57.11999893,57.13000107,54.27913284,13736600
2024-03-25,57.08000183,57.33000183,56.36999893,56.72999954,53.89909363,15028200
2024-03-26,57.13999939,57.15000153,56.59000015,56.68000031,53.85158157,11445900
2024-03-27,56.38000107,57.63999939,56.38000107,57.61000061,54.73518372,13762800
2024-03-28,57.65999985,58.08000183,57.56000137,57.95999908,55.06771088,14619000
2024-04-01,57.88000107,57.88000107,57.25999832,57.61000061,54.73518372,11039500
2024-04-02,57.36000061,58.0,57.18999863,57.34999847,54.48814774,14632900
2024-04-03,57.20000076,57.95999908,56.84999847,57.13000107,54.27913284,13226500
2024-04-04,57.72999954,58.0,56.54000092,56.68000031,53.85158157,12361900
2024-04-05,56.63000107,57.61999893,56.56999969,57.40000153,54.5356636,11081000
2024-04-08,57.38000107,57.97999954,57.31000137,57.79000092,54.90619659,15308800
2024-04-09,57.70000076,57.99000168,56.86999893,57.58000183,54.70667648,10643800
2024-04-10,56.79000092,57.29999924,56.41999817,56.93999863,54.09861374,16475200
2024-04-11,56.97999954,57.0,55.63000107,56.68999863,53.8610878,18995600
2024-04-12,55.97000122,57.0,55.34000015,56.47000122,53.65207291,27876700
2024-04-15,57.61000061,57.97999954,56.74000168,56.97000122,54.12711716,19407500
2024-04-16,56.90000153,56.95999908,55.65999985,56.40999985,53.59506226,25620000
2024-04-17,56.88000107,57.63000107,56.65000153,57.18000031,54.32663727,18867700
2024-04-18,57.63000107,59.13000107,57.22000122,58.74000168,55.8087883,24468500
2024-04-19,59.0,60.84999847,58.86000061,60.34999847,57.33844757,34334300
2024-04-22,60.40000153,61.49000168,60.34000015,61.09999847,58.05101776,21753400
2024-04-23,61.16999817,61.75999832,60.81000137,60.93999863,57.89900589,21731200
2024-04-24,60.59999847,60.95000076,60.04999924,60.59999847,57.57597351,19731600
2024-04-25,60.61000061,60.95999908,59.59999847,59.93000031,56.93940735,24002500
2024-04-26,59.77999878,60.43000031,59.38000107,59.90999985,56.92040634,18785900
2024-04-29,59.86000061,60.29999924,59.36000061,59.79999924,56.81589508,15338400
2024-04-30,59.59999847,59.99000168,59.29999924,59.31999969,56.35984039,18007700
2024-05-01,59.58000183,60.15000153,59.33000183,59.52000046,56.54986572,16365400
2024-05-02,60.11999893,60.15000153,59.31999969,59.83000183,56.84439468,15329500
2024-05-03,60.02999878,60.25999832,59.11999893,59.93999863,56.94890594,17298500
2024-05-06,60.47000122,60.88000107,59.84000015,60.18999863,57.18642807,16240100
2024-05-07,60.27999878,60.61000061,60.06000137,60.25999832,57.25293732,16268200
2024-05-08,60.15000153,61.43000031,60.09999847,61.22999954,58.17453384,18718400
2024-05-09,60.74000168,61.36999893,60.47999954,61.27999878,58.55675888,14224300
2024-05-10,61.45999908,61.97000122,61.45999908,61.88999939,59.13964844,14428200
2024-05-13,61.95999908,62.16999817,61.20999908,61.25999832,58.53765106,15203500
2024-05-14,61.56000137,61.99000168,61.02000046,61.88999939,59.13964844,14499600
2024-05-15,62.20000076,62.54999924,61.86999893,62.34000015,59.56965256,17489600
2024-05-16,62.45000076,62.47999954,60.97000122,61.06000137,58.34653854,21104100
2024-05-17,61.40999985,61.63000107,60.88999939,61.08000183,58.36564255,15795800
2024-05-20,60.97999954,61.79000092,60.59000015,60.70000076,58.00253296,15029000
2024-05-21,60.81999969,61.70000076,60.77999878,61.45999908,58.72875595,18422100
2024-05-22,61.29999924,61.45000076,60.50999832,60.93000031,58.22231293,10340500
2024-05-23,60.75,60.77999878,59.36000061,59.68000031,57.02786636,13056100
2024-05-24,60.04000092,60.38999939,59.86999893,60.20999908,57.5343132,9913000
2024-05-28,59.97000122,60.18000031,59.18999863,59.47999954,56.83675003,11276300
2024-05-29,58.86999893,58.93999863,58.41999817,58.75,56.13919067,12835000
2024-05-30,58.81999969,59.38999939,58.59999847,59.20999908,56.57874298,13580800
2024-05-31,59.27000046,59.99000168,58.97000122,59.91999817,57.25719452,25386600
2024-06-03,60.20000076,60.20000076,58.59999847,59.34000015,56.70297241,13206500
2024-06-04,58.81999969,59.47999954,58.34000015,58.70000076,56.09141922,12520700
2024-06-05,58.86000061,58.91999817,58.13000107,58.68000031,56.07229996,11199100
2024-06-06,58.77999878,59.0,57.5,57.72999954,55.16452026,18587400
2024-06-07,57.56999969,58.68000031,57.56999969,58.36000061,55.76652145,14466700
2024-06-10,57.90000153,58.13000107,57.36999893,57.93000031,55.35563278,12787500
2024-06-11,57.75,57.75,56.50999832,57.13000107,54.59118652,19197800
2024-06-12,58.27999878,58.45000076,57.15999985,57.29999924,54.75362778,16929800
2024-06-13,57.45000076,57.61999893,56.68999863,57.27000046,54.72496796,15963700
2024-06-14,56.99000168,57.61000061,56.61999893,57.40000153,54.84918594,15375400
2024-06-17,57.20999908,58.25,57.06999969,58.24000168,55.65185165,18361100
2024-06-18,58.20999908,59.04999924,57.90000153,59.04999924,56.42586136,15547400
2024-06-20,58.74000168,59.20000076,58.59000015,58.95999908,56.33985901,11985500
2024-06-21,58.29999924,58.45999908,57.31999969,58.09999847,55.51807404,62732600
2024-06-24,58.49000168,59.45999908,58.27000046,59.00999832,56.38763809,16198300
2024-06-25,58.77000046,59.0,57.18000031,57.20000076,54.65807724,26726900
2024-06-26,57.22000122,57.79999924,56.83000183,57.00999832,54.47651672,30425700
2024-06-27,56.40999985,57.47000122,56.33000183,57.41999817,54.86828995,13832200
2024-06-28,58.09000015,59.45000076,58.09000015,59.38999939,56.7507515,31074500
2024-07-01,59.61000061,60.61000061,59.56999969,60.59000015,57.89741898,14470200
2024-07-02,60.49000168,61.18000031,60.13999939,60.97000122,58.26053619,9543700
2024-07-03,61.0,61.13999939,60.15999985,60.65999985,57.96431351,6698800
2024-07-05,60.5,60.65999985,59.11000061,59.61999893,56.97052765,11436300
2024-07-08,59.97000122,60.40999985,58.65999985,59.00999832,56.38763809,12480000
2024-07-09,59.08000183,60.41999817,58.91999817,59.88000107,57.21897507,12233800
2024-07-10,59.54000092,59.99000168,59.38000107,59.72000122,57.06608582,12097200
2024-07-11,59.40000153,60.70999908,59.27999878,60.15999985,57.48653412,16852800
2024-07-12,56.20000076,56.91999817,55.59999847,56.54000092,54.02740479,53042800
2024-07-15,57.04999924,58.24000168,57.04000092,57.72999954,55.16452026,27277300
2024-07-16,58.04000092,60.61999893,57.52999878,60.24000168,57.56298065,25577300
2024-07-17,60.15999985,61.0,59.88999939,60.90999985,58.20320511,17371100
2024-07-18,60.61999893,60.81999969,58.99000168,59.24000168,56.60741806,17739000
2024-07-19,59.29999924,59.77000046,59.11000061,59.22999954,56.59786224,12362800
2024-07-22,59.25999832,59.38999939,58.54000092,59.13999939,56.51185989,13638600
2024-07-23,59.20000076,59.90999985,59.04000092,59.66999817,57.01831055,10927800
2024-07-24,59.77000046,60.20999908,59.36999893,59.43999863,56.79852676,10777100
2024-07-25,59.56000137,60.72999954,59.45000076,59.70000076,57.04698181,14119600
2024-07-26,59.84999847,60.45000076,59.56999969,60.38999939,57.70630646,12538900
2024-07-29,60.74000168,60.83000183,59.34999847,59.59000015,56.94186783,8986200
2024-07-30,60.45999908,60.72999954,59.88999939,60.00999832,57.34318924,11503900
2024-07-31,59.81999969,60.11999893,59.20000076,59.34000015,56.70297241,11535800
2024-08-01,59.25999832,59.34000015,56.52000046,56.88000107,54.35229492,17752700
2024-08-02,55.18000031,55.56999969,52.79999924,53.25999832,50.89315796,27642600
2024-08-05,51.29999924,52.40000153,50.15000153,52.11999893,49.80382156,28594000
2024-08-06,52.27999878,52.95999908,52.04999924,52.36000061,50.03315735,18723500
2024-08-07,53.15000153,53.49000168,52.15000153,52.29000092,49.96627045,18407500
2024-08-08,52.97000122,53.31999969,52.65000153,52.75999832,50.41538239,16176000
2024-08-09,52.29999924,52.83000183,52.06999969,52.75999832,50.80052185,11669000
2024-08-12,52.90999985,53.47000122,51.68000031,52.06000137,50.12651825,18090100
2024-08-13,52.36000061,52.95999908,51.81000137,52.86999893,50.90643692,12268600
2024-08-14,53.02999878,53.77999878,52.72000122,53.65999985,51.66710281,13217200
2024-08-15,54.5,55.16999817,54.43000031,54.56999969,52.54330444,16549400
2024-08-16,54.77999878,55.43000031,54.61000061,55.33000183,53.27507782,19173900
2024-08-19,55.34999847,56.45999908,55.25999832,56.45000076,54.35347748,12792900
2024-08-20,56.02999878,56.72000122,55.91999817,56.15000153,54.0646286,12533500
2024-08-21,56.43999863,56.45000076,55.20000076,55.45999908,53.40024567,13691700
2024-08-22,55.70000076,56.36999893,55.65999985,55.95999908,53.88167572,15683000
2024-08-23,56.41999817,57.40000153,56.31999969,56.70000076,54.59419632,17074400
2024-08-26,57.02000046,57.15000153,56.54000092,56.72000122,54.61345291,9478800
2024-08-27,56.70999908,56.91999817,56.15999985,56.25999832,54.17053986,7638500
2024-08-28,56.06000137,57.36000061,56.02999878,57.06999969,54.9504509,11905200
2024-08-29,57.31000137,57.77000046,56.50999832,57.34999847,55.22005081,9283300
2024-08-30,57.45000076,58.58000183,57.38000107,58.47000122,56.29846573,20377300
2024-09-03,58.61999893,58.95000076,57.90000153,58.36999893,56.20217133,15933600
2024-09-04,58.49000168,59.0,57.72000122,58.11999893,55.9614563,10985800
2024-09-05,58.61999893,58.68000031,56.54000092,56.86000061,54.74825287,18301000
2024-09-06,56.68000031,56.77999878,53.68999863,54.0,51.9944725,21853800
2024-09-09,54.72999954,55.08000183,54.43000031,54.59000015,52.56256485,17134800
2024-09-10,56.0,56.09999847,53.38000107,53.95000076,51.94632721,24650000
2024-09-11,53.72000122,53.86000061,52.43000031,53.72999954,51.73449707,17322000
2024-09-12,53.72999954,54.34000015,50.22000122,51.56999969,49.65472031,42594200
2024-09-13,51.86000061,53.04000092,51.75,52.77999878,50.81977844,24762000
2024-09-16,52.81000137,53.93000031,52.81000137,53.79000092,51.79227448,18066200
2024-09-17,53.97000122,55.06999969,53.97000122,54.50999832,52.48553085,15885200
2024-09-18,54.45999908,55.18999863,54.09999847,54.25999832,52.24481201,20109000
2024-09-19,55.00999832,56.00999832,54.65000153,55.79999924,53.72762299,21399000
2024-09-20,55.34999847,56.29000092,54.88000107,56.29000092,54.19942474,45276000
2024-09-23,56.25999832,56.52000046,54.90000153,55.11000061,53.0632515,14759300
2024-09-24,55.11999893,55.18999863,53.79000092,54.15999985,52.14852524,16365600
2024-09-25,54.27999878,54.33000183,53.40999985,53.61000061,51.61895752,10555700
2024-09-26,54.04000092,57.11000061,53.31999969,56.38999939,54.29571152,34463400
2024-09-27,56.61999893,56.61999893,55.79999924,55.90000153,53.82390594,13530400
2024-09-30,55.65999985,56.52000046,55.47999954,56.49000168,54.39199829,16284200
2024-10-01,56.0,56.02999878,55.20000076,55.38999939,53.33285141,11069400
2024-10-02,55.33000183,55.81000137,54.91999817,55.29999924,53.24618912,9007200
2024-10-03,55.08000183,55.20999908,54.40999985,54.97999954,52.93807602,8135300
2024-10-04,55.99000168,57.13000107,55.97999954,56.95999908,54.84453583,14582800
2024-10-07,57.22999954,57.63000107,56.79999924,57.15999985,55.03711319,11177800
2024-10-08,58.27999878,58.27999878,57.27000046,57.29999924,55.17191315,12073000
2024-10-09,57.31999969,57.72999954,57.06999969,57.54000092,55.40299606,12415300
2024-10-10,57.72000122,58.38999939,57.34999847,57.75,55.60520172,12744000
2024-10-11,59.95999908,61.72000122,59.91999817,60.99000168,58.72486496,37049200
2024-10-14,61.27000046,63.34999847,60.93999863,62.15999985,59.85141373,30758800
2024-10-15,62.90999985,63.81999969,62.22999954,63.02999878,60.68909836,24693400
2024-10-16,63.24000168,64.08000183,63.11999893,63.88999939,61.51716232,17412600
2024-10-17,64.48999786,64.72000122,63.5,64.37999725,61.98896408,15073500
2024-10-18,64.41000366,64.77999878,63.83000183,64.36000061,61.96971512,19234000
2024-10-21,64.48000336,64.69000244,63.91999817,64.01999664,61.64233398,15603400
2024-10-22,64.01999664,65.20999908,64.0,64.80999756,62.40298843,26164900
2024-10-23,64.76999664,65.05000305,63.86000061,64.55999756,62.16227722,18380900
2024-10-24,64.61000061,65.56999969,64.33000183,65.43000031,62.99997711,18393300
2024-10-25,65.84999847,65.94999695,64.25,64.52999878,62.13338852,14855500
2024-10-28,65.0,65.75,64.80999756,65.61000061,63.17329025,16158900
2024-10-29,65.48999786,66.0,65.23999786,65.30000305,62.87479782,13205500
2024-10-30,65.12999725,66.40000153,65.12999725,65.41000366,62.98071289,16021700
2024-10-31,65.09999847,65.75,64.62999725,64.91999817,62.50891113,12963200
2024-11-01,65.22000122,65.58000183,64.62000275,64.68000031,62.27781677,13313900
2024-11-04,64.55999756,64.65000153,63.04999924,63.70000076,61.33422089,12607400
2024-11-05,64.0,64.5,63.61999893,64.06999969,61.69047546,13447200
2024-11-06,73.30000305,74.26999664,69.94999695,72.47000122,69.77851105,63689100
2024-11-07,71.63999939,71.66999817,69.73999786,69.81999969,67.22692108,18681200
2024-11-08,70.01000214,70.12999725,69.36000061,70.04000092,67.82733917,14270900
2024-11-11,71.01999664,73.25,71.01999664,72.55999756,70.26772308,17117800
2024-11-12,72.77999878,73.37000275,72.11000061,72.59999847,70.30646515,17848200
2024-11-13,72.75,73.95999908,72.66000366,72.76999664,70.47109222,18823000
2024-11-14,72.84999847,73.47000122,72.51000214,72.80000305,70.50015259,13654800
2024-11-15,73.0,74.41000366,72.88999939,74.33999634,71.99149323,18837000
2024-11-18,74.5,74.69999695,73.72000122,74.08999634,71.74938965,18439600
2024-11-19,73.62000275,74.16000366,73.12999725,73.43000031,71.11025238,15412900
2024-11-20,73.66999817,73.77999878,72.43000031,73.58000183,71.25550842,14415400
2024-11-21,73.94000244,76.04000092,73.94000244,74.83000183,72.46601868,20068200
2024-11-22,74.56999969,76.08000183,74.55000305,75.95999908,73.56031799,14997400
2024-11-25,76.19999695,77.30999756,75.97000122,76.90000153,74.4706192,28636600
2024-11-26,77.5,78.12999725,76.36000061,77.34999847,74.90640259,19139100
2024-11-27,77.37000275,77.79000092,76.43000031,77.20999908,74.77082825,19793900
2024-11-29,77.69000244,78.04000092,76.13999939,76.16999817,73.76369476,9785000
2024-12-02,76.94999695,76.94999695,74.80000305,75.27999878,72.90180206,18274500
2024-12-03,75.80999756,75.84999847,74.01999664,74.13999939,71.79781342,15047900
2024-12-04,74.05000305,74.25,72.70999908,73.05999756,70.75193024,14301100
2024-12-05,73.40000153,74.61000061,73.09999847,73.66000366,71.33297729,17766700
2024-12-06,73.98999786,74.72000122,73.73000336,74.33000183,71.98181152,14798100
2024-12-09,74.30999756,74.55000305,72.41999817,72.62000275,70.32584381,15517500
2024-12-10,73.5,73.5,71.90000153,72.05000305,69.77384186,12277100
2024-12-11,72.58999634,72.91999817,71.44999695,71.59999847,69.33805847,11867400
2024-12-12,71.87999725,72.05999756,70.79000092,70.80000305,68.5633316,12446700
2024-12-13,70.84999847,71.05000305,70.01999664,70.44000244,68.21470642,16794500
2024-12-16,70.47000122,72.29000092,69.81999969,71.98000336,69.70606232,24602500
2024-12-17,71.05000305,71.54000092,70.37999725,70.80999756,68.57302094,15595900
2024-12-18,70.61000061,71.5,68.61000061,68.76000214,66.58776855,21201200
2024-12-19,69.40000153,70.69000244,68.66999817,68.84999847,66.67493439,16444600
2024-12-20,69.16999817,71.04000092,68.76999664,70.33999634,68.11785889,50113400
2024-12-23,69.72000122,70.69000244,69.62000275,70.54000092,68.3115387,11817000
2024-12-24,70.66999817,71.58999634,70.54000092,71.58999634,69.32836914,4442700
2024-12-26,71.43000031,71.83999634,71.11000061,71.76000214,69.49300385,6964300
2024-12-27,71.18000031,71.73999786,70.62999725,71.11000061,68.86354828,7219500
2024-12-30,70.41000366,70.80000305,69.76999664,70.41000366,68.18564606,8443800
2024-12-31,70.52999878,70.91999817,70.05999756,70.23999786,68.02101135,7031500
2025-01-02,70.48000336,71.20999908,69.76000214,70.19000244,67.97259521,8303300
2025-01-03,70.34999847,71.41999817,69.73999786,71.30999756,69.05721283,9152800
2025-01-06,71.93000031,73.25,71.52999878,72.02999878,69.75447083,15565600
2025-01-07,72.97000122,73.12999725,71.51000214,71.58999634,69.32836914,13522000
2025-01-08,71.51000214,72.08000183,71.05999756,71.56999969,69.30900574,16544700
2025-01-10,70.90000153,70.93000031,69.33999634,69.95999908,67.74986267,14466600
2025-01-13,69.90000153,70.61000061,69.55999756,70.52999878,68.30185699,10439800
2025-01-14,71.45999908,71.45999908,70.29000092,71.19000244,68.94102478,21909800
2025-01-15,75.36000061,76.81999969,73.65000153,75.94999695,73.55063629,33482900
2025-01-16,75.84999847,76.44000244,74.69000244,75.94999695,73.55063629,22897900
2025-01-17,75.98000336,77.25,75.5,77.08000183,74.64494324,20673700
2025-01-21,77.69000244,78.29000092,77.33000183,77.84999847,75.39060974,21057700
2025-01-22,77.56999969,77.80999756,76.86000061,77.54000092,75.09040833,11669500
2025-01-23,77.70999908,78.30000305,77.02999878,77.43000031,74.98387909,12981800
2025-01-24,77.0,77.65000153,77.0,77.31999969,74.87734985,10393200
2025-01-27,77.40000153,78.04000092,76.88999939,77.94000244,75.47776794,10637100
2025-01-28,77.87000275,78.15000153,77.16999817,77.87999725,75.41965485,11562000
2025-01-29,77.75,78.98000336,77.61000061,78.37000275,75.89418793,9175400
2025-01-30,79.15000153,79.23999786,78.08000183,78.81999969,76.32996368,11276000
2025-01-31,78.69000244,79.29000092,78.30999756,78.80000305,76.31060791,14980600
2025-02-03,77.23000336,78.51000214,77.01999664,78.13999939,75.67145538,12395200
2025-02-04,79.83999634,79.84999847,78.44000244,79.47000122,76.95943451,14665200
2025-02-05,79.66000366,80.34999847,79.18000031,80.05000305,77.52111816,17931000
2025-02-06,80.5,81.5,79.91000366,81.41999817,78.84783173,16988900
2025-02-07,81.26999664,81.30000305,79.08999634,80.66999817,78.50720215,17951400
2025-02-10,80.45999908,80.56999969,78.25,79.09999847,76.97929382,18357400
2025-02-11,78.76999664,79.97000122,77.80999756,79.63999939,77.50482178,16682800
2025-02-12,79.19999695,79.72000122,78.83000183,79.25,77.12528229,13440500
2025-02-13,79.43000031,79.66000366,78.61000061,78.84999847,76.73600769,10093400
2025-02-14,79.23000336,80.33999634,78.88999939,79.98000336,77.83570862,17521300
2025-02-18,79.98999786,80.94999695,79.48999786,80.77999878,78.61425781,15318300
2025-02-19,80.31999969,80.65000153,79.97000122,80.34999847,78.19578552,13917400
2025-02-20,80.11000061,80.27999878,78.01999664,78.62999725,76.52190399,14807100
2025-02-21,78.91000366,79.44999695,77.33000183,77.5,75.42221069,18205400
2025-02-24,77.97000122,78.51999664,76.41000366,77.22000122,75.14971161,12989700
2025-02-25,77.87000275,78.04000092,74.93000031,76.0,73.9624176,15683000
2025-02-26,76.34999847,77.76999664,76.26999664,76.44999695,74.40035248,13466800
2025-02-27,76.98999786,77.91999817,76.37999725,76.62000275,74.56580353,13744400
2025-02-28,77.04000092,78.41999817,76.58999634,78.31999969,76.22022247,24698800
2025-03-03,78.86000061,78.98000336,76.31999969,77.02999878,74.96479797,18013400
2025-03-04,75.47000122,75.65000153,71.33999634,73.30000305,71.33480835,28858200
2025-03-05,73.20999908,74.62999725,72.44000244,74.16000366,72.17176056,20422000
2025-03-06,73.79000092,73.88999939,71.62999725,72.65000153,70.70223999,19460400
2025-03-07,72.25,72.25,68.09999847,71.05000305,69.1451416,21256900
2025-03-10,69.55000305,69.55000305,65.51999664,66.77999878,64.98960876,27582900
2025-03-11,66.83000183,68.01000214,65.79000092,67.27999878,65.47620392,24310700
2025-03-12,68.80000305,69.48999786,67.69999695,68.93000031,67.08197021,18462300
2025-03-13,69.62999725,69.72000122,68.30999756,68.45999908,66.6245575,17471500
2025-03-14,69.45999908,71.06999969,69.25,70.84999847,68.95049286,15762300
2025-03-17,70.47000122,71.55999756,70.08000183,70.83999634,68.94076538,11185000
2025-03-18,71.01000214,71.48000336,70.38999939,71.11000061,69.20352936,11102100
2025-03-19,71.13999939,73.83000183,70.83000183,72.76000214,70.8092804,14453200
2025-03-20,71.83999634,73.37000275,71.77999878,72.51999664,70.57571411,12388300
2025-03-21,71.95999908,72.77999878,71.15000153,72.51999664,70.57571411,32647100
2025-03-24,73.63999939,74.52999878,73.33999634,74.27999878,72.28852844,10688900
2025-03-25,74.47000122,74.66000366,73.83000183,74.23999786,72.24960327,9499100
2025-03-26,74.38999939,75.37999725,73.12000275,73.47000122,71.50025177,10848100
2025-03-27,73.56999969,73.56999969,72.22000122,72.27999878,70.34214783,10457600
2025-03-28,72.26999664,72.55000305,69.94999695,70.69000244,68.79478455,13555200
2025-03-31,69.90000153,72.06999969,69.55999756,71.79000092,69.86528778,14855300
2025-04-01,70.83999634,71.62999725,70.11000061,71.30999756,69.39815521,10661000
2025-04-02,70.55999756,72.47000122,70.22000122,72.26000214,70.32269287,8854100
2025-04-03,67.77999878,68.72000122,65.41000366,65.66999817,63.90936661,25880300
2025-04-04,62.75,63.56999969,59.70999908,60.97999954,59.34511185,31050800
2025-04-07,60.68999863,64.33000183,58.41999817,62.16999817,60.50320053,41305800
2025-04-08,64.69000244,65.62999725,60.88000107,62.08000183,60.4156189,27374200
2025-04-09,60.63999939,67.19000244,59.43000031,66.33000183,64.55167389,42744800
2025-04-10,64.94999695,65.0,61.49000168,63.11000061,61.41800308,29026000
2025-04-11,61.54000092,63.61999893,59.65000153,62.50999832,60.83408737,33867000
2025-04-14,63.15999985,64.01000214,62.40000153,63.09999847,61.40826797,28057800
2025-04-15,63.43999863,65.41999817,63.29999924,64.54000092,62.80966187,20903300
2025-04-16,63.88999939,64.98000336,63.36999893,63.97999954,62.26467514,17351000
2025-04-17,64.37999725,65.70999908,64.06999969,64.70999908,62.9751091,18961800
2025-04-21,64.19999695,65.16000366,63.40000153,64.01000214,62.29387283,17859100
2025-04-22,64.70999908,66.41000366,64.70999908,66.23000336,64.45436859,17536600
2025-04-23,67.44000244,69.5,67.44000244,67.94000244,66.11851501,20678800
2025-04-24,67.69999695,69.84999847,67.5,69.55999756,67.69506836,18420900
2025-04-25,69.06999969,70.19000244,69.0,69.73000336,67.86051941,17775900
2025-04-28,69.80999756,70.55999756,68.66999817,69.43000031,67.56855774,16694100
2025-04-29,68.94999695,71.33999634,68.94999695,71.09999847,69.19378662,24563600
2025-04-30,69.66999817,71.41000366,69.33000183,71.01000214,69.10620117,23953000
2025-05-01,70.76000214,72.47000122,70.43000031,71.80999756,69.88475037,19672500
2025-05-02,73.0,74.16000366,72.87000275,73.80000305,71.8214035,18347400
2025-05-05,73.34999847,74.88999939,73.04000092,73.84999847,71.87005615,16070400
2025-05-06,73.13999939,74.19000244,72.55999756,73.48000336,71.50998688,18095100
2025-05-07,73.59999847,74.30000305,72.98000336,73.18000031,71.21802521,14310300
2025-05-08,73.69000244,73.98999786,72.62999725,73.30999756,71.34453583,19957500
2025-05-09,73.13999939,73.23999786,72.02999878,72.44999695,70.89440918,11136900
2025-05-12,74.98999786,75.25,74.06999969,74.87999725,73.27223206,20425500
2025-05-13,75.44000244,76.58000183,74.97000122,75.98999786,74.35840607,13635100
2025-05-14,76.23999786,76.48999786,75.83000183,76.27999878,74.64217377,14067100
2025-05-15,76.05999756,76.51999664,75.31999969,75.58999634,73.96698761,15303900
2025-05-16,75.55999756,76.34999847,75.37000275,76.18000031,74.54432678,13864600
2025-05-19,75.59999847,76.41000366,75.43000031,76.05999756,74.42690277,12720500
2025-05-20,75.48000336,75.87000275,75.06999969,75.51999664,73.89849091,10655600
2025-05-21,74.94000244,75.12999725,73.08999634,73.19000244,71.61853027,17711300
2025-05-22,73.13999939,73.88999939,72.48000336,73.38999939,71.81423187,9717000
2025-05-23,71.90000153,73.19000244,71.90000153,72.83000183,71.26625824,9260900
2025-05-27,73.61000061,74.08999634,73.05000305,73.98999786,72.4013443,11014100
2025-05-28,74.19999695,74.36000061,73.33000183,73.73000336,72.14693451,8711100
2025-05-29,74.41000366,75.08000183,73.33000183,74.51000214,72.91018677,14016600
2025-05-30,74.19999695,74.80000305,73.73000336,74.77999878,73.17438507,17042000
2025-06-02,74.26000214,74.75,73.26999664,74.72000122,73.11567688,11237500
2025-06-03,74.72000122,75.83000183,74.37000275,75.65000153,74.02570343,13193500
2025-06-04,77.69999695,78.80000305,75.37999725,75.37999725,73.7614975,29578000
2025-06-05,75.61000061,75.76000214,74.18000031,74.90000153,73.29180908,20138400
2025-06-06,76.15000153,76.76000214,75.83000183,76.33000183,74.6911087,10988000
2025-06-09,76.55000305,76.69999695,75.93000031,76.45999908,74.81832123,13453200
2025-06-10,76.16000366,76.34999847,75.12999725,75.44999695,73.83000183,14892900
2025-06-11,75.54000092,75.72000122,74.56999969,74.93000031,73.32116699,16442400
2025-06-12,74.33000183,74.51999664,73.16999817,74.01000214,72.42092133,14522500
2025-06-13,72.91999817,73.79000092,71.93000031,72.36000061,70.80635071,21168300
2025-06-16,73.40000153,73.72000122,72.93000031,73.15000153,71.57939148,16231500
2025-06-17,72.77999878,73.20999908,72.30000305,72.5,70.94333649,14156800
2025-06-18,72.65000153,75.13999939,72.56999969,74.73999786,73.13524628,23498300
2025-06-20,75.23999786,75.77999878,75.06999969,75.40000153,73.78108215,27677500
2025-06-23,75.12999725,77.02999878,74.81999969,77.01000214,75.35650635,17375700
2025-06-24,77.72000122,78.75,77.72000122,78.11000061,76.43289185,16342300
2025-06-25,78.27999878,79.30999756,77.98999786,79.06999969,77.37228394,13954500
2025-06-26,79.44000244,80.09999847,79.19000244,79.95999908,78.24316406,18214800
2025-06-27,80.0,80.15000153,78.95999908,79.5,77.79303741,21324200
2025-06-30,80.48000336,81.09999847,79.91000366,80.12000275,78.3997345,21685800
2025-07-01,80.05000305,81.51000214,79.91000366,81.48999786,79.7403183,20967100
2025-07-02,81.91999817,82.40000153,81.25,82.36000061,80.59163666,15195100
2025-07-03,82.63999939,83.94999695,82.5,83.59999847,81.80500793,11237300
2025-07-07,82.97000122,83.58999634,81.5,82.33999634,80.57205963,18156000
2025-07-08,82.30000305,82.41999817,81.02999878,81.58999634,79.83816528,18303400
2025-07-09,82.43000031,82.51999664,81.45999908,81.79000092,80.03387451,16135400
2025-07-10,81.61000061,82.73999786,81.61000061,82.36000061,80.59163666,14348100
2025-07-11,81.75,82.68000031,81.43000031,82.55000305,80.77755737,12583100
2025-07-14,82.19999695,83.51999664,82.12000275,83.43000031,81.63866425,20194200
2025-07-15,80.75,81.08000183,77.72000122,78.86000061,77.16677856,53938000
2025-07-16,78.88999939,80.08000183,78.20999908,79.91000366,78.19424438,30567500
2025-07-17,79.45999908,80.65000153,79.09999847,79.70999908,77.99853516,21837600
2025-07-18,79.84999847,80.76999664,78.87999725,80.63999939,78.90856171,21236000
2025-07-21,80.75,81.45999908,80.16999817,80.27999878,78.55628967,14506600
2025-07-22,80.27999878,82.58999634,80.27999878,82.37999725,80.61120605,22437000
2025-07-23,83.0,83.93000031,82.61000061,83.69999695,81.90286255,19379200
2025-07-24,83.83999634,84.83000183,83.12000275,83.87000275,82.06921387,19031200
2025-07-25,84.12000275,84.45999908,83.23000336,84.31999969,82.509552,14072400
2025-07-28,84.31999969,84.5,82.70999908,83.06999969,81.28639221,10627100
2025-07-29,83.62999725,83.69999695,82.19999695,82.65000153,80.87541199,12478200
2025-07-30,82.98999786,83.08999634,81.30999756,81.77999878,80.024086,15579100
2025-07-31,81.34999847,81.93000031,80.33000183,80.62999725,78.89878082,14813900
2025-08-01,79.19000244,79.34999847,77.40000153,77.77999878,76.10997009,16071300
2025-08-04,78.51999664,78.52999878,76.91000366,77.58000183,75.91427612,13892100
2025-08-05,78.33999634,78.34999847,76.16000366,77.95999908,76.28610229,15765100
2025-08-06,77.91000366,78.81999969,77.55999756,77.61000061,75.9436264,14157000
2025-08-07,78.27999878,78.30000305,76.77999878,77.05000305,75.39564514,13105600
2025-08-08,77.11000061,78.18000031,76.34999847,77.84999847,76.62599182,14123000
2025-08-11,78.01000214,78.08999634,77.23000336,77.58999634,76.37007141,14408100
2025-08-12,78.22000122,79.55999756,78.15000153,79.48000336,78.23036957,14365200
2025-08-13,79.68000031,79.72000122,77.09999847,77.88999939,76.66536713,14415100
2025-08-14,78.27999878,79.58000183,77.70999908,79.41000366,78.16147614,16051500
2025-08-15,79.54000092,79.65000153,77.01000214,77.09999847,75.88778687,15380400
2025-08-18,76.98999786,77.59999847,76.91000366,77.44000244,76.22244263,11660900
2025-08-19,77.16000366,77.76999664,77.02999878,77.52999878,76.3110199,10118500
2025-08-20,77.47000122,78.48000336,76.58999634,78.16000366,76.93112183,12101900
2025-08-21,77.87999725,78.06999969,77.08000183,77.83000183,76.60630798,9102700
2025-08-22,78.33999634,79.30999756,78.12999725,79.09999847,77.85633087,11282600
2025-08-25,78.87999725,80.5,78.87000275,80.19000244,78.92919922,12017000
2025-08-26,79.81999969,81.62999725,79.77999878,81.51000214,80.22845459,14936600
2025-08-27,81.26000214,83.20999908,81.23999786,82.5,81.20288086,15567700
2025-08-28,82.87999725,83.12999725,81.91999817,81.98000336,80.69106293,13963200
2025-08-29,81.97000122,82.80999756,81.80000305,82.18000031,80.88791656,12041200
2025-09-02,81.70999908,81.81999969,80.44000244,81.77999878,80.49420166,13326000
2025-09-03,81.73000336,82.01000214,80.01999664,80.51000214,79.24417114,11174000
2025-09-04,80.75,82.12999725,80.22000122,81.83000183,80.54341888,10822300
2025-09-05,81.63999939,82.01999664,78.69999695,78.95999908,77.71854401,20661400
2025-09-08,78.98999786,79.79000092,78.55999756,79.13999939,77.89571381,17107000
2025-09-09,79.30999756,81.45999908,79.0,80.76000214,79.490242,17157300
2025-09-10,80.66000366,81.23999786,79.91000366,80.30000305,79.03746796,16460200
2025-09-11,80.19999695,81.38999939,79.77999878,81.25,79.97253418,17785800
2025-09-12,81.09999847,81.63999939,80.79000092,81.45999908,80.17922974,10498300
2025-09-15,81.61000061,81.81999969,81.12999725,81.41000366,80.13002777,9563200
2025-09-16,81.55999756,81.61000061,80.08000183,81.38999939,80.11032867,10705900
2025-09-17,81.22000122,82.72000122,80.54000092,82.48000336,81.18319702,14746100
2025-09-18,82.56999969,83.51999664,81.94000244,83.5,82.18716431,13021100
2025-09-19,83.83000183,84.93000031,82.93000031,84.63999939,83.30923462,36482400
2025-09-22,83.87999725,85.27999878,83.73999786,85.16000366,83.82106781,14545000
2025-09-23,85.15000153,86.66000366,83.66999817,84.37000275,83.04347992,14818500
2025-09-24,84.65000153,85.37000275,83.66000366,84.11000061,82.78757477,9478700
2025-09-25,83.69000244,84.66000366,83.55999756,84.31999969,82.99427032,8514900
2025-09-26,84.69000244,85.63999939,84.55999756,85.01000214,83.67342377,8502600
2025-09-29,84.69999695,85.19000244,84.04000092,84.65000153,83.31907654,9833700
2025-09-30,84.66000366,85.12000275,82.66000366,83.81999969,82.50212097,11429000
2025-10-01,83.09999847,83.59999847,80.76999664,80.87000275,79.59851837,16961900
2025-10-02,80.69999695,81.05000305,80.04000092,80.5,79.23432922,11420000
2025-10-03,81.01999664,81.69000244,80.44000244,80.66999817,79.40164948,10124900
2025-10-06,80.55999756,81.45999908,79.56999969,80.69000244,79.42134094,12837700
2025-10-07,80.87000275,81.36000061,80.54000092,81.13999939,79.86426544,10371300
2025-10-08,81.26000214,81.33000183,79.54000092,79.73000336,78.47644043,11277400
2025-10-09,79.91000366,80.75,79.41999817,79.88999939,78.63392639,8432200
2025-10-10,79.61000061,80.44000244,77.62000275,77.62000275,76.39961243,16004300
2025-10-13,78.73999786,79.23000336,78.27999878,78.91999817,77.67916107,14229300
2025-10-14,82.51999664,86.05999756,80.38999939,84.55999756,83.23049164,36260600
2025-10-15,85.16999817,87.47000122,85.16000366,86.45999908,85.10062408,22909400
2025-10-16,86.98999786,87.43000031,83.0,84.0,82.6792984,22715600
2025-10-17,84.44999695,84.52999878,82.30999756,83.27999878,81.9706192,18799000
2025-10-20,83.62000275,86.13999939,83.08999634,86.01999664,84.66753387,15777200
2025-10-21,86.12000275,87.30999756,84.66000366,84.76000214,83.42735291,20101100
2025-10-22,85.15000153,85.16000366,83.13999939,83.87999725,82.56118011,18955000
2025-10-23,84.30999756,85.48000336,83.75,84.45999908,83.13206482,14157800
2025-10-24,84.80000305,86.87999725,84.76000214,86.41000366,85.05141449,14011400
2025-10-27,86.90000153,87.33999634,86.30999756,87.01000214,85.6419754,11682000
2025-10-28,87.05999756,87.30000305,85.77999878,86.90000153,85.53369904,13201000
2025-10-29,86.81999969,87.23999786,85.66999817,86.0,84.64785004,16444400
2025-10-30,86.08000183,87.26000214,85.87999725,85.98999786,84.63801575,14830000
2025-10-31,85.48000336,87.34999847,85.01000214,86.97000122,85.60260773,14776700
2025-11-03,87.13999939,87.88999939,85.84999847,87.30000305,85.92741394,12769300
2025-11-04,87.0,88.5,85.87999725,87.12999725,85.76008606,16737700
2025-11-05,87.37999725,88.30000305,85.91000366,86.94999695,85.58290863,15609400
2025-11-06,86.90000153,87.33999634,85.51999664,86.04000092,84.68723297,16800200
2025-11-07,85.11000061,86.08999634,84.04000092,86.04000092,85.13247681,15612100
2025-11-10,86.29000092,87.0,85.44999695,86.09999847,85.19184875,13138200
2025-11-11,86.11000061,87.05999756,86.05000305,86.19000244,85.28089905,13851500
2025-11-12,86.30999756,88.63999939,85.94000244,86.26000214,85.35015869,16775200
2025-11-13,86.16000366,86.88999939,84.47000122,84.69999695,83.80661011,15708000
2025-11-14,84.44999695,85.34999847,82.95999908,85.05000305,84.15292358,15397300
2025-11-17,84.69000244,85.05000305,82.54000092,83.41999817,82.54011536,14457100
2025-11-18,83.41999817,84.76000214,82.93000031,83.86000061,82.9754715,14233900
2025-11-19,83.98000336,84.81999969,83.61000061,84.16000366,83.27230835,10959600
2025-11-20,85.05999756,86.04000092,82.31999969,82.40000153,81.53087616,12135800
2025-11-21,82.76999664,83.62999725,81.05000305,83.11000061,82.23338318,16169500
2025-11-24,83.08999634,85.08999634,82.41000366,84.66000366,83.76703644,27574500
2025-11-25,84.52999878,85.54000092,83.61000061,85.09999847,84.20239258,12966400
2025-11-26,85.41999817,86.38999939,85.12999725,85.55999756,84.65753937,9304300
2025-11-28,85.63999939,86.51999664,85.30999756,85.84999847,84.9444809,6545000
2025-12-01,85.83000183,86.55999756,85.16999817,85.40000153,84.49923706,9794000
2025-12-02,85.69000244,86.79000092,85.27999878,86.31999969,85.40952301,9484000
2025-12-03,86.26000214,89.38999939,86.26000214,89.34999847,88.40756226,14439300
2025-12-04,89.40000153,90.62999725,89.31999969,90.20999908,89.25849152,13433000
2025-12-05,89.98999786,91.11000061,89.55000305,89.83000183,88.88250732,11210900
2025-12-08,89.83000183,91.01999664,89.15000153,90.05999756,89.11006927,13267300
2025-12-09,90.23999786,90.25,88.77999878,88.88999939,87.95241547,17101700
2025-12-10,88.94000244,90.87000275,88.19000244,90.69000244,89.73342896,22729100
2025-12-11,90.54000092,93.41999817,90.22000122,92.58999634,91.61338043,15505100
2025-12-12,93.12000275,93.41999817,92.12000275,92.76000214,91.78159332,12532800
2025-12-15,93.58000183,94.26000214,92.48999786,92.90000153,91.92012787,13885200
2025-12-16,93.08000183,93.16999817,91.43000031,92.19000244,91.21761322,12981100
2025-12-17,92.76000214,93.33000183,92.47000122,92.58999634,91.61338043,14819000
2025-12-18,93.02999878,93.88999939,91.29000092,91.48000336,90.51509857,11844100
2025-12-19,91.61000061,93.12999725,91.59999847,93.01000214,92.02896118,37783900
2025-12-22,93.19999695,94.38999939,93.05000305,94.27999878,93.28556061,9512300
2025-12-23,94.23999786,94.68000031,94.02999878,94.47000122,93.47356415,8642100
2025-12-24,94.65000153,95.84999847,94.47000122,95.30000305,94.29480743,5506800
2025-12-26,95.36000061,95.47000122,94.72000122,95.26000214,94.25523376,5169400
2025-12-29,95.36000061,95.61000061,94.37000275,94.51999664,93.52302551,8624200
2025-12-30,94.73000336,94.87999725,93.98999786,94.30999756,93.31524658,6417800
2025-12-31,94.5,94.68000031,93.12000275,93.19999695,92.21694946,7919300
